Clutch_ID,Nest_ID,Burrow_ID,Mother_ID,Location,Collection_date,Location_InNest,Egg_mass,Egg_diameter,Status,Tortoise_ID,Date_Pip,Date_Emerge,Date_Functional,ExpDay_measure1,Measure_1_Date,Mass_1,Carapace_1,Plastron_1,Notch,Tank.x,Measure_2_Date,Mass_2,Measure_3,Mass_3,Measure_4,Mass_4,Measure_5,Mass_5,Measure_6,Mass_6,Measure_7,Mass_7,Measure_8,Mass_8,Measure_9,Mass_9,Measure_10,Mass_10,Max.allowed.blood.volume..uL.,Measure_11,Mass_11,Carapace_10,Plastron_10,Measure_12,Mass_12,Carapace_12,Plastron_12,Measure_13,Mass_13,Measure_14,Mass_14,Carapace_14,Plastron_14,Measure_15,Mass_15,Carapace_15,Plastron_15,Measure_16,Mass_16,Carapace_16,Plastron_16,Measure_17,Mass_17,Carapace_17,Plastron_17,Measure_18,Mass_18,Carapace_18,Plastron_18,Measure_19,Mass_19,Carapace_19,Plastron_19,ExpDay_measure10,DaysBTW1.10,Mass_m10.m1,Growth_rate1.10,ExpDay_measure13,DaysBTW1.13,Mass_m13.m1,Growth_rate1.13,Rack,Tank.y,Total_bleed_time,Glucose,Date,Tortoise_Mass,treatment,timepoint
2.2,GT2023_N02,414,unk,GWA,8/14/2023,Middle,42.07,43.4,Hatched,GT2023_N02.02,8/16/2023,8/16/2023,8/19/2023,6,8/19/2023,33.14,47.4,48.4,304,3,8/28/2023,34.13,9/4/2023,37.18,9/11/2023,37.18,9/18/2023,44.77,9/25/2023,44.82,10/13/2023,51.57,10/27/2023,55.12,11/10/2023,58.75,11/24/2023,66.11,551.2,12/10/2023,75.38,64.2,61.9,12/21/2023,79.3,67.7,65.4,1/7/2024,74.4,1/20/2024,73.8,67,65.3,2/27/2024,74.4,68.2,65.2,3/17/2024,84.8,70.6,67.3,4/14/2024,106.5,75.7,74,5/16/2024,128.9,75.7,74.7,6/16/2024,156.1,85.4,84.9,103,97,32.97,0.339896907,147,141,41.26,0.292624113,1,3,12:10,110,11/5/2023,NA,Cold Dormancy,Pre-Hibernation
2.2,GT2023_N02,414,unk,GWA,8/14/2023,Middle,42.07,43.4,Hatched,GT2023_N02.02,8/16/2023,8/16/2023,8/19/2023,6,8/19/2023,33.14,47.4,48.4,304,3,8/28/2023,34.13,9/4/2023,37.18,9/11/2023,37.18,9/18/2023,44.77,9/25/2023,44.82,10/13/2023,51.57,10/27/2023,55.12,11/10/2023,58.75,11/24/2023,66.11,551.2,12/10/2023,75.38,64.2,61.9,12/21/2023,79.3,67.7,65.4,1/7/2024,74.4,1/20/2024,73.8,67,65.3,2/27/2024,74.4,68.2,65.2,3/17/2024,84.8,70.6,67.3,4/14/2024,106.5,75.7,74,5/16/2024,128.9,75.7,74.7,6/16/2024,156.1,85.4,84.9,103,97,32.97,0.339896907,147,141,41.26,0.292624113,1,3,3:30,36,2/27/2024,NA,Cold Dormancy,Dormancy
2.2,GT2023_N02,414,unk,GWA,8/14/2023,Middle,42.07,43.4,Hatched,GT2023_N02.02,8/16/2023,8/16/2023,8/19/2023,6,8/19/2023,33.14,47.4,48.4,304,3,8/28/2023,34.13,9/4/2023,37.18,9/11/2023,37.18,9/18/2023,44.77,9/25/2023,44.82,10/13/2023,51.57,10/27/2023,55.12,11/10/2023,58.75,11/24/2023,66.11,551.2,12/10/2023,75.38,64.2,61.9,12/21/2023,79.3,67.7,65.4,1/7/2024,74.4,1/20/2024,73.8,67,65.3,2/27/2024,74.4,68.2,65.2,3/17/2024,84.8,70.6,67.3,4/14/2024,106.5,75.7,74,5/16/2024,128.9,75.7,74.7,6/16/2024,156.1,85.4,84.9,103,97,32.97,0.339896907,147,141,41.26,0.292624113,1,3,2:37,112,3/19/2024,84.8,Cold Dormancy,3 weeks-Post
2.2,GT2023_N02,414,unk,GWA,8/14/2023,Middle,42.07,43.4,Hatched,GT2023_N02.02,8/16/2023,8/16/2023,8/19/2023,6,8/19/2023,33.14,47.4,48.4,304,3,8/28/2023,34.13,9/4/2023,37.18,9/11/2023,37.18,9/18/2023,44.77,9/25/2023,44.82,10/13/2023,51.57,10/27/2023,55.12,11/10/2023,58.75,11/24/2023,66.11,551.2,12/10/2023,75.38,64.2,61.9,12/21/2023,79.3,67.7,65.4,1/7/2024,74.4,1/20/2024,73.8,67,65.3,2/27/2024,74.4,68.2,65.2,3/17/2024,84.8,70.6,67.3,4/14/2024,106.5,75.7,74,5/16/2024,128.9,75.7,74.7,6/16/2024,156.1,85.4,84.9,103,97,32.97,0.339896907,147,141,41.26,0.292624113,1,3,4,111,6/10/2024,128.9,Cold Dormancy,3 months-Post
2.3,GT2023_N02,414,unk,GWA,8/14/2023,Bottom,41.43,42.3,Hatched,GT2023_N02.03,8/16/2023,8/16/2023,8/21/2023,8,8/21/2021,29.27,47.7,49.2,311,4,8/29/2023,33.34,9/5/2023,35.88,9/12/2023,39.84,9/19/2023,41.64,9/28/2023,44.31,10/13/2023,49.81,10/27/2023,52.85,11/10/2023,57.55,11/24/2023,58.3,528.5,12/10/2023,63.27,62.2,60.7,12/21/2023,65,64.4,62.8,1/7/2024,66.3,1/20/2024,64.1,64.2,62.7,2/27/2024,60.5,64.1,62.8,3/17/2024,72.4,66.8,65.5,4/14/2024,88,71.3,69.9,5/16/2024,100,76.4,74.8,6/16/2024,114.3,79.1,78.4,103,95,29.03,0.305578947,147,139,37.03,0.266402878,4,11,5:13,119,11/5/2023,NA,Cold Dormancy,Pre-Hibernation
2.3,GT2023_N02,414,unk,GWA,8/14/2023,Bottom,41.43,42.3,Hatched,GT2023_N02.03,8/16/2023,8/16/2023,8/21/2023,8,8/21/2021,29.27,47.7,49.2,311,4,8/29/2023,33.34,9/5/2023,35.88,9/12/2023,39.84,9/19/2023,41.64,9/28/2023,44.31,10/13/2023,49.81,10/27/2023,52.85,11/10/2023,57.55,11/24/2023,58.3,528.5,12/10/2023,63.27,62.2,60.7,12/21/2023,65,64.4,62.8,1/7/2024,66.3,1/20/2024,64.1,64.2,62.7,2/27/2024,60.5,64.1,62.8,3/17/2024,72.4,66.8,65.5,4/14/2024,88,71.3,69.9,5/16/2024,100,76.4,74.8,6/16/2024,114.3,79.1,78.4,103,95,29.03,0.305578947,147,139,37.03,0.266402878,4,11,2:05,45,2/27/2024,NA,Cold Dormancy,Dormancy
2.3,GT2023_N02,414,unk,GWA,8/14/2023,Bottom,41.43,42.3,Hatched,GT2023_N02.03,8/16/2023,8/16/2023,8/21/2023,8,8/21/2021,29.27,47.7,49.2,311,4,8/29/2023,33.34,9/5/2023,35.88,9/12/2023,39.84,9/19/2023,41.64,9/28/2023,44.31,10/13/2023,49.81,10/27/2023,52.85,11/10/2023,57.55,11/24/2023,58.3,528.5,12/10/2023,63.27,62.2,60.7,12/21/2023,65,64.4,62.8,1/7/2024,66.3,1/20/2024,64.1,64.2,62.7,2/27/2024,60.5,64.1,62.8,3/17/2024,72.4,66.8,65.5,4/14/2024,88,71.3,69.9,5/16/2024,100,76.4,74.8,6/16/2024,114.3,79.1,78.4,103,95,29.03,0.305578947,147,139,37.03,0.266402878,4,11,1:58,94,3/19/2024,72.4,Cold Dormancy,3 weeks-Post
2.3,GT2023_N02,414,unk,GWA,8/14/2023,Bottom,41.43,42.3,Hatched,GT2023_N02.03,8/16/2023,8/16/2023,8/21/2023,8,8/21/2021,29.27,47.7,49.2,311,4,8/29/2023,33.34,9/5/2023,35.88,9/12/2023,39.84,9/19/2023,41.64,9/28/2023,44.31,10/13/2023,49.81,10/27/2023,52.85,11/10/2023,57.55,11/24/2023,58.3,528.5,12/10/2023,63.27,62.2,60.7,12/21/2023,65,64.4,62.8,1/7/2024,66.3,1/20/2024,64.1,64.2,62.7,2/27/2024,60.5,64.1,62.8,3/17/2024,72.4,66.8,65.5,4/14/2024,88,71.3,69.9,5/16/2024,100,76.4,74.8,6/16/2024,114.3,79.1,78.4,103,95,29.03,0.305578947,147,139,37.03,0.266402878,4,11,3,120,6/10/2024,100,Cold Dormancy,3 months-Post
2.4,GT2023_N02,414,unk,GWA,8/14/2023,Bottom,41.63,42.6,Hatched,GT2023_N02.04,8/19/2023,8/20/2023,8/22/2023,9,8/22/2023,31.12,47.2,47.4,314,5,8/29/2023,32.4,9/5/2023,36.69,9/12/2023,38.16,9/19/2023,42.06,9/26/2023,44.33,10/13/2023,51.91,10/27/2023,55.24,11/10/2023,62,11/24/2023,69.11,552.4,12/10/2023,78.8,64.2,62.6,12/21/2023,87.6,71.9,68,1/7/2024,104.4,1/20/2024,116.6,79.1,76,2/17/2024,136.9,84.7,81,3/17/2024,156.6,87.7,86.1,4/14/2024,179.2,89.9,89.6,5/16/2024,201.2,94.8,93.8,6/16/2024,225.5,95.5,96.7,103,94,37.99,0.404148936,147,138,73.28,0.531014493,2,5,3:39,147,11/5/2023,NA,Constant Growth,Pre-Hibernation
2.4,GT2023_N02,414,unk,GWA,8/14/2023,Bottom,41.63,42.6,Hatched,GT2023_N02.04,8/19/2023,8/20/2023,8/22/2023,9,8/22/2023,31.12,47.2,47.4,314,5,8/29/2023,32.4,9/5/2023,36.69,9/12/2023,38.16,9/19/2023,42.06,9/26/2023,44.33,10/13/2023,51.91,10/27/2023,55.24,11/10/2023,62,11/24/2023,69.11,552.4,12/10/2023,78.8,64.2,62.6,12/21/2023,87.6,71.9,68,1/7/2024,104.4,1/20/2024,116.6,79.1,76,2/17/2024,136.9,84.7,81,3/17/2024,156.6,87.7,86.1,4/14/2024,179.2,89.9,89.6,5/16/2024,201.2,94.8,93.8,6/16/2024,225.5,95.5,96.7,103,94,37.99,0.404148936,147,138,73.28,0.531014493,3,5,6:00,90,2/28/2024,NA,Constant Growth,Dormancy
2.4,GT2023_N02,414,unk,GWA,8/14/2023,Bottom,41.63,42.6,Hatched,GT2023_N02.04,8/19/2023,8/20/2023,8/22/2023,9,8/22/2023,31.12,47.2,47.4,314,5,8/29/2023,32.4,9/5/2023,36.69,9/12/2023,38.16,9/19/2023,42.06,9/26/2023,44.33,10/13/2023,51.91,10/27/2023,55.24,11/10/2023,62,11/24/2023,69.11,552.4,12/10/2023,78.8,64.2,62.6,12/21/2023,87.6,71.9,68,1/7/2024,104.4,1/20/2024,116.6,79.1,76,2/17/2024,136.9,84.7,81,3/17/2024,156.6,87.7,86.1,4/14/2024,179.2,89.9,89.6,5/16/2024,201.2,94.8,93.8,6/16/2024,225.5,95.5,96.7,103,94,37.99,0.404148936,147,138,73.28,0.531014493,3,5,2:45,117,3/19/2024,156.6,Constant Growth,3 weeks-Post
2.4,GT2023_N02,414,unk,GWA,8/14/2023,Bottom,41.63,42.6,Hatched,GT2023_N02.04,8/19/2023,8/20/2023,8/22/2023,9,8/22/2023,31.12,47.2,47.4,314,5,8/29/2023,32.4,9/5/2023,36.69,9/12/2023,38.16,9/19/2023,42.06,9/26/2023,44.33,10/13/2023,51.91,10/27/2023,55.24,11/10/2023,62,11/24/2023,69.11,552.4,12/10/2023,78.8,64.2,62.6,12/21/2023,87.6,71.9,68,1/7/2024,104.4,1/20/2024,116.6,79.1,76,2/17/2024,136.9,84.7,81,3/17/2024,156.6,87.7,86.1,4/14/2024,179.2,89.9,89.6,5/16/2024,201.2,94.8,93.8,6/16/2024,225.5,95.5,96.7,103,94,37.99,0.404148936,147,138,73.28,0.531014493,3,5,1,102,6/10/2024,201.2,Constant Growth,3 months-Post
3.1,GT2023_N03,388,222,GWA,8/14/2023,Top/same level,37.73,40.5,Hatched,GT2023_N03.01,8/22/2023,8/23/2023,8/24/2023,11,8/24/2023,29.23,47.7,47.4,321,6,8/29/2023,32.69,9/5/2023,37.78,9/12/2023,42.55,9/19/2023,45.53,9/26/2023,47.71,10/13/2023,55.14,10/27/2023,59.6,11/10/2023,64.45,11/24/2023,76.07,596,12/10/2023,88.02,68.8,66.5,12/21/2023,87.1,72.8,70.4,1/7/2024,87.1,1/20/2024,84,72.9,70.9,2/27/2024,82.6,73.5,70.3,3/17/2024,97.6,75.7,73.5,4/14/2024,119.5,80.8,79.1,5/16/2024,142.5,81.8,80.2,6/16/2024,182.1,91.6,90.1,103,92,46.84,0.509130435,147,136,57.87,0.425514706,2,6,2:36,126,11/5/2023,NA,Cold Dormancy,Pre-Hibernation
3.1,GT2023_N03,388,222,GWA,8/14/2023,Top/same level,37.73,40.5,Hatched,GT2023_N03.01,8/22/2023,8/23/2023,8/24/2023,11,8/24/2023,29.23,47.7,47.4,321,6,8/29/2023,32.69,9/5/2023,37.78,9/12/2023,42.55,9/19/2023,45.53,9/26/2023,47.71,10/13/2023,55.14,10/27/2023,59.6,11/10/2023,64.45,11/24/2023,76.07,596,12/10/2023,88.02,68.8,66.5,12/21/2023,87.1,72.8,70.4,1/7/2024,87.1,1/20/2024,84,72.9,70.9,2/27/2024,82.6,73.5,70.3,3/17/2024,97.6,75.7,73.5,4/14/2024,119.5,80.8,79.1,5/16/2024,142.5,81.8,80.2,6/16/2024,182.1,91.6,90.1,103,92,46.84,0.509130435,147,136,57.87,0.425514706,1,6,3:09,52,2/27/2024,NA,Cold Dormancy,Dormancy
3.1,GT2023_N03,388,222,GWA,8/14/2023,Top/same level,37.73,40.5,Hatched,GT2023_N03.01,8/22/2023,8/23/2023,8/24/2023,11,8/24/2023,29.23,47.7,47.4,321,6,8/29/2023,32.69,9/5/2023,37.78,9/12/2023,42.55,9/19/2023,45.53,9/26/2023,47.71,10/13/2023,55.14,10/27/2023,59.6,11/10/2023,64.45,11/24/2023,76.07,596,12/10/2023,88.02,68.8,66.5,12/21/2023,87.1,72.8,70.4,1/7/2024,87.1,1/20/2024,84,72.9,70.9,2/27/2024,82.6,73.5,70.3,3/17/2024,97.6,75.7,73.5,4/14/2024,119.5,80.8,79.1,5/16/2024,142.5,81.8,80.2,6/16/2024,182.1,91.6,90.1,103,92,46.84,0.509130435,147,136,57.87,0.425514706,1,6,3:20,123,3/19/2024,97.6,Cold Dormancy,3 weeks-Post
3.1,GT2023_N03,388,222,GWA,8/14/2023,Top/same level,37.73,40.5,Hatched,GT2023_N03.01,8/22/2023,8/23/2023,8/24/2023,11,8/24/2023,29.23,47.7,47.4,321,6,8/29/2023,32.69,9/5/2023,37.78,9/12/2023,42.55,9/19/2023,45.53,9/26/2023,47.71,10/13/2023,55.14,10/27/2023,59.6,11/10/2023,64.45,11/24/2023,76.07,596,12/10/2023,88.02,68.8,66.5,12/21/2023,87.1,72.8,70.4,1/7/2024,87.1,1/20/2024,84,72.9,70.9,2/27/2024,82.6,73.5,70.3,3/17/2024,97.6,75.7,73.5,4/14/2024,119.5,80.8,79.1,5/16/2024,142.5,81.8,80.2,6/16/2024,182.1,91.6,90.1,103,92,46.84,0.509130435,147,136,57.87,0.425514706,1,6,2,80,6/10/2024,142.5,Cold Dormancy,3 months-Post
3.2,GT2023_N03,388,222,GWA,8/14/2023,Top/same level,37.24,41.8,Hatched,GT2023_N03.02,8/23/2023,8/24/2023,8/25/2023,12,8/25/2023,29.25,48.7,46.5,326,7,8/30/2023,27.81,9/6/2023,31.39,9/13/2023,34.65,9/20/2023,37.59,9/25/2023,40.41,10/13/2023,46.1,10/27/2023,54.36,11/10/2023,61.03,11/24/2023,67.72,543.6,12/10/2023,79.91,68.8,63.3,12/21/2023,80,73.6,67.9,1/7/2024,85.2,1/20/2024,82.3,74.8,68.5,2/27/2024,78.6,73.7,68.3,3/17/2024,87.7,75.7,70.1,4/14/2024,108.4,79.1,74.2,5/16/2024,130.8,82.6,76.6,6/16/2024,158.1,91.6,86.5,103,91,38.47,0.422747253,147,135,55.95,0.414444444,1,1,2:00,42,2/27/2024,NA,Cold Dormancy,Dormancy
3.2,GT2023_N03,388,222,GWA,8/14/2023,Top/same level,37.24,41.8,Hatched,GT2023_N03.02,8/23/2023,8/24/2023,8/25/2023,12,8/25/2023,29.25,48.7,46.5,326,7,8/30/2023,27.81,9/6/2023,31.39,9/13/2023,34.65,9/20/2023,37.59,9/25/2023,40.41,10/13/2023,46.1,10/27/2023,54.36,11/10/2023,61.03,11/24/2023,67.72,543.6,12/10/2023,79.91,68.8,63.3,12/21/2023,80,73.6,67.9,1/7/2024,85.2,1/20/2024,82.3,74.8,68.5,2/27/2024,78.6,73.7,68.3,3/17/2024,87.7,75.7,70.1,4/14/2024,108.4,79.1,74.2,5/16/2024,130.8,82.6,76.6,6/16/2024,158.1,91.6,86.5,103,91,38.47,0.422747253,147,135,55.95,0.414444444,1,1,7:50,136,3/19/2024,87.7,Cold Dormancy,3 weeks-Post
3.2,GT2023_N03,388,222,GWA,8/14/2023,Top/same level,37.24,41.8,Hatched,GT2023_N03.02,8/23/2023,8/24/2023,8/25/2023,12,8/25/2023,29.25,48.7,46.5,326,7,8/30/2023,27.81,9/6/2023,31.39,9/13/2023,34.65,9/20/2023,37.59,9/25/2023,40.41,10/13/2023,46.1,10/27/2023,54.36,11/10/2023,61.03,11/24/2023,67.72,543.6,12/10/2023,79.91,68.8,63.3,12/21/2023,80,73.6,67.9,1/7/2024,85.2,1/20/2024,82.3,74.8,68.5,2/27/2024,78.6,73.7,68.3,3/17/2024,87.7,75.7,70.1,4/14/2024,108.4,79.1,74.2,5/16/2024,130.8,82.6,76.6,6/16/2024,158.1,91.6,86.5,103,91,38.47,0.422747253,147,135,55.95,0.414444444,1,1,3,152,6/10/2024,130.8,Cold Dormancy,3 months-Post
3.3,GT2023_N03,388,222,GWA,8/14/2023,Top/same level,34.38,39.1,Hatched,GT2023_N03.03,8/20/2023,8/20/2023,8/22/2023,9,8/22/2023,27.83,47.6,45.1,315,8,8/30/2023,29.96,9/6/2023,33.64,9/13/2023,35.54,9/20/2023,35.72,9/27/2023,37.66,10/13/2023,41.93,10/27/2023,44.37,11/10/2023,48.8,11/24/2023,52.57,443.7,12/10/2023,58.2,61.4,57,12/21/2023,67.3,68,62.6,1/7/2024,78.1,1/20/2024,90,75,69.8,2/17/2024,106.8,79.9,73.5,3/17/2024,127.2,84.6,79.5,4/14/2024,136.4,86,81.1,5/16/2024,138.4,87.1,82.5,6/16/2024,147.9,89.9,84.2,103,94,24.74,0.263191489,147,138,50.27,0.364275362,2,8,5:49,127,2/28/2024,NA,Constant Growth,Dormancy
3.3,GT2023_N03,388,222,GWA,8/14/2023,Top/same level,34.38,39.1,Hatched,GT2023_N03.03,8/20/2023,8/20/2023,8/22/2023,9,8/22/2023,27.83,47.6,45.1,315,8,8/30/2023,29.96,9/6/2023,33.64,9/13/2023,35.54,9/20/2023,35.72,9/27/2023,37.66,10/13/2023,41.93,10/27/2023,44.37,11/10/2023,48.8,11/24/2023,52.57,443.7,12/10/2023,58.2,61.4,57,12/21/2023,67.3,68,62.6,1/7/2024,78.1,1/20/2024,90,75,69.8,2/17/2024,106.8,79.9,73.5,3/17/2024,127.2,84.6,79.5,4/14/2024,136.4,86,81.1,5/16/2024,138.4,87.1,82.5,6/16/2024,147.9,89.9,84.2,103,94,24.74,0.263191489,147,138,50.27,0.364275362,2,8,6:40,207,3/19/2024,127.2,Constant Growth,3 weeks-Post
3.3,GT2023_N03,388,222,GWA,8/14/2023,Top/same level,34.38,39.1,Hatched,GT2023_N03.03,8/20/2023,8/20/2023,8/22/2023,9,8/22/2023,27.83,47.6,45.1,315,8,8/30/2023,29.96,9/6/2023,33.64,9/13/2023,35.54,9/20/2023,35.72,9/27/2023,37.66,10/13/2023,41.93,10/27/2023,44.37,11/10/2023,48.8,11/24/2023,52.57,443.7,12/10/2023,58.2,61.4,57,12/21/2023,67.3,68,62.6,1/7/2024,78.1,1/20/2024,90,75,69.8,2/17/2024,106.8,79.9,73.5,3/17/2024,127.2,84.6,79.5,4/14/2024,136.4,86,81.1,5/16/2024,138.4,87.1,82.5,6/16/2024,147.9,89.9,84.2,103,94,24.74,0.263191489,147,138,50.27,0.364275362,2,8,1,76,6/10/2024,138.4,Constant Growth,3 months-Post
3.4,GT2023_N03,388,222,GWA,8/14/2023,Top/same level,36,39.7,Hatched,GT2023_N03.04,8/20/2023,8/22/2023,8/23/2023,10,8/23/2023,28.19,45.1,45.5,320,9,8/30/2023,31.19,9/6/2023,36.82,9/13/2023,39.82,9/20/2023,41.26,9/27/2023,45.21,10/13/2023,50.82,10/27/2023,54.4,11/10/2023,58.27,11/24/2023,66.21,544,12/10/2023,74.9,64,61.1,12/21/2023,76.7,69.1,65.2,1/7/2024,80.8,1/20/2024,77.8,70,65.9,2/27/2024,76.1,70,65.7,3/17/2024,85.6,71.9,68,4/14/2024,98.3,75,71.3,5/16/2024,116,79.7,76.2,6/16/2024,130.5,83,79.3,103,93,38.02,0.408817204,147,137,52.61,0.384014599,3,9,12:09,158,11/5/2023,NA,Cold Dormancy,Pre-Hibernation
3.4,GT2023_N03,388,222,GWA,8/14/2023,Top/same level,36,39.7,Hatched,GT2023_N03.04,8/20/2023,8/22/2023,8/23/2023,10,8/23/2023,28.19,45.1,45.5,320,9,8/30/2023,31.19,9/6/2023,36.82,9/13/2023,39.82,9/20/2023,41.26,9/27/2023,45.21,10/13/2023,50.82,10/27/2023,54.4,11/10/2023,58.27,11/24/2023,66.21,544,12/10/2023,74.9,64,61.1,12/21/2023,76.7,69.1,65.2,1/7/2024,80.8,1/20/2024,77.8,70,65.9,2/27/2024,76.1,70,65.7,3/17/2024,85.6,71.9,68,4/14/2024,98.3,75,71.3,5/16/2024,116,79.7,76.2,6/16/2024,130.5,83,79.3,103,93,38.02,0.408817204,147,137,52.61,0.384014599,4,9,3:00,43,2/27/2024,NA,Cold Dormancy,Dormancy
3.4,GT2023_N03,388,222,GWA,8/14/2023,Top/same level,36,39.7,Hatched,GT2023_N03.04,8/20/2023,8/22/2023,8/23/2023,10,8/23/2023,28.19,45.1,45.5,320,9,8/30/2023,31.19,9/6/2023,36.82,9/13/2023,39.82,9/20/2023,41.26,9/27/2023,45.21,10/13/2023,50.82,10/27/2023,54.4,11/10/2023,58.27,11/24/2023,66.21,544,12/10/2023,74.9,64,61.1,12/21/2023,76.7,69.1,65.2,1/7/2024,80.8,1/20/2024,77.8,70,65.9,2/27/2024,76.1,70,65.7,3/17/2024,85.6,71.9,68,4/14/2024,98.3,75,71.3,5/16/2024,116,79.7,76.2,6/16/2024,130.5,83,79.3,103,93,38.02,0.408817204,147,137,52.61,0.384014599,4,9,3:58,117,3/19/2024,85.6,Cold Dormancy,3 weeks-Post
3.4,GT2023_N03,388,222,GWA,8/14/2023,Top/same level,36,39.7,Hatched,GT2023_N03.04,8/20/2023,8/22/2023,8/23/2023,10,8/23/2023,28.19,45.1,45.5,320,9,8/30/2023,31.19,9/6/2023,36.82,9/13/2023,39.82,9/20/2023,41.26,9/27/2023,45.21,10/13/2023,50.82,10/27/2023,54.4,11/10/2023,58.27,11/24/2023,66.21,544,12/10/2023,74.9,64,61.1,12/21/2023,76.7,69.1,65.2,1/7/2024,80.8,1/20/2024,77.8,70,65.9,2/27/2024,76.1,70,65.7,3/17/2024,85.6,71.9,68,4/14/2024,98.3,75,71.3,5/16/2024,116,79.7,76.2,6/16/2024,130.5,83,79.3,103,93,38.02,0.408817204,147,137,52.61,0.384014599,4,9,3,115,6/10/2024,116,Cold Dormancy,3 months-Post
5.1,GT2023_N05,Private property,22,Hancock Forestry Site,8/14/2023,Top,50.82,46.7,Hatched,GT2023_N05.01,8/23/2023,8/26/2023,8/27/2023,14,8/27/2023,36.22,50.6,51.4,332,10,8/31/2023,34.88,9/7/2023,35.79,9/14/2023,40.58,9/21/2023,45.1,9/28/2023,49.39,10/13/2023,57.07,10/27/2023,59.11,11/10/2023,65.5,11/24/2023,72.57,591.1,12/10/2023,82.1,66.6,64.9,12/21/2023,94.2,74.6,72.4,1/7/2024,112.9,1/20/2024,132.7,85.6,84.2,2/17/2024,173.6,93.6,92.1,3/17/2024,221.5,98.9,99.9,4/14/2024,266.8,104.9,106.1,5/16/2024,311.5,116.5,114.3,6/16/2024,364.4,121.5,120.3,103,89,36.35,0.408426966,147,133,76.68,0.576541353,4,10,4:56,177,11/5/2023,NA,Constant Growth,Pre-Hibernation
5.1,GT2023_N05,Private property,22,Hancock Forestry Site,8/14/2023,Top,50.82,46.7,Hatched,GT2023_N05.01,8/23/2023,8/26/2023,8/27/2023,14,8/27/2023,36.22,50.6,51.4,332,10,8/31/2023,34.88,9/7/2023,35.79,9/14/2023,40.58,9/21/2023,45.1,9/28/2023,49.39,10/13/2023,57.07,10/27/2023,59.11,11/10/2023,65.5,11/24/2023,72.57,591.1,12/10/2023,82.1,66.6,64.9,12/21/2023,94.2,74.6,72.4,1/7/2024,112.9,1/20/2024,132.7,85.6,84.2,2/17/2024,173.6,93.6,92.1,3/17/2024,221.5,98.9,99.9,4/14/2024,266.8,104.9,106.1,5/16/2024,311.5,116.5,114.3,6/16/2024,364.4,121.5,120.3,103,89,36.35,0.408426966,147,133,76.68,0.576541353,3,10,4:40,81,2/28/2024,NA,Constant Growth,Dormancy
5.1,GT2023_N05,Private property,22,Hancock Forestry Site,8/14/2023,Top,50.82,46.7,Hatched,GT2023_N05.01,8/23/2023,8/26/2023,8/27/2023,14,8/27/2023,36.22,50.6,51.4,332,10,8/31/2023,34.88,9/7/2023,35.79,9/14/2023,40.58,9/21/2023,45.1,9/28/2023,49.39,10/13/2023,57.07,10/27/2023,59.11,11/10/2023,65.5,11/24/2023,72.57,591.1,12/10/2023,82.1,66.6,64.9,12/21/2023,94.2,74.6,72.4,1/7/2024,112.9,1/20/2024,132.7,85.6,84.2,2/17/2024,173.6,93.6,92.1,3/17/2024,221.5,98.9,99.9,4/14/2024,266.8,104.9,106.1,5/16/2024,311.5,116.5,114.3,6/16/2024,364.4,121.5,120.3,103,89,36.35,0.408426966,147,133,76.68,0.576541353,3,10,3:12,86,3/19/2024,221.5,Constant Growth,3 weeks-Post
5.1,GT2023_N05,Private property,22,Hancock Forestry Site,8/14/2023,Top,50.82,46.7,Hatched,GT2023_N05.01,8/23/2023,8/26/2023,8/27/2023,14,8/27/2023,36.22,50.6,51.4,332,10,8/31/2023,34.88,9/7/2023,35.79,9/14/2023,40.58,9/21/2023,45.1,9/28/2023,49.39,10/13/2023,57.07,10/27/2023,59.11,11/10/2023,65.5,11/24/2023,72.57,591.1,12/10/2023,82.1,66.6,64.9,12/21/2023,94.2,74.6,72.4,1/7/2024,112.9,1/20/2024,132.7,85.6,84.2,2/17/2024,173.6,93.6,92.1,3/17/2024,221.5,98.9,99.9,4/14/2024,266.8,104.9,106.1,5/16/2024,311.5,116.5,114.3,6/16/2024,364.4,121.5,120.3,103,89,36.35,0.408426966,147,133,76.68,0.576541353,3,10,2,134,6/10/2024,311.5,Constant Growth,3 months-Post
5.2,GT2023_N05,Private property,22,Hancock Forestry Site,8/14/2023,Middle,51.12,43.7,Hatched,GT2023_N05.02,8/25/2023,8/28/2023,8/30/2023,17,8/30/2023,39.12,50.4,52.4,346,NA,8/31/2023,38.76,9/7/2023,42.34,9/14/2023,42.64,9/21/2023,47.85,9/28/2023,53.35,10/13/2023,59.47,10/27/2023,63.3,11/10/2023,69.21,11/24/2023,73.48,633,12/10/2023,83.59,67.3,67.4,12/21/2023,88.1,72.2,71.5,1/7/2024,88.7,1/20/2024,85,71.6,71.1,2/27/2024,85.6,71.2,71.6,3/17/2024,94.8,74,74.6,4/14/2024,128.3,80.2,81.4,5/16/2024,154.6,89,90.1,6/16/2024,192.2,93,94.7,103,86,34.36,0.399534884,147,130,49.58,0.381384615,4,11,5:53,143,11/5/2023,NA,Cold Dormancy,Pre-Hibernation
5.2,GT2023_N05,Private property,22,Hancock Forestry Site,8/14/2023,Middle,51.12,43.7,Hatched,GT2023_N05.02,8/25/2023,8/28/2023,8/30/2023,17,8/30/2023,39.12,50.4,52.4,346,NA,8/31/2023,38.76,9/7/2023,42.34,9/14/2023,42.64,9/21/2023,47.85,9/28/2023,53.35,10/13/2023,59.47,10/27/2023,63.3,11/10/2023,69.21,11/24/2023,73.48,633,12/10/2023,83.59,67.3,67.4,12/21/2023,88.1,72.2,71.5,1/7/2024,88.7,1/20/2024,85,71.6,71.1,2/27/2024,85.6,71.2,71.6,3/17/2024,94.8,74,74.6,4/14/2024,128.3,80.2,81.4,5/16/2024,154.6,89,90.1,6/16/2024,192.2,93,94.7,103,86,34.36,0.399534884,147,130,49.58,0.381384615,4,11,4:06,30,2/27/2024,NA,Cold Dormancy,Dormancy
5.2,GT2023_N05,Private property,22,Hancock Forestry Site,8/14/2023,Middle,51.12,43.7,Hatched,GT2023_N05.02,8/25/2023,8/28/2023,8/30/2023,17,8/30/2023,39.12,50.4,52.4,346,NA,8/31/2023,38.76,9/7/2023,42.34,9/14/2023,42.64,9/21/2023,47.85,9/28/2023,53.35,10/13/2023,59.47,10/27/2023,63.3,11/10/2023,69.21,11/24/2023,73.48,633,12/10/2023,83.59,67.3,67.4,12/21/2023,88.1,72.2,71.5,1/7/2024,88.7,1/20/2024,85,71.6,71.1,2/27/2024,85.6,71.2,71.6,3/17/2024,94.8,74,74.6,4/14/2024,128.3,80.2,81.4,5/16/2024,154.6,89,90.1,6/16/2024,192.2,93,94.7,103,86,34.36,0.399534884,147,130,49.58,0.381384615,4,11,1:42,90,3/19/2024,94.8,Cold Dormancy,3 weeks-Post
5.2,GT2023_N05,Private property,22,Hancock Forestry Site,8/14/2023,Middle,51.12,43.7,Hatched,GT2023_N05.02,8/25/2023,8/28/2023,8/30/2023,17,8/30/2023,39.12,50.4,52.4,346,NA,8/31/2023,38.76,9/7/2023,42.34,9/14/2023,42.64,9/21/2023,47.85,9/28/2023,53.35,10/13/2023,59.47,10/27/2023,63.3,11/10/2023,69.21,11/24/2023,73.48,633,12/10/2023,83.59,67.3,67.4,12/21/2023,88.1,72.2,71.5,1/7/2024,88.7,1/20/2024,85,71.6,71.1,2/27/2024,85.6,71.2,71.6,3/17/2024,94.8,74,74.6,4/14/2024,128.3,80.2,81.4,5/16/2024,154.6,89,90.1,6/16/2024,192.2,93,94.7,103,86,34.36,0.399534884,147,130,49.58,0.381384615,4,11,2,127,6/10/2024,154.6,Cold Dormancy,3 months-Post
5.3,GT2023_N05,Private property,22,Hancock Forestry Site,8/14/2023,Middle,49.15,45.7,Hatched,GT2023_N05.03,8/25/2023,8/28/2023,8/30/2023,17,8/30/2023,38.36,51.3,52.7,345,12,8/31/2023,38.72,9/7/2023,42.95,9/14/2023,47.4,9/21/2023,53.77,9/28/2023,57.89,10/13/2023,69.56,10/27/2023,74.76,11/10/2023,82.58,11/24/2023,96.85,747.6,12/10/2023,113.1,74.7,73.2,12/21/2023,130.5,82.7,81.9,1/7/2024,159.5,1/20/2024,190,95.7,92.3,2/17/2024,252.7,103.4,102.7,3/17/2024,307.8,108.7,106.2,4/14/2024,397.4,117.07,118.39,5/16/2024,460.9,130.2,131.7,6/16/2024,534.3,143.2,144.5,103,86,58.49,0.680116279,147,130,121.14,0.931846154,4,12,4:20,81,11/5/2023,NA,Constant Growth,Pre-Hibernation
5.3,GT2023_N05,Private property,22,Hancock Forestry Site,8/14/2023,Middle,49.15,45.7,Hatched,GT2023_N05.03,8/25/2023,8/28/2023,8/30/2023,17,8/30/2023,38.36,51.3,52.7,345,12,8/31/2023,38.72,9/7/2023,42.95,9/14/2023,47.4,9/21/2023,53.77,9/28/2023,57.89,10/13/2023,69.56,10/27/2023,74.76,11/10/2023,82.58,11/24/2023,96.85,747.6,12/10/2023,113.1,74.7,73.2,12/21/2023,130.5,82.7,81.9,1/7/2024,159.5,1/20/2024,190,95.7,92.3,2/17/2024,252.7,103.4,102.7,3/17/2024,307.8,108.7,106.2,4/14/2024,397.4,117.07,118.39,5/16/2024,460.9,130.2,131.7,6/16/2024,534.3,143.2,144.5,103,86,58.49,0.680116279,147,130,121.14,0.931846154,2,12,4:00,77,2/28/2024,NA,Constant Growth,Dormancy
5.3,GT2023_N05,Private property,22,Hancock Forestry Site,8/14/2023,Middle,49.15,45.7,Hatched,GT2023_N05.03,8/25/2023,8/28/2023,8/30/2023,17,8/30/2023,38.36,51.3,52.7,345,12,8/31/2023,38.72,9/7/2023,42.95,9/14/2023,47.4,9/21/2023,53.77,9/28/2023,57.89,10/13/2023,69.56,10/27/2023,74.76,11/10/2023,82.58,11/24/2023,96.85,747.6,12/10/2023,113.1,74.7,73.2,12/21/2023,130.5,82.7,81.9,1/7/2024,159.5,1/20/2024,190,95.7,92.3,2/17/2024,252.7,103.4,102.7,3/17/2024,307.8,108.7,106.2,4/14/2024,397.4,117.07,118.39,5/16/2024,460.9,130.2,131.7,6/16/2024,534.3,143.2,144.5,103,86,58.49,0.680116279,147,130,121.14,0.931846154,2,12,4:30,125,3/19/2024,307.8,Constant Growth,3 weeks-Post
5.3,GT2023_N05,Private property,22,Hancock Forestry Site,8/14/2023,Middle,49.15,45.7,Hatched,GT2023_N05.03,8/25/2023,8/28/2023,8/30/2023,17,8/30/2023,38.36,51.3,52.7,345,12,8/31/2023,38.72,9/7/2023,42.95,9/14/2023,47.4,9/21/2023,53.77,9/28/2023,57.89,10/13/2023,69.56,10/27/2023,74.76,11/10/2023,82.58,11/24/2023,96.85,747.6,12/10/2023,113.1,74.7,73.2,12/21/2023,130.5,82.7,81.9,1/7/2024,159.5,1/20/2024,190,95.7,92.3,2/17/2024,252.7,103.4,102.7,3/17/2024,307.8,108.7,106.2,4/14/2024,397.4,117.07,118.39,5/16/2024,460.9,130.2,131.7,6/16/2024,534.3,143.2,144.5,103,86,58.49,0.680116279,147,130,121.14,0.931846154,2,12,3,135,6/10/2024,460.9,Constant Growth,3 months-Post
5.4,GT2023_N05,Private property,22,Hancock Forestry Site,8/14/2023,Middle,51.9,46.4,Hatched,GT2023_N05.04,8/25/2023,8/27/2023,8/28/2023,15,8/28/2023,40.51,53.1,53.5,336,1,,NA,9/4/2023,42.09,9/11/2023,47.4,9/18/2023,52.65,9/25/2023,55.82,10/13/2023,61.56,10/27/2023,67.67,11/10/2023,67.08,11/24/2023,73,676.7,12/10/2023,81.85,70,68.7,12/21/2023,83,73.2,71.9,1/7/2024,83,1/20/2024,75.9,72,71.2,2/27/2024,75.1,70.7,70.9,3/17/2024,90.9,75,72.3,4/14/2024,112.3,80.2,78.8,5/16/2024,140,82.6,83.2,6/16/2024,180.4,91.9,93.3,103,88,32.49,0.369204545,147,132,42.49,0.321893939,1,1,6:43,86,11/1/2023,NA,Cold Dormancy,Pre-Hibernation
5.4,GT2023_N05,Private property,22,Hancock Forestry Site,8/14/2023,Middle,51.9,46.4,Hatched,GT2023_N05.04,8/25/2023,8/27/2023,8/28/2023,15,8/28/2023,40.51,53.1,53.5,336,1,,NA,9/4/2023,42.09,9/11/2023,47.4,9/18/2023,52.65,9/25/2023,55.82,10/13/2023,61.56,10/27/2023,67.67,11/10/2023,67.08,11/24/2023,73,676.7,12/10/2023,81.85,70,68.7,12/21/2023,83,73.2,71.9,1/7/2024,83,1/20/2024,75.9,72,71.2,2/27/2024,75.1,70.7,70.9,3/17/2024,90.9,75,72.3,4/14/2024,112.3,80.2,78.8,5/16/2024,140,82.6,83.2,6/16/2024,180.4,91.9,93.3,103,88,32.49,0.369204545,147,132,42.49,0.321893939,1,1,2:11,41,2/27/2024,NA,Cold Dormancy,Dormancy
5.4,GT2023_N05,Private property,22,Hancock Forestry Site,8/14/2023,Middle,51.9,46.4,Hatched,GT2023_N05.04,8/25/2023,8/27/2023,8/28/2023,15,8/28/2023,40.51,53.1,53.5,336,1,,NA,9/4/2023,42.09,9/11/2023,47.4,9/18/2023,52.65,9/25/2023,55.82,10/13/2023,61.56,10/27/2023,67.67,11/10/2023,67.08,11/24/2023,73,676.7,12/10/2023,81.85,70,68.7,12/21/2023,83,73.2,71.9,1/7/2024,83,1/20/2024,75.9,72,71.2,2/27/2024,75.1,70.7,70.9,3/17/2024,90.9,75,72.3,4/14/2024,112.3,80.2,78.8,5/16/2024,140,82.6,83.2,6/16/2024,180.4,91.9,93.3,103,88,32.49,0.369204545,147,132,42.49,0.321893939,1,1,2:11,91,3/19/2024,90.9,Cold Dormancy,3 weeks-Post
5.4,GT2023_N05,Private property,22,Hancock Forestry Site,8/14/2023,Middle,51.9,46.4,Hatched,GT2023_N05.04,8/25/2023,8/27/2023,8/28/2023,15,8/28/2023,40.51,53.1,53.5,336,1,,NA,9/4/2023,42.09,9/11/2023,47.4,9/18/2023,52.65,9/25/2023,55.82,10/13/2023,61.56,10/27/2023,67.67,11/10/2023,67.08,11/24/2023,73,676.7,12/10/2023,81.85,70,68.7,12/21/2023,83,73.2,71.9,1/7/2024,83,1/20/2024,75.9,72,71.2,2/27/2024,75.1,70.7,70.9,3/17/2024,90.9,75,72.3,4/14/2024,112.3,80.2,78.8,5/16/2024,140,82.6,83.2,6/16/2024,180.4,91.9,93.3,103,88,32.49,0.369204545,147,132,42.49,0.321893939,1,1,2,124,6/10/2024,140,Cold Dormancy,3 months-Post
5.5,GT2023_N05,Private property,22,Hancock Forestry Site,8/14/2023,Bottom,51.28,48.4,Hatched,GT2023_N05.05,8/23/2023,8/25/2023,8/26/2023,13,8/26/2023,40.91,50.8,52.5,327,2,8/28/2023,39.95,9/4/2023,43.16,9/11/2023,46.2,9/18/2023,49.96,9/25/2023,54.43,10/13/2023,62.64,10/27/2023,67.4,11/10/2023,69.4,11/24/2023,78.65,674,12/10/2023,91.7,69.6,69.2,12/21/2023,100,75.1,75.3,1/7/2024,106.4,1/20/2024,124.5,80.9,82.2,2/17/2024,141.9,85,87.8,3/17/2024,168.1,91.6,92,4/14/2024,190.6,94.5,96.7,5/16/2024,212.5,99,102.1,6/16/2024,251.4,101.3,104.8,103,90,37.74,0.419333333,147,134,65.49,0.488731343,1,2,4:23,170,11/5/2023,NA,Constant Growth,Pre-Hibernation
5.5,GT2023_N05,Private property,22,Hancock Forestry Site,8/14/2023,Bottom,51.28,48.4,Hatched,GT2023_N05.05,8/23/2023,8/25/2023,8/26/2023,13,8/26/2023,40.91,50.8,52.5,327,2,8/28/2023,39.95,9/4/2023,43.16,9/11/2023,46.2,9/18/2023,49.96,9/25/2023,54.43,10/13/2023,62.64,10/27/2023,67.4,11/10/2023,69.4,11/24/2023,78.65,674,12/10/2023,91.7,69.6,69.2,12/21/2023,100,75.1,75.3,1/7/2024,106.4,1/20/2024,124.5,80.9,82.2,2/17/2024,141.9,85,87.8,3/17/2024,168.1,91.6,92,4/14/2024,190.6,94.5,96.7,5/16/2024,212.5,99,102.1,6/16/2024,251.4,101.3,104.8,103,90,37.74,0.419333333,147,134,65.49,0.488731343,3,2,2:00,76,2/28/2024,NA,Constant Growth,Dormancy
5.5,GT2023_N05,Private property,22,Hancock Forestry Site,8/14/2023,Bottom,51.28,48.4,Hatched,GT2023_N05.05,8/23/2023,8/25/2023,8/26/2023,13,8/26/2023,40.91,50.8,52.5,327,2,8/28/2023,39.95,9/4/2023,43.16,9/11/2023,46.2,9/18/2023,49.96,9/25/2023,54.43,10/13/2023,62.64,10/27/2023,67.4,11/10/2023,69.4,11/24/2023,78.65,674,12/10/2023,91.7,69.6,69.2,12/21/2023,100,75.1,75.3,1/7/2024,106.4,1/20/2024,124.5,80.9,82.2,2/17/2024,141.9,85,87.8,3/17/2024,168.1,91.6,92,4/14/2024,190.6,94.5,96.7,5/16/2024,212.5,99,102.1,6/16/2024,251.4,101.3,104.8,103,90,37.74,0.419333333,147,134,65.49,0.488731343,3,2,3:30,77,3/19/2024,168.1,Constant Growth,3 weeks-Post
5.5,GT2023_N05,Private property,22,Hancock Forestry Site,8/14/2023,Bottom,51.28,48.4,Hatched,GT2023_N05.05,8/23/2023,8/25/2023,8/26/2023,13,8/26/2023,40.91,50.8,52.5,327,2,8/28/2023,39.95,9/4/2023,43.16,9/11/2023,46.2,9/18/2023,49.96,9/25/2023,54.43,10/13/2023,62.64,10/27/2023,67.4,11/10/2023,69.4,11/24/2023,78.65,674,12/10/2023,91.7,69.6,69.2,12/21/2023,100,75.1,75.3,1/7/2024,106.4,1/20/2024,124.5,80.9,82.2,2/17/2024,141.9,85,87.8,3/17/2024,168.1,91.6,92,4/14/2024,190.6,94.5,96.7,5/16/2024,212.5,99,102.1,6/16/2024,251.4,101.3,104.8,103,90,37.74,0.419333333,147,134,65.49,0.488731343,3,2,3,90,6/10/2024,212.5,Constant Growth,3 months-Post
5.6,GT2023_N05,Private property,22,Hancock Forestry Site,8/14/2023,Bottom,53.44,47,Hatched,GT2023_N05.06,8/24/2023,8/26/2023,8/29/2023,16,8/29/2023,40.61,53.2,54.2,340,3,,NA,9/4/2023,42.36,9/11/2023,49.6,9/18/2023,51.27,9/25/2023,54.73,10/13/2023,64.73,10/27/2023,68.74,11/10/2023,72.67,11/24/2023,77.37,687.4,12/10/2023,85.36,68.3,69.6,12/21/2023,86.5,72.3,73.7,1/7/2024,82.8,1/20/2024,80,70.8,73.5,2/27/2024,80.3,70.7,73.3,3/17/2024,88.7,72.9,75.1,4/14/2024,104.5,75.6,76.6,5/16/2024,110,77.4,76.8,6/16/2024,97.8,77.5,76.9,103,87,36.76,0.422528736,147,131,42.19,0.322061069,1,3,5:10,174,11/5/2023,NA,Cold Dormancy,Pre-Hibernation
5.6,GT2023_N05,Private property,22,Hancock Forestry Site,8/14/2023,Bottom,53.44,47,Hatched,GT2023_N05.06,8/24/2023,8/26/2023,8/29/2023,16,8/29/2023,40.61,53.2,54.2,340,3,,NA,9/4/2023,42.36,9/11/2023,49.6,9/18/2023,51.27,9/25/2023,54.73,10/13/2023,64.73,10/27/2023,68.74,11/10/2023,72.67,11/24/2023,77.37,687.4,12/10/2023,85.36,68.3,69.6,12/21/2023,86.5,72.3,73.7,1/7/2024,82.8,1/20/2024,80,70.8,73.5,2/27/2024,80.3,70.7,73.3,3/17/2024,88.7,72.9,75.1,4/14/2024,104.5,75.6,76.6,5/16/2024,110,77.4,76.8,6/16/2024,97.8,77.5,76.9,103,87,36.76,0.422528736,147,131,42.19,0.322061069,1,3,4:42,32,2/27/2024,NA,Cold Dormancy,Dormancy
5.6,GT2023_N05,Private property,22,Hancock Forestry Site,8/14/2023,Bottom,53.44,47,Hatched,GT2023_N05.06,8/24/2023,8/26/2023,8/29/2023,16,8/29/2023,40.61,53.2,54.2,340,3,,NA,9/4/2023,42.36,9/11/2023,49.6,9/18/2023,51.27,9/25/2023,54.73,10/13/2023,64.73,10/27/2023,68.74,11/10/2023,72.67,11/24/2023,77.37,687.4,12/10/2023,85.36,68.3,69.6,12/21/2023,86.5,72.3,73.7,1/7/2024,82.8,1/20/2024,80,70.8,73.5,2/27/2024,80.3,70.7,73.3,3/17/2024,88.7,72.9,75.1,4/14/2024,104.5,75.6,76.6,5/16/2024,110,77.4,76.8,6/16/2024,97.8,77.5,76.9,103,87,36.76,0.422528736,147,131,42.19,0.322061069,1,3,2:30,130,3/19/2024,88.7,Cold Dormancy,3 weeks-Post
5.6,GT2023_N05,Private property,22,Hancock Forestry Site,8/14/2023,Bottom,53.44,47,Hatched,GT2023_N05.06,8/24/2023,8/26/2023,8/29/2023,16,8/29/2023,40.61,53.2,54.2,340,3,,NA,9/4/2023,42.36,9/11/2023,49.6,9/18/2023,51.27,9/25/2023,54.73,10/13/2023,64.73,10/27/2023,68.74,11/10/2023,72.67,11/24/2023,77.37,687.4,12/10/2023,85.36,68.3,69.6,12/21/2023,86.5,72.3,73.7,1/7/2024,82.8,1/20/2024,80,70.8,73.5,2/27/2024,80.3,70.7,73.3,3/17/2024,88.7,72.9,75.1,4/14/2024,104.5,75.6,76.6,5/16/2024,110,77.4,76.8,6/16/2024,97.8,77.5,76.9,103,87,36.76,0.422528736,147,131,42.19,0.322061069,1,3,NA,N/A,6/10/2024,110,Cold Dormancy,3 months-Post
6.1,GT2023_N06,848,unk,GWA,8/14/2023,Top/same level,41.39,41.2,Hatched,GT2023_N06.01,8/17/2023,8/17/2023,8/21/2023,8,8/21/2023,32.32,49.2,49.2,312,4,8/29/2023,36.82,9/5/2023,41.37,9/12/2023,42.73,9/19/2023,45.18,9/28/2023,49.27,10/13/2023,52.73,10/27/2023,57.29,11/10/2023,56.7,11/24/2023,58.02,572.9,12/10/2023,63.3,61.1,58.3,12/21/2023,68.1,64.4,60.7,1/7/2024,70,1/20/2024,77.2,67.8,64.1,2/17/2024,87.5,70,66.5,3/17/2024,93.6,71.4,67.9,4/14/2024,95.9,72.2,68.3,5/16/2024,93.2,73.2,69.3,6/16/2024,93.5,73.3,69.5,103,95,25.7,0.270526316,147,139,37.68,0.271079137,4,12,9:24,125,11/5/2023,NA,Constant Growth,Pre-Hibernation
NA,NA,NA,NA,NA,NA,NA,NA,NA,NA,NA,NA,NA,NA,NA,NA,NA,NA,NA,NA,NA,NA,NA,NA,NA,NA,NA,NA,NA,NA,NA,NA,NA,NA,NA,NA,NA,NA,NA,NA,NA,NA,NA,NA,NA,NA,NA,NA,NA,NA,NA,NA,NA,NA,NA,NA,NA,NA,NA,NA,NA,NA,NA,NA,NA,NA,NA,NA,NA,NA,NA,NA,NA,NA,NA,NA,NA,NA,NA,NA,NA,NA,NA,NA,NA,NA,NA,NA,NA,NA
NA,NA,NA,NA,NA,NA,NA,NA,NA,NA,NA,NA,NA,NA,NA,NA,NA,NA,NA,NA,NA,NA,NA,NA,NA,NA,NA,NA,NA,NA,NA,NA,NA,NA,NA,NA,NA,NA,NA,NA,NA,NA,NA,NA,NA,NA,NA,NA,NA,NA,NA,NA,NA,NA,NA,NA,NA,NA,NA,NA,NA,NA,NA,NA,NA,NA,NA,NA,NA,NA,NA,NA,NA,NA,NA,NA,NA,NA,NA,NA,NA,NA,NA,NA,NA,NA,NA,NA,NA,NA
6.1,GT2023_N06,848,unk,GWA,8/14/2023,Top/same level,41.39,41.2,Hatched,GT2023_N06.01,8/17/2023,8/17/2023,8/21/2023,8,8/21/2023,32.32,49.2,49.2,312,4,8/29/2023,36.82,9/5/2023,41.37,9/12/2023,42.73,9/19/2023,45.18,9/28/2023,49.27,10/13/2023,52.73,10/27/2023,57.29,11/10/2023,56.7,11/24/2023,58.02,572.9,12/10/2023,63.3,61.1,58.3,12/21/2023,68.1,64.4,60.7,1/7/2024,70,1/20/2024,77.2,67.8,64.1,2/17/2024,87.5,70,66.5,3/17/2024,93.6,71.4,67.9,4/14/2024,95.9,72.2,68.3,5/16/2024,93.2,73.2,69.3,6/16/2024,93.5,73.3,69.5,103,95,25.7,0.270526316,147,139,37.68,0.271079137,2,12,NA,N/A,6/10/2024,93.2,Constant Growth,3 months-Post
6.2,GT2023_N06,848,unk,GWA,8/14/2023,Top/same level,41.53,41.6,Hatched,GT2023_N06.02,8/17/2023,8/17/2023,8/19/2023,6,8/19/2023,32.62,48.1,48.2,306,5,8/29/2023,31.83,9/5/2023,40.16,9/12/2023,42.86,9/19/2023,43.57,9/26/2023,45.52,10/13/2023,49.59,10/27/2023,55.27,11/10/2023,58.7,11/24/2023,66.26,552.7,12/10/2023,76.1,63.9,61.5,12/21/2023,82.9,69.6,67.2,1/7/2024,99.5,1/20/2024,113.1,78.6,76.2,2/17/2024,129.3,84.2,81.6,3/17/2024,155,87.2,85.7,4/14/2024,175.2,91.3,91,5/16/2024,205.8,95.8,94.9,6/16/2024,235.1,99.9,98.9,103,97,33.64,0.346804124,147,141,66.88,0.474326241,2,5,1:56,125,11/5/2023,NA,Constant Growth,Pre-Hibernation
6.2,GT2023_N06,848,unk,GWA,8/14/2023,Top/same level,41.53,41.6,Hatched,GT2023_N06.02,8/17/2023,8/17/2023,8/19/2023,6,8/19/2023,32.62,48.1,48.2,306,5,8/29/2023,31.83,9/5/2023,40.16,9/12/2023,42.86,9/19/2023,43.57,9/26/2023,45.52,10/13/2023,49.59,10/27/2023,55.27,11/10/2023,58.7,11/24/2023,66.26,552.7,12/10/2023,76.1,63.9,61.5,12/21/2023,82.9,69.6,67.2,1/7/2024,99.5,1/20/2024,113.1,78.6,76.2,2/17/2024,129.3,84.2,81.6,3/17/2024,155,87.2,85.7,4/14/2024,175.2,91.3,91,5/16/2024,205.8,95.8,94.9,6/16/2024,235.1,99.9,98.9,103,97,33.64,0.346804124,147,141,66.88,0.474326241,3,5,2:20,142,2/28/2024,NA,Constant Growth,Dormancy
6.2,GT2023_N06,848,unk,GWA,8/14/2023,Top/same level,41.53,41.6,Hatched,GT2023_N06.02,8/17/2023,8/17/2023,8/19/2023,6,8/19/2023,32.62,48.1,48.2,306,5,8/29/2023,31.83,9/5/2023,40.16,9/12/2023,42.86,9/19/2023,43.57,9/26/2023,45.52,10/13/2023,49.59,10/27/2023,55.27,11/10/2023,58.7,11/24/2023,66.26,552.7,12/10/2023,76.1,63.9,61.5,12/21/2023,82.9,69.6,67.2,1/7/2024,99.5,1/20/2024,113.1,78.6,76.2,2/17/2024,129.3,84.2,81.6,3/17/2024,155,87.2,85.7,4/14/2024,175.2,91.3,91,5/16/2024,205.8,95.8,94.9,6/16/2024,235.1,99.9,98.9,103,97,33.64,0.346804124,147,141,66.88,0.474326241,3,5,2:28,85,3/19/2024,155,Constant Growth,3 weeks-Post
6.2,GT2023_N06,848,unk,GWA,8/14/2023,Top/same level,41.53,41.6,Hatched,GT2023_N06.02,8/17/2023,8/17/2023,8/19/2023,6,8/19/2023,32.62,48.1,48.2,306,5,8/29/2023,31.83,9/5/2023,40.16,9/12/2023,42.86,9/19/2023,43.57,9/26/2023,45.52,10/13/2023,49.59,10/27/2023,55.27,11/10/2023,58.7,11/24/2023,66.26,552.7,12/10/2023,76.1,63.9,61.5,12/21/2023,82.9,69.6,67.2,1/7/2024,99.5,1/20/2024,113.1,78.6,76.2,2/17/2024,129.3,84.2,81.6,3/17/2024,155,87.2,85.7,4/14/2024,175.2,91.3,91,5/16/2024,205.8,95.8,94.9,6/16/2024,235.1,99.9,98.9,103,97,33.64,0.346804124,147,141,66.88,0.474326241,3,5,1,118,6/10/2024,205.8,Constant Growth,3 months-Post
6.3,GT2023_N06,848,unk,GWA,8/14/2023,Top/same level,42.18,42.6,Hatched,GT2023_N06.03,8/18/2023,8/18/2023,8/22/2023,9,8/22/2023,31.69,49.2,47.7,317,6,8/29/2023,34.92,9/5/2023,39.4,9/12/2023,40.26,9/19/2023,44.55,9/26/2023,46.33,10/13/2023,52.16,10/27/2023,57.46,11/10/2023,63.4,11/24/2023,70.76,574.6,12/10/2023,79.74,66,63.3,12/21/2023,82.9,71.3,67.6,1/7/2024,84.8,1/20/2024,83.1,71.6,67.6,2/27/2024,82.9,71.2,67.7,3/17/2024,92.5,73.8,70.6,4/14/2024,120,81.1,77.6,5/16/2024,153,82.6,79.9,6/16/2024,187.2,92.2,89.5,103,94,39.07,0.415638298,147,138,53.11,0.384855072,2,6,3:45,174,11/5/2023,NA,Cold Dormancy,Pre-Hibernation
6.3,GT2023_N06,848,unk,GWA,8/14/2023,Top/same level,42.18,42.6,Hatched,GT2023_N06.03,8/18/2023,8/18/2023,8/22/2023,9,8/22/2023,31.69,49.2,47.7,317,6,8/29/2023,34.92,9/5/2023,39.4,9/12/2023,40.26,9/19/2023,44.55,9/26/2023,46.33,10/13/2023,52.16,10/27/2023,57.46,11/10/2023,63.4,11/24/2023,70.76,574.6,12/10/2023,79.74,66,63.3,12/21/2023,82.9,71.3,67.6,1/7/2024,84.8,1/20/2024,83.1,71.6,67.6,2/27/2024,82.9,71.2,67.7,3/17/2024,92.5,73.8,70.6,4/14/2024,120,81.1,77.6,5/16/2024,153,82.6,79.9,6/16/2024,187.2,92.2,89.5,103,94,39.07,0.415638298,147,138,53.11,0.384855072,1,6,5:40,56,2/27/2024,NA,Cold Dormancy,Dormancy
6.3,GT2023_N06,848,unk,GWA,8/14/2023,Top/same level,42.18,42.6,Hatched,GT2023_N06.03,8/18/2023,8/18/2023,8/22/2023,9,8/22/2023,31.69,49.2,47.7,317,6,8/29/2023,34.92,9/5/2023,39.4,9/12/2023,40.26,9/19/2023,44.55,9/26/2023,46.33,10/13/2023,52.16,10/27/2023,57.46,11/10/2023,63.4,11/24/2023,70.76,574.6,12/10/2023,79.74,66,63.3,12/21/2023,82.9,71.3,67.6,1/7/2024,84.8,1/20/2024,83.1,71.6,67.6,2/27/2024,82.9,71.2,67.7,3/17/2024,92.5,73.8,70.6,4/14/2024,120,81.1,77.6,5/16/2024,153,82.6,79.9,6/16/2024,187.2,92.2,89.5,103,94,39.07,0.415638298,147,138,53.11,0.384855072,1,6,4:31,89,3/19/2024,92.5,Cold Dormancy,3 weeks-Post
6.3,GT2023_N06,848,unk,GWA,8/14/2023,Top/same level,42.18,42.6,Hatched,GT2023_N06.03,8/18/2023,8/18/2023,8/22/2023,9,8/22/2023,31.69,49.2,47.7,317,6,8/29/2023,34.92,9/5/2023,39.4,9/12/2023,40.26,9/19/2023,44.55,9/26/2023,46.33,10/13/2023,52.16,10/27/2023,57.46,11/10/2023,63.4,11/24/2023,70.76,574.6,12/10/2023,79.74,66,63.3,12/21/2023,82.9,71.3,67.6,1/7/2024,84.8,1/20/2024,83.1,71.6,67.6,2/27/2024,82.9,71.2,67.7,3/17/2024,92.5,73.8,70.6,4/14/2024,120,81.1,77.6,5/16/2024,153,82.6,79.9,6/16/2024,187.2,92.2,89.5,103,94,39.07,0.415638298,147,138,53.11,0.384855072,1,6,3,140,6/10/2024,153,Cold Dormancy,3 months-Post
6.4,GT2023_N06,848,unk,GWA,8/14/2023,Middle,45.27,42.2,Hatched,GT2023_N06.04,8/18/2023,8/18/2023,8/20/2023,7,8/20/2023,34.87,47.9,48.8,309,7,8/30/2023,34.84,9/6/2023,41.96,9/13/2023,44.27,9/20/2023,46.09,9/27/2023,49.74,10/13/2023,55.72,10/27/2023,59.6,11/10/2023,63.95,11/24/2023,69.07,596,12/10/2023,76.65,64.3,61.6,12/21/2023,82.3,67.3,65.4,1/7/2024,81.2,1/20/2024,78.8,68.2,66,2/27/2024,77.8,68.7,65.8,3/17/2024,91,70.8,69,4/14/2024,113.3,76.4,75.8,5/16/2024,142.7,82,81.9,6/16/2024,166.1,86.1,86.6,103,96,34.2,0.35625,147,140,46.33,0.330928571,3,9,5:50,178,11/5/2023,NA,Cold Dormancy,Pre-Hibernation
6.4,GT2023_N06,848,unk,GWA,8/14/2023,Middle,45.27,42.2,Hatched,GT2023_N06.04,8/18/2023,8/18/2023,8/20/2023,7,8/20/2023,34.87,47.9,48.8,309,7,8/30/2023,34.84,9/6/2023,41.96,9/13/2023,44.27,9/20/2023,46.09,9/27/2023,49.74,10/13/2023,55.72,10/27/2023,59.6,11/10/2023,63.95,11/24/2023,69.07,596,12/10/2023,76.65,64.3,61.6,12/21/2023,82.3,67.3,65.4,1/7/2024,81.2,1/20/2024,78.8,68.2,66,2/27/2024,77.8,68.7,65.8,3/17/2024,91,70.8,69,4/14/2024,113.3,76.4,75.8,5/16/2024,142.7,82,81.9,6/16/2024,166.1,86.1,86.6,103,96,34.2,0.35625,147,140,46.33,0.330928571,4,9,6:07,42,2/27/2024,NA,Cold Dormancy,Dormancy
6.4,GT2023_N06,848,unk,GWA,8/14/2023,Middle,45.27,42.2,Hatched,GT2023_N06.04,8/18/2023,8/18/2023,8/20/2023,7,8/20/2023,34.87,47.9,48.8,309,7,8/30/2023,34.84,9/6/2023,41.96,9/13/2023,44.27,9/20/2023,46.09,9/27/2023,49.74,10/13/2023,55.72,10/27/2023,59.6,11/10/2023,63.95,11/24/2023,69.07,596,12/10/2023,76.65,64.3,61.6,12/21/2023,82.3,67.3,65.4,1/7/2024,81.2,1/20/2024,78.8,68.2,66,2/27/2024,77.8,68.7,65.8,3/17/2024,91,70.8,69,4/14/2024,113.3,76.4,75.8,5/16/2024,142.7,82,81.9,6/16/2024,166.1,86.1,86.6,103,96,34.2,0.35625,147,140,46.33,0.330928571,4,9,3:30,100,3/19/2024,91,Cold Dormancy,3 weeks-Post
6.4,GT2023_N06,848,unk,GWA,8/14/2023,Middle,45.27,42.2,Hatched,GT2023_N06.04,8/18/2023,8/18/2023,8/20/2023,7,8/20/2023,34.87,47.9,48.8,309,7,8/30/2023,34.84,9/6/2023,41.96,9/13/2023,44.27,9/20/2023,46.09,9/27/2023,49.74,10/13/2023,55.72,10/27/2023,59.6,11/10/2023,63.95,11/24/2023,69.07,596,12/10/2023,76.65,64.3,61.6,12/21/2023,82.3,67.3,65.4,1/7/2024,81.2,1/20/2024,78.8,68.2,66,2/27/2024,77.8,68.7,65.8,3/17/2024,91,70.8,69,4/14/2024,113.3,76.4,75.8,5/16/2024,142.7,82,81.9,6/16/2024,166.1,86.1,86.6,103,96,34.2,0.35625,147,140,46.33,0.330928571,4,9,1,60,6/10/2024,142.7,Cold Dormancy,3 months-Post
6.5,GT2023_N06,848,unk,GWA,8/14/2023,Bottom,43.12,43.1,Hatched,GT2023_N06.05,8/16/2023,8/16/2023,8/18/2023,5,8/18/2023,34,48.9,48.2,301,8,8/30/2023,38.51,9/6/2023,39.82,9/13/2023,42.68,9/20/2023,43.24,9/27/2023,46.88,10/13/2023,50.65,10/27/2023,55.26,11/10/2023,43.82,11/24/2023,63.47,552.6,12/10/2023,71.9,62.5,59.8,12/21/2023,79.5,68.5,65.4,1/7/2024,92.6,1/20/2024,104.7,76.2,71.9,2/17/2024,130,82.6,79.2,3/17/2024,168.3,89.7,86.3,4/14/2024,203.7,94.1,91.5,5/16/2024,232.4,94.1,92.9,6/16/2024,258.9,103.1,101.3,103,98,29.47,0.300714286,147,142,58.6,0.412676056,3,8,1:50,100,11/5/2023,NA,Constant Growth,Pre-Hibernation
6.5,GT2023_N06,848,unk,GWA,8/14/2023,Bottom,43.12,43.1,Hatched,GT2023_N06.05,8/16/2023,8/16/2023,8/18/2023,5,8/18/2023,34,48.9,48.2,301,8,8/30/2023,38.51,9/6/2023,39.82,9/13/2023,42.68,9/20/2023,43.24,9/27/2023,46.88,10/13/2023,50.65,10/27/2023,55.26,11/10/2023,43.82,11/24/2023,63.47,552.6,12/10/2023,71.9,62.5,59.8,12/21/2023,79.5,68.5,65.4,1/7/2024,92.6,1/20/2024,104.7,76.2,71.9,2/17/2024,130,82.6,79.2,3/17/2024,168.3,89.7,86.3,4/14/2024,203.7,94.1,91.5,5/16/2024,232.4,94.1,92.9,6/16/2024,258.9,103.1,101.3,103,98,29.47,0.300714286,147,142,58.6,0.412676056,2,8,5:00,149,2/28/2024,NA,Constant Growth,Dormancy
6.5,GT2023_N06,848,unk,GWA,8/14/2023,Bottom,43.12,43.1,Hatched,GT2023_N06.05,8/16/2023,8/16/2023,8/18/2023,5,8/18/2023,34,48.9,48.2,301,8,8/30/2023,38.51,9/6/2023,39.82,9/13/2023,42.68,9/20/2023,43.24,9/27/2023,46.88,10/13/2023,50.65,10/27/2023,55.26,11/10/2023,43.82,11/24/2023,63.47,552.6,12/10/2023,71.9,62.5,59.8,12/21/2023,79.5,68.5,65.4,1/7/2024,92.6,1/20/2024,104.7,76.2,71.9,2/17/2024,130,82.6,79.2,3/17/2024,168.3,89.7,86.3,4/14/2024,203.7,94.1,91.5,5/16/2024,232.4,94.1,92.9,6/16/2024,258.9,103.1,101.3,103,98,29.47,0.300714286,147,142,58.6,0.412676056,2,8,3:15,97,3/19/2024,168.3,Constant Growth,3 weeks-Post
6.5,GT2023_N06,848,unk,GWA,8/14/2023,Bottom,43.12,43.1,Hatched,GT2023_N06.05,8/16/2023,8/16/2023,8/18/2023,5,8/18/2023,34,48.9,48.2,301,8,8/30/2023,38.51,9/6/2023,39.82,9/13/2023,42.68,9/20/2023,43.24,9/27/2023,46.88,10/13/2023,50.65,10/27/2023,55.26,11/10/2023,43.82,11/24/2023,63.47,552.6,12/10/2023,71.9,62.5,59.8,12/21/2023,79.5,68.5,65.4,1/7/2024,92.6,1/20/2024,104.7,76.2,71.9,2/17/2024,130,82.6,79.2,3/17/2024,168.3,89.7,86.3,4/14/2024,203.7,94.1,91.5,5/16/2024,232.4,94.1,92.9,6/16/2024,258.9,103.1,101.3,103,98,29.47,0.300714286,147,142,58.6,0.412676056,2,8,1,145,6/10/2024,232.4,Constant Growth,3 months-Post
7.1,GT2023_N07,855,237?,GWA,8/14/2023,Top,38.09,42.1,Hatched,GT2023_N07.01,8/20/2023,8/21/2023,8/23/2023,10,8/23/2023,24.97,43.4,44.7,319,9,8/30/2023,26.19,9/6/2023,32.35,9/13/2023,35.33,9/20/2023,38.35,9/27/2023,41,10/13/2023,44.97,10/27/2023,50.34,11/10/2023,52.92,11/24/2023,56.81,503.4,12/10/2023,62.14,61.4,59.3,12/21/2023,61.7,63.9,61.8,1/7/2024,62.6,1/20/2024,60,64.2,62.5,2/27/2024,56.1,64.3,61.6,3/17/2024,67.6,65.7,64,4/14/2024,88.5,71.2,69.4,5/16/2024,105.6,75.8,75.2,6/16/2024,120.8,79.1,78.4,103,93,31.84,0.342365591,147,137,37.63,0.274671533,3,9,4:37,150,11/5/2023,NA,Cold Dormancy,Pre-Hibernation
7.1,GT2023_N07,855,237?,GWA,8/14/2023,Top,38.09,42.1,Hatched,GT2023_N07.01,8/20/2023,8/21/2023,8/23/2023,10,8/23/2023,24.97,43.4,44.7,319,9,8/30/2023,26.19,9/6/2023,32.35,9/13/2023,35.33,9/20/2023,38.35,9/27/2023,41,10/13/2023,44.97,10/27/2023,50.34,11/10/2023,52.92,11/24/2023,56.81,503.4,12/10/2023,62.14,61.4,59.3,12/21/2023,61.7,63.9,61.8,1/7/2024,62.6,1/20/2024,60,64.2,62.5,2/27/2024,56.1,64.3,61.6,3/17/2024,67.6,65.7,64,4/14/2024,88.5,71.2,69.4,5/16/2024,105.6,75.8,75.2,6/16/2024,120.8,79.1,78.4,103,93,31.84,0.342365591,147,137,37.63,0.274671533,4,9,2:00,28,2/27/2024,NA,Cold Dormancy,Dormancy
7.1,GT2023_N07,855,237?,GWA,8/14/2023,Top,38.09,42.1,Hatched,GT2023_N07.01,8/20/2023,8/21/2023,8/23/2023,10,8/23/2023,24.97,43.4,44.7,319,9,8/30/2023,26.19,9/6/2023,32.35,9/13/2023,35.33,9/20/2023,38.35,9/27/2023,41,10/13/2023,44.97,10/27/2023,50.34,11/10/2023,52.92,11/24/2023,56.81,503.4,12/10/2023,62.14,61.4,59.3,12/21/2023,61.7,63.9,61.8,1/7/2024,62.6,1/20/2024,60,64.2,62.5,2/27/2024,56.1,64.3,61.6,3/17/2024,67.6,65.7,64,4/14/2024,88.5,71.2,69.4,5/16/2024,105.6,75.8,75.2,6/16/2024,120.8,79.1,78.4,103,93,31.84,0.342365591,147,137,37.63,0.274671533,4,9,1:54,117,3/19/2024,67.6,Cold Dormancy,3 weeks-Post
7.1,GT2023_N07,855,237?,GWA,8/14/2023,Top,38.09,42.1,Hatched,GT2023_N07.01,8/20/2023,8/21/2023,8/23/2023,10,8/23/2023,24.97,43.4,44.7,319,9,8/30/2023,26.19,9/6/2023,32.35,9/13/2023,35.33,9/20/2023,38.35,9/27/2023,41,10/13/2023,44.97,10/27/2023,50.34,11/10/2023,52.92,11/24/2023,56.81,503.4,12/10/2023,62.14,61.4,59.3,12/21/2023,61.7,63.9,61.8,1/7/2024,62.6,1/20/2024,60,64.2,62.5,2/27/2024,56.1,64.3,61.6,3/17/2024,67.6,65.7,64,4/14/2024,88.5,71.2,69.4,5/16/2024,105.6,75.8,75.2,6/16/2024,120.8,79.1,78.4,103,93,31.84,0.342365591,147,137,37.63,0.274671533,4,9,4,112,6/10/2024,105.6,Cold Dormancy,3 months-Post
7.2,GT2023_N07,855,237?,GWA,8/14/2023,Top,40.37,42.4,Hatched,GT2023_N07.02,8/28/2023,8/30/2023,8/31/2023,18,8/31/2023,29.07,48.8,49.8,350,10,8/31/2023,29.07,9/7/2023,30.4,9/14/2023,31.3,9/21/2023,35.91,9/28/2023,39.17,10/13/2023,42.95,10/27/2023,44.96,11/10/2023,47.91,11/24/2023,51.7,449.6,12/10/2023,58.5,59.5,57.5,12/21/2023,63.8,64.2,61.7,1/7/2024,73.6,1/20/2024,84.7,72.9,69.4,2/17/2024,107,77.8,76,3/17/2024,123.7,83.8,81,4/14/2024,141.1,87.2,85.3,5/16/2024,150.9,89.8,86.9,6/16/2024,184.2,91.4,90.9,103,85,22.63,0.266235294,147,129,44.53,0.345193798,4,10,1:54,121,11/5/2023,NA,Constant Growth,Pre-Hibernation
7.2,GT2023_N07,855,237?,GWA,8/14/2023,Top,40.37,42.4,Hatched,GT2023_N07.02,8/28/2023,8/30/2023,8/31/2023,18,8/31/2023,29.07,48.8,49.8,350,10,8/31/2023,29.07,9/7/2023,30.4,9/14/2023,31.3,9/21/2023,35.91,9/28/2023,39.17,10/13/2023,42.95,10/27/2023,44.96,11/10/2023,47.91,11/24/2023,51.7,449.6,12/10/2023,58.5,59.5,57.5,12/21/2023,63.8,64.2,61.7,1/7/2024,73.6,1/20/2024,84.7,72.9,69.4,2/17/2024,107,77.8,76,3/17/2024,123.7,83.8,81,4/14/2024,141.1,87.2,85.3,5/16/2024,150.9,89.8,86.9,6/16/2024,184.2,91.4,90.9,103,85,22.63,0.266235294,147,129,44.53,0.345193798,3,10,7:00,78,2/28/2024,NA,Constant Growth,Dormancy
7.2,GT2023_N07,855,237?,GWA,8/14/2023,Top,40.37,42.4,Hatched,GT2023_N07.02,8/28/2023,8/30/2023,8/31/2023,18,8/31/2023,29.07,48.8,49.8,350,10,8/31/2023,29.07,9/7/2023,30.4,9/14/2023,31.3,9/21/2023,35.91,9/28/2023,39.17,10/13/2023,42.95,10/27/2023,44.96,11/10/2023,47.91,11/24/2023,51.7,449.6,12/10/2023,58.5,59.5,57.5,12/21/2023,63.8,64.2,61.7,1/7/2024,73.6,1/20/2024,84.7,72.9,69.4,2/17/2024,107,77.8,76,3/17/2024,123.7,83.8,81,4/14/2024,141.1,87.2,85.3,5/16/2024,150.9,89.8,86.9,6/16/2024,184.2,91.4,90.9,103,85,22.63,0.266235294,147,129,44.53,0.345193798,3,10,2:46,82,3/19/2024,123.7,Constant Growth,3 weeks-Post
7.2,GT2023_N07,855,237?,GWA,8/14/2023,Top,40.37,42.4,Hatched,GT2023_N07.02,8/28/2023,8/30/2023,8/31/2023,18,8/31/2023,29.07,48.8,49.8,350,10,8/31/2023,29.07,9/7/2023,30.4,9/14/2023,31.3,9/21/2023,35.91,9/28/2023,39.17,10/13/2023,42.95,10/27/2023,44.96,11/10/2023,47.91,11/24/2023,51.7,449.6,12/10/2023,58.5,59.5,57.5,12/21/2023,63.8,64.2,61.7,1/7/2024,73.6,1/20/2024,84.7,72.9,69.4,2/17/2024,107,77.8,76,3/17/2024,123.7,83.8,81,4/14/2024,141.1,87.2,85.3,5/16/2024,150.9,89.8,86.9,6/16/2024,184.2,91.4,90.9,103,85,22.63,0.266235294,147,129,44.53,0.345193798,3,10,2,130,6/10/2024,150.9,Constant Growth,3 months-Post
7.3,GT2023_N07,855,237?,GWA,8/14/2023,Bottom,40.29,43.9,Hatched,GT2023_N07.03,8/23/2023,8/24/2023,8/26/2023,13,8/26/2023,27.79,46.6,44.8,329,11,8/31/2023,28.42,9/7/2023,31.84,9/14/2023,32.78,9/21/2023,36.05,9/28/2023,37.45,10/13/2023,44.14,10/27/2023,48.36,11/10/2023,52.42,11/24/2023,55.67,483.6,12/10/2023,63.8,61.2,57.7,12/21/2023,64.8,64.3,61.2,1/7/2024,66.2,1/20/2024,61.7,64,60.9,2/27/2024,61.1,64.2,61.7,3/17/2024,68.7,66.2,62.8,4/14/2024,90,73.1,69.1,5/16/2024,120,79.7,77.3,6/16/2024,148.2,84.9,83.6,103,90,27.88,0.309777778,147,134,38.41,0.286641791,4,11,4:18,134,11/5/2023,NA,Cold Dormancy,Pre-Hibernation
7.3,GT2023_N07,855,237?,GWA,8/14/2023,Bottom,40.29,43.9,Hatched,GT2023_N07.03,8/23/2023,8/24/2023,8/26/2023,13,8/26/2023,27.79,46.6,44.8,329,11,8/31/2023,28.42,9/7/2023,31.84,9/14/2023,32.78,9/21/2023,36.05,9/28/2023,37.45,10/13/2023,44.14,10/27/2023,48.36,11/10/2023,52.42,11/24/2023,55.67,483.6,12/10/2023,63.8,61.2,57.7,12/21/2023,64.8,64.3,61.2,1/7/2024,66.2,1/20/2024,61.7,64,60.9,2/27/2024,61.1,64.2,61.7,3/17/2024,68.7,66.2,62.8,4/14/2024,90,73.1,69.1,5/16/2024,120,79.7,77.3,6/16/2024,148.2,84.9,83.6,103,90,27.88,0.309777778,147,134,38.41,0.286641791,4,11,4:25,35,2/27/2024,NA,Cold Dormancy,Dormancy
7.3,GT2023_N07,855,237?,GWA,8/14/2023,Bottom,40.29,43.9,Hatched,GT2023_N07.03,8/23/2023,8/24/2023,8/26/2023,13,8/26/2023,27.79,46.6,44.8,329,11,8/31/2023,28.42,9/7/2023,31.84,9/14/2023,32.78,9/21/2023,36.05,9/28/2023,37.45,10/13/2023,44.14,10/27/2023,48.36,11/10/2023,52.42,11/24/2023,55.67,483.6,12/10/2023,63.8,61.2,57.7,12/21/2023,64.8,64.3,61.2,1/7/2024,66.2,1/20/2024,61.7,64,60.9,2/27/2024,61.1,64.2,61.7,3/17/2024,68.7,66.2,62.8,4/14/2024,90,73.1,69.1,5/16/2024,120,79.7,77.3,6/16/2024,148.2,84.9,83.6,103,90,27.88,0.309777778,147,134,38.41,0.286641791,4,11,2:40,72,3/19/2024,68.7,Cold Dormancy,3 weeks-Post
7.3,GT2023_N07,855,237?,GWA,8/14/2023,Bottom,40.29,43.9,Hatched,GT2023_N07.03,8/23/2023,8/24/2023,8/26/2023,13,8/26/2023,27.79,46.6,44.8,329,11,8/31/2023,28.42,9/7/2023,31.84,9/14/2023,32.78,9/21/2023,36.05,9/28/2023,37.45,10/13/2023,44.14,10/27/2023,48.36,11/10/2023,52.42,11/24/2023,55.67,483.6,12/10/2023,63.8,61.2,57.7,12/21/2023,64.8,64.3,61.2,1/7/2024,66.2,1/20/2024,61.7,64,60.9,2/27/2024,61.1,64.2,61.7,3/17/2024,68.7,66.2,62.8,4/14/2024,90,73.1,69.1,5/16/2024,120,79.7,77.3,6/16/2024,148.2,84.9,83.6,103,90,27.88,0.309777778,147,134,38.41,0.286641791,4,11,3,123,6/10/2024,120,Cold Dormancy,3 months-Post
7.4,GT2023_N07,855,237?,GWA,8/14/2023,Bottom,39.87,43.7,Hatched,GT2023_N07.04,8/22/2023,8/24/2023,8/24/2023,11,8/24/2023,28.92,47.1,46.9,324,2,8/28/2023,27.71,9/4/2023,32.32,9/11/2023,36,9/18/2023,37.2,9/25/2023,39.75,10/13/2023,46.32,10/27/2023,50.18,11/10/2023,55.2,11/24/2023,58.04,501.8,12/10/2023,63.3,61.9,60,12/21/2023,67.3,65.5,63.4,1/7/2024,71.6,1/20/2024,81.4,70.4,68,2/17/2024,97.2,73.4,72.2,3/17/2024,111.5,76.5,75.7,4/14/2024,119.1,79.3,78.4,5/16/2024,134.7,81.9,81.4,6/16/2024,146.6,83.6,83.4,103,92,29.12,0.316521739,147,136,42.68,0.313823529,1,2,4:26,186,11/5/2023,NA,Constant Growth,Pre-Hibernation
7.4,GT2023_N07,855,237?,GWA,8/14/2023,Bottom,39.87,43.7,Hatched,GT2023_N07.04,8/22/2023,8/24/2023,8/24/2023,11,8/24/2023,28.92,47.1,46.9,324,2,8/28/2023,27.71,9/4/2023,32.32,9/11/2023,36,9/18/2023,37.2,9/25/2023,39.75,10/13/2023,46.32,10/27/2023,50.18,11/10/2023,55.2,11/24/2023,58.04,501.8,12/10/2023,63.3,61.9,60,12/21/2023,67.3,65.5,63.4,1/7/2024,71.6,1/20/2024,81.4,70.4,68,2/17/2024,97.2,73.4,72.2,3/17/2024,111.5,76.5,75.7,4/14/2024,119.1,79.3,78.4,5/16/2024,134.7,81.9,81.4,6/16/2024,146.6,83.6,83.4,103,92,29.12,0.316521739,147,136,42.68,0.313823529,3,2,6:00,148,2/27/2024,NA,Constant Growth,Dormancy
7.4,GT2023_N07,855,237?,GWA,8/14/2023,Bottom,39.87,43.7,Hatched,GT2023_N07.04,8/22/2023,8/24/2023,8/24/2023,11,8/24/2023,28.92,47.1,46.9,324,2,8/28/2023,27.71,9/4/2023,32.32,9/11/2023,36,9/18/2023,37.2,9/25/2023,39.75,10/13/2023,46.32,10/27/2023,50.18,11/10/2023,55.2,11/24/2023,58.04,501.8,12/10/2023,63.3,61.9,60,12/21/2023,67.3,65.5,63.4,1/7/2024,71.6,1/20/2024,81.4,70.4,68,2/17/2024,97.2,73.4,72.2,3/17/2024,111.5,76.5,75.7,4/14/2024,119.1,79.3,78.4,5/16/2024,134.7,81.9,81.4,6/16/2024,146.6,83.6,83.4,103,92,29.12,0.316521739,147,136,42.68,0.313823529,3,2,4:15,129,3/19/2024,111.5,Constant Growth,3 weeks-Post
7.4,GT2023_N07,855,237?,GWA,8/14/2023,Bottom,39.87,43.7,Hatched,GT2023_N07.04,8/22/2023,8/24/2023,8/24/2023,11,8/24/2023,28.92,47.1,46.9,324,2,8/28/2023,27.71,9/4/2023,32.32,9/11/2023,36,9/18/2023,37.2,9/25/2023,39.75,10/13/2023,46.32,10/27/2023,50.18,11/10/2023,55.2,11/24/2023,58.04,501.8,12/10/2023,63.3,61.9,60,12/21/2023,67.3,65.5,63.4,1/7/2024,71.6,1/20/2024,81.4,70.4,68,2/17/2024,97.2,73.4,72.2,3/17/2024,111.5,76.5,75.7,4/14/2024,119.1,79.3,78.4,5/16/2024,134.7,81.9,81.4,6/16/2024,146.6,83.6,83.4,103,92,29.12,0.316521739,147,136,42.68,0.313823529,3,2,1,99,6/10/2024,134.7,Constant Growth,3 months-Post
7.5,GT2023_N07,855,237?,GWA,8/14/2023,Bottom,38.34,41.4,Hatched,GT2023_N07.05,8/23/2023,8/25/2023,8/26/2023,13,8/26/2023,28.6,46.8,47.6,328,1,8/28/2023,27.94,9/4/2023,29.72,9/11/2023,35.5,9/18/2023,40.05,9/25/2023,43.57,10/13/2023,48.39,10/27/2023,56.63,11/10/2023,56.59,11/24/2023,63.95,566.3,12/10/2023,77.57,64.7,63.3,12/21/2023,78,69.5,67.7,1/7/2024,80,1/20/2024,72.7,69.4,68.1,2/27/2024,74.9,69.3,67.6,3/17/2024,81.1,70.5,69,4/14/2024,108,76.1,75.2,5/16/2024,130,77.8,78.2,6/16/2024,151.5,84.1,86.2,103,90,35.35,0.392777778,147,134,51.4,0.38358209,1,1,8:23,116,11/1/2023,NA,Cold Dormancy,Pre-Hibernation
7.5,GT2023_N07,855,237?,GWA,8/14/2023,Bottom,38.34,41.4,Hatched,GT2023_N07.05,8/23/2023,8/25/2023,8/26/2023,13,8/26/2023,28.6,46.8,47.6,328,1,8/28/2023,27.94,9/4/2023,29.72,9/11/2023,35.5,9/18/2023,40.05,9/25/2023,43.57,10/13/2023,48.39,10/27/2023,56.63,11/10/2023,56.59,11/24/2023,63.95,566.3,12/10/2023,77.57,64.7,63.3,12/21/2023,78,69.5,67.7,1/7/2024,80,1/20/2024,72.7,69.4,68.1,2/27/2024,74.9,69.3,67.6,3/17/2024,81.1,70.5,69,4/14/2024,108,76.1,75.2,5/16/2024,130,77.8,78.2,6/16/2024,151.5,84.1,86.2,103,90,35.35,0.392777778,147,134,51.4,0.38358209,1,1,4:32,30,2/27/2024,NA,Cold Dormancy,Dormancy
7.5,GT2023_N07,855,237?,GWA,8/14/2023,Bottom,38.34,41.4,Hatched,GT2023_N07.05,8/23/2023,8/25/2023,8/26/2023,13,8/26/2023,28.6,46.8,47.6,328,1,8/28/2023,27.94,9/4/2023,29.72,9/11/2023,35.5,9/18/2023,40.05,9/25/2023,43.57,10/13/2023,48.39,10/27/2023,56.63,11/10/2023,56.59,11/24/2023,63.95,566.3,12/10/2023,77.57,64.7,63.3,12/21/2023,78,69.5,67.7,1/7/2024,80,1/20/2024,72.7,69.4,68.1,2/27/2024,74.9,69.3,67.6,3/17/2024,81.1,70.5,69,4/14/2024,108,76.1,75.2,5/16/2024,130,77.8,78.2,6/16/2024,151.5,84.1,86.2,103,90,35.35,0.392777778,147,134,51.4,0.38358209,1,1,6:29,85,3/19/2024,81.1,Cold Dormancy,3 weeks-Post
7.5,GT2023_N07,855,237?,GWA,8/14/2023,Bottom,38.34,41.4,Hatched,GT2023_N07.05,8/23/2023,8/25/2023,8/26/2023,13,8/26/2023,28.6,46.8,47.6,328,1,8/28/2023,27.94,9/4/2023,29.72,9/11/2023,35.5,9/18/2023,40.05,9/25/2023,43.57,10/13/2023,48.39,10/27/2023,56.63,11/10/2023,56.59,11/24/2023,63.95,566.3,12/10/2023,77.57,64.7,63.3,12/21/2023,78,69.5,67.7,1/7/2024,80,1/20/2024,72.7,69.4,68.1,2/27/2024,74.9,69.3,67.6,3/17/2024,81.1,70.5,69,4/14/2024,108,76.1,75.2,5/16/2024,130,77.8,78.2,6/16/2024,151.5,84.1,86.2,103,90,35.35,0.392777778,147,134,51.4,0.38358209,1,1,4,93,6/10/2024,130,Cold Dormancy,3 months-Post
8.1,GT2023_N08,363,258,GWA,8/14/2023,Top,51.71,47,Hatched,GT2023_N08.01,8/19/2023,8/20/2023,8/22/2023,9,8/22/2023,38.33,53.6,53.7,316,2,8/28/2023,43.3,9/4/2023,46.89,9/11/2023,50.8,9/18/2023,53,9/25/2023,53.32,10/13/2023,61.49,10/27/2023,64.2,11/10/2023,67.7,11/24/2023,74.57,642,12/10/2023,80,67.9,66.7,12/21/2023,88.3,72.4,71.3,1/7/2024,96.5,1/20/2024,104.8,77.6,76.1,2/17/2024,121,80.1,79.9,3/17/2024,139.4,84.1,82.3,4/14/2024,157.8,89.2,88.1,5/16/2024,183.1,92.2,92.7,6/16/2024,210.9,95,94.3,103,94,36.24,0.385531915,147,138,58.17,0.421521739,1,2,2:28,143,11/5/2023,NA,Constant Growth,Pre-Hibernation
8.1,GT2023_N08,363,258,GWA,8/14/2023,Top,51.71,47,Hatched,GT2023_N08.01,8/19/2023,8/20/2023,8/22/2023,9,8/22/2023,38.33,53.6,53.7,316,2,8/28/2023,43.3,9/4/2023,46.89,9/11/2023,50.8,9/18/2023,53,9/25/2023,53.32,10/13/2023,61.49,10/27/2023,64.2,11/10/2023,67.7,11/24/2023,74.57,642,12/10/2023,80,67.9,66.7,12/21/2023,88.3,72.4,71.3,1/7/2024,96.5,1/20/2024,104.8,77.6,76.1,2/17/2024,121,80.1,79.9,3/17/2024,139.4,84.1,82.3,4/14/2024,157.8,89.2,88.1,5/16/2024,183.1,92.2,92.7,6/16/2024,210.9,95,94.3,103,94,36.24,0.385531915,147,138,58.17,0.421521739,3,2,4:55,86,2/28/2024,NA,Constant Growth,Dormancy
8.1,GT2023_N08,363,258,GWA,8/14/2023,Top,51.71,47,Hatched,GT2023_N08.01,8/19/2023,8/20/2023,8/22/2023,9,8/22/2023,38.33,53.6,53.7,316,2,8/28/2023,43.3,9/4/2023,46.89,9/11/2023,50.8,9/18/2023,53,9/25/2023,53.32,10/13/2023,61.49,10/27/2023,64.2,11/10/2023,67.7,11/24/2023,74.57,642,12/10/2023,80,67.9,66.7,12/21/2023,88.3,72.4,71.3,1/7/2024,96.5,1/20/2024,104.8,77.6,76.1,2/17/2024,121,80.1,79.9,3/17/2024,139.4,84.1,82.3,4/14/2024,157.8,89.2,88.1,5/16/2024,183.1,92.2,92.7,6/16/2024,210.9,95,94.3,103,94,36.24,0.385531915,147,138,58.17,0.421521739,3,2,8:20,154,3/19/2024,139.4,Constant Growth,3 weeks-Post
8.1,GT2023_N08,363,258,GWA,8/14/2023,Top,51.71,47,Hatched,GT2023_N08.01,8/19/2023,8/20/2023,8/22/2023,9,8/22/2023,38.33,53.6,53.7,316,2,8/28/2023,43.3,9/4/2023,46.89,9/11/2023,50.8,9/18/2023,53,9/25/2023,53.32,10/13/2023,61.49,10/27/2023,64.2,11/10/2023,67.7,11/24/2023,74.57,642,12/10/2023,80,67.9,66.7,12/21/2023,88.3,72.4,71.3,1/7/2024,96.5,1/20/2024,104.8,77.6,76.1,2/17/2024,121,80.1,79.9,3/17/2024,139.4,84.1,82.3,4/14/2024,157.8,89.2,88.1,5/16/2024,183.1,92.2,92.7,6/16/2024,210.9,95,94.3,103,94,36.24,0.385531915,147,138,58.17,0.421521739,3,2,6,180,6/10/2024,183.1,Constant Growth,3 months-Post
8.2,GT2023_N08,363,258,GWA,8/14/2023,Top,49.57,46.3,Hatched,GT2023_N08.02,,8/18/2023,8/20/2023,7,8/20/2023,37.77,52.3,53.3,308,3,8/28/2023,43.12,9/4/2023,43.54,9/11/2023,51.5,9/18/2023,53.81,9/25/2023,56.72,10/13/2023,61.6,10/27/2023,65.73,11/10/2023,66.84,11/24/2023,75.7,657.3,12/10/2023,86.48,70.1,67.6,12/21/2023,92.1,73.8,71.3,1/7/2024,89.2,1/20/2024,86.1,73.1,71.2,2/27/2024,81,72.6,71,3/17/2024,100,75.4,74,4/14/2024,129.5,81.9,80.2,5/16/2024,161.4,84,81.7,6/16/2024,200,93.8,94,103,96,37.93,0.395104167,147,140,51.43,0.367357143,1,3,5:10,118,11/5/2023,NA,Cold Dormancy,Pre-Hibernation
8.2,GT2023_N08,363,258,GWA,8/14/2023,Top,49.57,46.3,Hatched,GT2023_N08.02,,8/18/2023,8/20/2023,7,8/20/2023,37.77,52.3,53.3,308,3,8/28/2023,43.12,9/4/2023,43.54,9/11/2023,51.5,9/18/2023,53.81,9/25/2023,56.72,10/13/2023,61.6,10/27/2023,65.73,11/10/2023,66.84,11/24/2023,75.7,657.3,12/10/2023,86.48,70.1,67.6,12/21/2023,92.1,73.8,71.3,1/7/2024,89.2,1/20/2024,86.1,73.1,71.2,2/27/2024,81,72.6,71,3/17/2024,100,75.4,74,4/14/2024,129.5,81.9,80.2,5/16/2024,161.4,84,81.7,6/16/2024,200,93.8,94,103,96,37.93,0.395104167,147,140,51.43,0.367357143,1,3,3:05,45,2/27/2024,NA,Cold Dormancy,Dormancy
8.2,GT2023_N08,363,258,GWA,8/14/2023,Top,49.57,46.3,Hatched,GT2023_N08.02,,8/18/2023,8/20/2023,7,8/20/2023,37.77,52.3,53.3,308,3,8/28/2023,43.12,9/4/2023,43.54,9/11/2023,51.5,9/18/2023,53.81,9/25/2023,56.72,10/13/2023,61.6,10/27/2023,65.73,11/10/2023,66.84,11/24/2023,75.7,657.3,12/10/2023,86.48,70.1,67.6,12/21/2023,92.1,73.8,71.3,1/7/2024,89.2,1/20/2024,86.1,73.1,71.2,2/27/2024,81,72.6,71,3/17/2024,100,75.4,74,4/14/2024,129.5,81.9,80.2,5/16/2024,161.4,84,81.7,6/16/2024,200,93.8,94,103,96,37.93,0.395104167,147,140,51.43,0.367357143,1,3,7:40,128,3/19/2024,100,Cold Dormancy,3 weeks-Post
8.2,GT2023_N08,363,258,GWA,8/14/2023,Top,49.57,46.3,Hatched,GT2023_N08.02,,8/18/2023,8/20/2023,7,8/20/2023,37.77,52.3,53.3,308,3,8/28/2023,43.12,9/4/2023,43.54,9/11/2023,51.5,9/18/2023,53.81,9/25/2023,56.72,10/13/2023,61.6,10/27/2023,65.73,11/10/2023,66.84,11/24/2023,75.7,657.3,12/10/2023,86.48,70.1,67.6,12/21/2023,92.1,73.8,71.3,1/7/2024,89.2,1/20/2024,86.1,73.1,71.2,2/27/2024,81,72.6,71,3/17/2024,100,75.4,74,4/14/2024,129.5,81.9,80.2,5/16/2024,161.4,84,81.7,6/16/2024,200,93.8,94,103,96,37.93,0.395104167,147,140,51.43,0.367357143,1,3,3,141,6/10/2024,161.4,Cold Dormancy,3 months-Post
9.1,GT2023_N09,362,25,GWA,8/14/2023,Top,43.13,41.6,Hatched,GT2023_N09.01,8/25/2023,8/27/2023,8/29/2023,16,8/29/2023,30.33,48.8,50.5,341,4,,NA,9/5/2023,31.54,9/12/2023,30.24,9/19/2023,31.93,9/28/2023,37.92,10/13/2023,42.04,10/27/2023,48.56,11/10/2023,53.4,11/24/2023,59.77,485.6,12/10/2023,69.88,61.8,61.2,12/21/2023,77.9,69.4,66.9,1/7/2024,93.8,1/20/2024,106.8,79.3,76.7,2/17/2024,134.1,86.4,84.2,3/17/2024,154.1,90.4,90.1,4/14/2024,185,95.5,96.7,5/16/2024,210,96.8,97,6/16/2024,257.2,103.8,106.3,103,87,29.44,0.338390805,147,131,63.47,0.484503817,4,12,5:45,92,11/1/2023,NA,Constant Growth,Pre-Hibernation
9.1,GT2023_N09,362,25,GWA,8/14/2023,Top,43.13,41.6,Hatched,GT2023_N09.01,8/25/2023,8/27/2023,8/29/2023,16,8/29/2023,30.33,48.8,50.5,341,4,,NA,9/5/2023,31.54,9/12/2023,30.24,9/19/2023,31.93,9/28/2023,37.92,10/13/2023,42.04,10/27/2023,48.56,11/10/2023,53.4,11/24/2023,59.77,485.6,12/10/2023,69.88,61.8,61.2,12/21/2023,77.9,69.4,66.9,1/7/2024,93.8,1/20/2024,106.8,79.3,76.7,2/17/2024,134.1,86.4,84.2,3/17/2024,154.1,90.4,90.1,4/14/2024,185,95.5,96.7,5/16/2024,210,96.8,97,6/16/2024,257.2,103.8,106.3,103,87,29.44,0.338390805,147,131,63.47,0.484503817,2,12,4:50,97,2/28/2024,NA,Constant Growth,Dormancy
9.1,GT2023_N09,362,25,GWA,8/14/2023,Top,43.13,41.6,Hatched,GT2023_N09.01,8/25/2023,8/27/2023,8/29/2023,16,8/29/2023,30.33,48.8,50.5,341,4,,NA,9/5/2023,31.54,9/12/2023,30.24,9/19/2023,31.93,9/28/2023,37.92,10/13/2023,42.04,10/27/2023,48.56,11/10/2023,53.4,11/24/2023,59.77,485.6,12/10/2023,69.88,61.8,61.2,12/21/2023,77.9,69.4,66.9,1/7/2024,93.8,1/20/2024,106.8,79.3,76.7,2/17/2024,134.1,86.4,84.2,3/17/2024,154.1,90.4,90.1,4/14/2024,185,95.5,96.7,5/16/2024,210,96.8,97,6/16/2024,257.2,103.8,106.3,103,87,29.44,0.338390805,147,131,63.47,0.484503817,2,12,2:11,125,3/19/2024,154.1,Constant Growth,3 weeks-Post
9.1,GT2023_N09,362,25,GWA,8/14/2023,Top,43.13,41.6,Hatched,GT2023_N09.01,8/25/2023,8/27/2023,8/29/2023,16,8/29/2023,30.33,48.8,50.5,341,4,,NA,9/5/2023,31.54,9/12/2023,30.24,9/19/2023,31.93,9/28/2023,37.92,10/13/2023,42.04,10/27/2023,48.56,11/10/2023,53.4,11/24/2023,59.77,485.6,12/10/2023,69.88,61.8,61.2,12/21/2023,77.9,69.4,66.9,1/7/2024,93.8,1/20/2024,106.8,79.3,76.7,2/17/2024,134.1,86.4,84.2,3/17/2024,154.1,90.4,90.1,4/14/2024,185,95.5,96.7,5/16/2024,210,96.8,97,6/16/2024,257.2,103.8,106.3,103,87,29.44,0.338390805,147,131,63.47,0.484503817,2,12,3,115,6/10/2024,210,Constant Growth,3 months-Post
9.2,GT2023_N09,362,25,GWA,8/14/2023,Middle,41.91,42.5,Hatched,GT2023_N09.02,8/24/2023,8/26/2023,8/27/2023,14,8/27/2023,30.6,49.7,52,334,5,8/29/2023,29.78,9/5/2023,31.61,9/12/2023,34.92,9/19/2023,35.54,9/26/2023,38.21,10/13/2023,43.14,10/27/2023,47.28,11/10/2023,50.86,11/24/2023,54.6,472.8,12/10/2023,60,62.4,62.8,12/21/2023,68.7,68.7,67.8,1/7/2024,81,1/20/2024,89,75.7,74,2/17/2024,111.1,81.5,80.2,3/17/2024,122.3,83.1,84,4/14/2024,138.2,87.4,86.9,5/16/2024,154.1,90.4,90.1,6/16/2024,165.5,93.5,92.4,103,89,24,0.269662921,147,133,50.4,0.378947368,2,5,4:10,139,11/5/2023,NA,Constant Growth,Pre-Hibernation
9.2,GT2023_N09,362,25,GWA,8/14/2023,Middle,41.91,42.5,Hatched,GT2023_N09.02,8/24/2023,8/26/2023,8/27/2023,14,8/27/2023,30.6,49.7,52,334,5,8/29/2023,29.78,9/5/2023,31.61,9/12/2023,34.92,9/19/2023,35.54,9/26/2023,38.21,10/13/2023,43.14,10/27/2023,47.28,11/10/2023,50.86,11/24/2023,54.6,472.8,12/10/2023,60,62.4,62.8,12/21/2023,68.7,68.7,67.8,1/7/2024,81,1/20/2024,89,75.7,74,2/17/2024,111.1,81.5,80.2,3/17/2024,122.3,83.1,84,4/14/2024,138.2,87.4,86.9,5/16/2024,154.1,90.4,90.1,6/16/2024,165.5,93.5,92.4,103,89,24,0.269662921,147,133,50.4,0.378947368,3,5,9:00,116,2/28/2024,NA,Constant Growth,Dormancy
9.2,GT2023_N09,362,25,GWA,8/14/2023,Middle,41.91,42.5,Hatched,GT2023_N09.02,8/24/2023,8/26/2023,8/27/2023,14,8/27/2023,30.6,49.7,52,334,5,8/29/2023,29.78,9/5/2023,31.61,9/12/2023,34.92,9/19/2023,35.54,9/26/2023,38.21,10/13/2023,43.14,10/27/2023,47.28,11/10/2023,50.86,11/24/2023,54.6,472.8,12/10/2023,60,62.4,62.8,12/21/2023,68.7,68.7,67.8,1/7/2024,81,1/20/2024,89,75.7,74,2/17/2024,111.1,81.5,80.2,3/17/2024,122.3,83.1,84,4/14/2024,138.2,87.4,86.9,5/16/2024,154.1,90.4,90.1,6/16/2024,165.5,93.5,92.4,103,89,24,0.269662921,147,133,50.4,0.378947368,3,5,6:40,110,3/19/2024,122.3,Constant Growth,3 weeks-Post
9.2,GT2023_N09,362,25,GWA,8/14/2023,Middle,41.91,42.5,Hatched,GT2023_N09.02,8/24/2023,8/26/2023,8/27/2023,14,8/27/2023,30.6,49.7,52,334,5,8/29/2023,29.78,9/5/2023,31.61,9/12/2023,34.92,9/19/2023,35.54,9/26/2023,38.21,10/13/2023,43.14,10/27/2023,47.28,11/10/2023,50.86,11/24/2023,54.6,472.8,12/10/2023,60,62.4,62.8,12/21/2023,68.7,68.7,67.8,1/7/2024,81,1/20/2024,89,75.7,74,2/17/2024,111.1,81.5,80.2,3/17/2024,122.3,83.1,84,4/14/2024,138.2,87.4,86.9,5/16/2024,154.1,90.4,90.1,6/16/2024,165.5,93.5,92.4,103,89,24,0.269662921,147,133,50.4,0.378947368,3,5,4,77,6/10/2024,154.1,Constant Growth,3 months-Post
9.3,GT2023_N09,362,25,GWA,8/14/2023,Middle,43.43,44.8,Hatched,GT2023_N09.03,8/26/2023,8/28/2023,8/30/2023,17,8/30/2023,30.3,49.5,50.2,343,6,,NA,9/5/2023,29.27,9/12/2023,36.24,9/19/2023,39.73,9/26/2023,41.86,10/13/2023,50.99,10/27/2023,56.21,11/10/2023,60.33,11/24/2023,70.6,562.1,12/10/2023,81.73,67,66.3,12/21/2023,87.4,73.2,71.9,1/7/2024,85.6,1/20/2024,84.7,72.5,72.2,2/27/2024,79.1,72.4,71.9,3/17/2024,97.8,75.4,74.8,4/14/2024,117.5,81.3,80.7,5/16/2024,142.8,81.7,83.7,6/16/2024,180.8,94.1,93.4,103,86,40.3,0.468604651,147,130,55.3,0.425384615,2,6,12:05,199,11/5/2023,NA,Cold Dormancy,Pre-Hibernation
9.3,GT2023_N09,362,25,GWA,8/14/2023,Middle,43.43,44.8,Hatched,GT2023_N09.03,8/26/2023,8/28/2023,8/30/2023,17,8/30/2023,30.3,49.5,50.2,343,6,,NA,9/5/2023,29.27,9/12/2023,36.24,9/19/2023,39.73,9/26/2023,41.86,10/13/2023,50.99,10/27/2023,56.21,11/10/2023,60.33,11/24/2023,70.6,562.1,12/10/2023,81.73,67,66.3,12/21/2023,87.4,73.2,71.9,1/7/2024,85.6,1/20/2024,84.7,72.5,72.2,2/27/2024,79.1,72.4,71.9,3/17/2024,97.8,75.4,74.8,4/14/2024,117.5,81.3,80.7,5/16/2024,142.8,81.7,83.7,6/16/2024,180.8,94.1,93.4,103,86,40.3,0.468604651,147,130,55.3,0.425384615,1,6,4:50,41,2/27/2024,NA,Cold Dormancy,Dormancy
9.3,GT2023_N09,362,25,GWA,8/14/2023,Middle,43.43,44.8,Hatched,GT2023_N09.03,8/26/2023,8/28/2023,8/30/2023,17,8/30/2023,30.3,49.5,50.2,343,6,,NA,9/5/2023,29.27,9/12/2023,36.24,9/19/2023,39.73,9/26/2023,41.86,10/13/2023,50.99,10/27/2023,56.21,11/10/2023,60.33,11/24/2023,70.6,562.1,12/10/2023,81.73,67,66.3,12/21/2023,87.4,73.2,71.9,1/7/2024,85.6,1/20/2024,84.7,72.5,72.2,2/27/2024,79.1,72.4,71.9,3/17/2024,97.8,75.4,74.8,4/14/2024,117.5,81.3,80.7,5/16/2024,142.8,81.7,83.7,6/16/2024,180.8,94.1,93.4,103,86,40.3,0.468604651,147,130,55.3,0.425384615,1,6,3:17,90,3/19/2024,97.8,Cold Dormancy,3 weeks-Post
9.3,GT2023_N09,362,25,GWA,8/14/2023,Middle,43.43,44.8,Hatched,GT2023_N09.03,8/26/2023,8/28/2023,8/30/2023,17,8/30/2023,30.3,49.5,50.2,343,6,,NA,9/5/2023,29.27,9/12/2023,36.24,9/19/2023,39.73,9/26/2023,41.86,10/13/2023,50.99,10/27/2023,56.21,11/10/2023,60.33,11/24/2023,70.6,562.1,12/10/2023,81.73,67,66.3,12/21/2023,87.4,73.2,71.9,1/7/2024,85.6,1/20/2024,84.7,72.5,72.2,2/27/2024,79.1,72.4,71.9,3/17/2024,97.8,75.4,74.8,4/14/2024,117.5,81.3,80.7,5/16/2024,142.8,81.7,83.7,6/16/2024,180.8,94.1,93.4,103,86,40.3,0.468604651,147,130,55.3,0.425384615,1,6,2,147,6/10/2024,142.8,Cold Dormancy,3 months-Post
9.4,GT2023_N09,362,25,GWA,8/14/2023,Middle,40.63,44.43,Hatched,GT2023_N09.04,8/26/2023,8/27/2023,8/28/2023,15,8/28/2023,29.89,48.3,49.8,335,7,8/30/2023,29,9/6/2023,32.83,9/13/2023,32.48,9/20/2023,36.1,9/28/2023,37.76,10/13/2023,42.55,10/27/2023,46,11/10/2023,49.68,11/24/2023,52.08,460,12/10/2023,59.2,59.9,59.7,12/21/2023,68.4,66.7,64.6,1/7/2024,78.4,1/20/2024,89,74.2,72.8,2/17/2024,107,78.9,77.6,3/17/2024,129.4,84.9,84.4,4/14/2024,151.6,88,88.9,5/16/2024,168.6,91.8,92.2,6/16/2024,192,93.9,95.2,103,88,22.19,0.252159091,147,132,48.51,0.3675,4,10,6:00,80,11/5/2023,NA,Constant Growth,Pre-Hibernation
9.4,GT2023_N09,362,25,GWA,8/14/2023,Middle,40.63,44.43,Hatched,GT2023_N09.04,8/26/2023,8/27/2023,8/28/2023,15,8/28/2023,29.89,48.3,49.8,335,7,8/30/2023,29,9/6/2023,32.83,9/13/2023,32.48,9/20/2023,36.1,9/28/2023,37.76,10/13/2023,42.55,10/27/2023,46,11/10/2023,49.68,11/24/2023,52.08,460,12/10/2023,59.2,59.9,59.7,12/21/2023,68.4,66.7,64.6,1/7/2024,78.4,1/20/2024,89,74.2,72.8,2/17/2024,107,78.9,77.6,3/17/2024,129.4,84.9,84.4,4/14/2024,151.6,88,88.9,5/16/2024,168.6,91.8,92.2,6/16/2024,192,93.9,95.2,103,88,22.19,0.252159091,147,132,48.51,0.3675,3,10,4:20,103,2/28/2024,NA,Constant Growth,Dormancy
9.4,GT2023_N09,362,25,GWA,8/14/2023,Middle,40.63,44.43,Hatched,GT2023_N09.04,8/26/2023,8/27/2023,8/28/2023,15,8/28/2023,29.89,48.3,49.8,335,7,8/30/2023,29,9/6/2023,32.83,9/13/2023,32.48,9/20/2023,36.1,9/28/2023,37.76,10/13/2023,42.55,10/27/2023,46,11/10/2023,49.68,11/24/2023,52.08,460,12/10/2023,59.2,59.9,59.7,12/21/2023,68.4,66.7,64.6,1/7/2024,78.4,1/20/2024,89,74.2,72.8,2/17/2024,107,78.9,77.6,3/17/2024,129.4,84.9,84.4,4/14/2024,151.6,88,88.9,5/16/2024,168.6,91.8,92.2,6/16/2024,192,93.9,95.2,103,88,22.19,0.252159091,147,132,48.51,0.3675,3,10,2:56,135,3/19/2024,129.4,Constant Growth,3 weeks-Post
9.4,GT2023_N09,362,25,GWA,8/14/2023,Middle,40.63,44.43,Hatched,GT2023_N09.04,8/26/2023,8/27/2023,8/28/2023,15,8/28/2023,29.89,48.3,49.8,335,7,8/30/2023,29,9/6/2023,32.83,9/13/2023,32.48,9/20/2023,36.1,9/28/2023,37.76,10/13/2023,42.55,10/27/2023,46,11/10/2023,49.68,11/24/2023,52.08,460,12/10/2023,59.2,59.9,59.7,12/21/2023,68.4,66.7,64.6,1/7/2024,78.4,1/20/2024,89,74.2,72.8,2/17/2024,107,78.9,77.6,3/17/2024,129.4,84.9,84.4,4/14/2024,151.6,88,88.9,5/16/2024,168.6,91.8,92.2,6/16/2024,192,93.9,95.2,103,88,22.19,0.252159091,147,132,48.51,0.3675,3,10,3,125,6/10/2024,168.6,Constant Growth,3 months-Post
9.5,GT2023_N09,362,25,GWA,8/14/2023,Bottom,42.66,44.3,Hatched,GT2023_N09.05,8/27/2023,8/29/2023,8/31/2023,18,8/31/2023,32.2,48.4,49.4,349,8,,NA,9/6/2023,30.83,9/13/2023,36.29,9/20/2023,40.53,9/27/2023,43.11,10/13/2023,48.01,10/27/2023,53.12,11/10/2023,58.5,11/24/2023,64.55,531.2,12/10/2023,72.9,62,62.2,12/21/2023,82.8,69.6,69.1,1/7/2024,95,1/20/2024,111,79,78.5,2/17/2024,134,85.5,85.4,3/17/2024,167.3,91.5,93.7,4/14/2024,212.8,95.5,99.7,5/16/2024,230,97.3,100,6/16/2024,292.3,106.5,108.8,103,85,32.35,0.380588235,147,129,62.8,0.486821705,3,8,2:20,119,11/5/2023,NA,Constant Growth,Pre-Hibernation
9.5,GT2023_N09,362,25,GWA,8/14/2023,Bottom,42.66,44.3,Hatched,GT2023_N09.05,8/27/2023,8/29/2023,8/31/2023,18,8/31/2023,32.2,48.4,49.4,349,8,,NA,9/6/2023,30.83,9/13/2023,36.29,9/20/2023,40.53,9/27/2023,43.11,10/13/2023,48.01,10/27/2023,53.12,11/10/2023,58.5,11/24/2023,64.55,531.2,12/10/2023,72.9,62,62.2,12/21/2023,82.8,69.6,69.1,1/7/2024,95,1/20/2024,111,79,78.5,2/17/2024,134,85.5,85.4,3/17/2024,167.3,91.5,93.7,4/14/2024,212.8,95.5,99.7,5/16/2024,230,97.3,100,6/16/2024,292.3,106.5,108.8,103,85,32.35,0.380588235,147,129,62.8,0.486821705,2,8,4:24,84,2/28/2024,NA,Constant Growth,Dormancy
9.5,GT2023_N09,362,25,GWA,8/14/2023,Bottom,42.66,44.3,Hatched,GT2023_N09.05,8/27/2023,8/29/2023,8/31/2023,18,8/31/2023,32.2,48.4,49.4,349,8,,NA,9/6/2023,30.83,9/13/2023,36.29,9/20/2023,40.53,9/27/2023,43.11,10/13/2023,48.01,10/27/2023,53.12,11/10/2023,58.5,11/24/2023,64.55,531.2,12/10/2023,72.9,62,62.2,12/21/2023,82.8,69.6,69.1,1/7/2024,95,1/20/2024,111,79,78.5,2/17/2024,134,85.5,85.4,3/17/2024,167.3,91.5,93.7,4/14/2024,212.8,95.5,99.7,5/16/2024,230,97.3,100,6/16/2024,292.3,106.5,108.8,103,85,32.35,0.380588235,147,129,62.8,0.486821705,2,8,5:29,126,3/19/2024,167.3,Constant Growth,3 weeks-Post
9.5,GT2023_N09,362,25,GWA,8/14/2023,Bottom,42.66,44.3,Hatched,GT2023_N09.05,8/27/2023,8/29/2023,8/31/2023,18,8/31/2023,32.2,48.4,49.4,349,8,,NA,9/6/2023,30.83,9/13/2023,36.29,9/20/2023,40.53,9/27/2023,43.11,10/13/2023,48.01,10/27/2023,53.12,11/10/2023,58.5,11/24/2023,64.55,531.2,12/10/2023,72.9,62,62.2,12/21/2023,82.8,69.6,69.1,1/7/2024,95,1/20/2024,111,79,78.5,2/17/2024,134,85.5,85.4,3/17/2024,167.3,91.5,93.7,4/14/2024,212.8,95.5,99.7,5/16/2024,230,97.3,100,6/16/2024,292.3,106.5,108.8,103,85,32.35,0.380588235,147,129,62.8,0.486821705,2,8,4,70,6/10/2024,230,Constant Growth,3 months-Post
9.6,GT2023_N09,362,25,GWA,8/14/2023,Bottom,40.27,44.5,Hatched,GT2023_N09.06,8/26/2023,8/27/2023,8/29/2023,16,8/29/2023,30.77,49.6,49.8,338,9,8/30/2023,30.28,9/6/2023,33.55,9/13/2023,35.98,9/20/2023,40.19,9/27/2023,42.33,10/13/2023,49.35,10/27/2023,53.36,11/10/2023,57.67,11/24/2023,68,533.6,12/10/2023,77.85,66,63.9,12/21/2023,83.3,71.3,68,1/7/2024,85.1,1/20/2024,80.8,72.1,69.8,2/27/2024,77.3,71.6,74.6,3/17/2024,87.8,72.8,76.7,4/14/2024,108.4,79.1,76.9,5/16/2024,121,84.6,82,6/16/2024,142,86.9,85.3,103,87,37.23,0.427931034,147,131,54.33,0.414732824,3,9,5:57,152,11/5/2023,NA,Cold Dormancy,Pre-Hibernation
9.6,GT2023_N09,362,25,GWA,8/14/2023,Bottom,40.27,44.5,Hatched,GT2023_N09.06,8/26/2023,8/27/2023,8/29/2023,16,8/29/2023,30.77,49.6,49.8,338,9,8/30/2023,30.28,9/6/2023,33.55,9/13/2023,35.98,9/20/2023,40.19,9/27/2023,42.33,10/13/2023,49.35,10/27/2023,53.36,11/10/2023,57.67,11/24/2023,68,533.6,12/10/2023,77.85,66,63.9,12/21/2023,83.3,71.3,68,1/7/2024,85.1,1/20/2024,80.8,72.1,69.8,2/27/2024,77.3,71.6,74.6,3/17/2024,87.8,72.8,76.7,4/14/2024,108.4,79.1,76.9,5/16/2024,121,84.6,82,6/16/2024,142,86.9,85.3,103,87,37.23,0.427931034,147,131,54.33,0.414732824,4,9,3:40,46,2/27/2024,NA,Cold Dormancy,Dormancy
9.6,GT2023_N09,362,25,GWA,8/14/2023,Bottom,40.27,44.5,Hatched,GT2023_N09.06,8/26/2023,8/27/2023,8/29/2023,16,8/29/2023,30.77,49.6,49.8,338,9,8/30/2023,30.28,9/6/2023,33.55,9/13/2023,35.98,9/20/2023,40.19,9/27/2023,42.33,10/13/2023,49.35,10/27/2023,53.36,11/10/2023,57.67,11/24/2023,68,533.6,12/10/2023,77.85,66,63.9,12/21/2023,83.3,71.3,68,1/7/2024,85.1,1/20/2024,80.8,72.1,69.8,2/27/2024,77.3,71.6,74.6,3/17/2024,87.8,72.8,76.7,4/14/2024,108.4,79.1,76.9,5/16/2024,121,84.6,82,6/16/2024,142,86.9,85.3,103,87,37.23,0.427931034,147,131,54.33,0.414732824,4,9,2:44,101,3/19/2024,87.8,Cold Dormancy,3 weeks-Post
9.6,GT2023_N09,362,25,GWA,8/14/2023,Bottom,40.27,44.5,Hatched,GT2023_N09.06,8/26/2023,8/27/2023,8/29/2023,16,8/29/2023,30.77,49.6,49.8,338,9,8/30/2023,30.28,9/6/2023,33.55,9/13/2023,35.98,9/20/2023,40.19,9/27/2023,42.33,10/13/2023,49.35,10/27/2023,53.36,11/10/2023,57.67,11/24/2023,68,533.6,12/10/2023,77.85,66,63.9,12/21/2023,83.3,71.3,68,1/7/2024,85.1,1/20/2024,80.8,72.1,69.8,2/27/2024,77.3,71.6,74.6,3/17/2024,87.8,72.8,76.7,4/14/2024,108.4,79.1,76.9,5/16/2024,121,84.6,82,6/16/2024,142,86.9,85.3,103,87,37.23,0.427931034,147,131,54.33,0.414732824,4,9,4,146,6/10/2024,121,Cold Dormancy,3 months-Post
10.1,GT2023_N10,839,261,GWA,8/14/2023,Top,45.35,43.5,Hatched,GT2023_N10.01,9/6/2023,9/9/2023,9/11/2023,29,9/11/2023,34.32,52.8,51.6,358,10,,NA,,NA,9/14/2023,35.89,9/21/2023,39.3,9/28/2023,42.05,10/13/2023,48.05,10/27/2023,51.67,11/10/2023,58.19,11/24/2023,61.95,516.7,12/10/2023,68.8,63.3,60,12/21/2023,78.2,69.2,65.2,1/7/2024,85.5,1/20/2024,97.1,76.9,72.1,2/17/2024,115.8,82.7,78.6,3/17/2024,145.8,87.7,84.4,4/14/2024,171.1,90.9,88.5,5/16/2024,181.4,92,89.5,6/16/2024,184.8,92.1,89.3,103,74,27.63,0.373378378,147,118,51.18,0.433728814,4,10,2:37,138,11/5/2023,NA,Constant Growth,Pre-Hibernation
10.1,GT2023_N10,839,261,GWA,8/14/2023,Top,45.35,43.5,Hatched,GT2023_N10.01,9/6/2023,9/9/2023,9/11/2023,29,9/11/2023,34.32,52.8,51.6,358,10,,NA,,NA,9/14/2023,35.89,9/21/2023,39.3,9/28/2023,42.05,10/13/2023,48.05,10/27/2023,51.67,11/10/2023,58.19,11/24/2023,61.95,516.7,12/10/2023,68.8,63.3,60,12/21/2023,78.2,69.2,65.2,1/7/2024,85.5,1/20/2024,97.1,76.9,72.1,2/17/2024,115.8,82.7,78.6,3/17/2024,145.8,87.7,84.4,4/14/2024,171.1,90.9,88.5,5/16/2024,181.4,92,89.5,6/16/2024,184.8,92.1,89.3,103,74,27.63,0.373378378,147,118,51.18,0.433728814,3,10,2:47,141,2/28/2024,NA,Constant Growth,Dormancy
10.1,GT2023_N10,839,261,GWA,8/14/2023,Top,45.35,43.5,Hatched,GT2023_N10.01,9/6/2023,9/9/2023,9/11/2023,29,9/11/2023,34.32,52.8,51.6,358,10,,NA,,NA,9/14/2023,35.89,9/21/2023,39.3,9/28/2023,42.05,10/13/2023,48.05,10/27/2023,51.67,11/10/2023,58.19,11/24/2023,61.95,516.7,12/10/2023,68.8,63.3,60,12/21/2023,78.2,69.2,65.2,1/7/2024,85.5,1/20/2024,97.1,76.9,72.1,2/17/2024,115.8,82.7,78.6,3/17/2024,145.8,87.7,84.4,4/14/2024,171.1,90.9,88.5,5/16/2024,181.4,92,89.5,6/16/2024,184.8,92.1,89.3,103,74,27.63,0.373378378,147,118,51.18,0.433728814,3,10,5:30,94,3/19/2024,145.8,Constant Growth,3 weeks-Post
10.1,GT2023_N10,839,261,GWA,8/14/2023,Top,45.35,43.5,Hatched,GT2023_N10.01,9/6/2023,9/9/2023,9/11/2023,29,9/11/2023,34.32,52.8,51.6,358,10,,NA,,NA,9/14/2023,35.89,9/21/2023,39.3,9/28/2023,42.05,10/13/2023,48.05,10/27/2023,51.67,11/10/2023,58.19,11/24/2023,61.95,516.7,12/10/2023,68.8,63.3,60,12/21/2023,78.2,69.2,65.2,1/7/2024,85.5,1/20/2024,97.1,76.9,72.1,2/17/2024,115.8,82.7,78.6,3/17/2024,145.8,87.7,84.4,4/14/2024,171.1,90.9,88.5,5/16/2024,181.4,92,89.5,6/16/2024,184.8,92.1,89.3,103,74,27.63,0.373378378,147,118,51.18,0.433728814,3,10,2,83,6/10/2024,181.4,Constant Growth,3 months-Post
10.2,GT2023_N10,839,261,GWA,8/14/2023,Top,43.35,45,Hatched,GT2023_N10.02,9/7/2023,9/9/2023,9/11/2023,29,9/11/2023,32.99,48,49,360,11,,NA,,NA,9/14/2023,32.96,9/21/2023,33.77,9/28/2023,34.79,10/13/2023,40.05,10/27/2023,42.07,11/10/2023,45.45,11/24/2023,49.81,420.7,12/10/2023,55.48,58.2,55.5,12/21/2023,56.3,61.2,58.1,1/7/2024,57.5,1/20/2024,54.6,61.4,58.3,2/27/2024,53.2,60.4,58,3/17/2024,60,63.4,60.2,4/14/2024,79.1,68.6,65.8,5/16/2024,90,74.7,71,6/16/2024,106.7,77,74.3,103,74,16.82,0.227297297,147,118,24.51,0.207711864,4,11,2:07,147,11/5/2023,NA,Cold Dormancy,Pre-Hibernation
10.2,GT2023_N10,839,261,GWA,8/14/2023,Top,43.35,45,Hatched,GT2023_N10.02,9/7/2023,9/9/2023,9/11/2023,29,9/11/2023,32.99,48,49,360,11,,NA,,NA,9/14/2023,32.96,9/21/2023,33.77,9/28/2023,34.79,10/13/2023,40.05,10/27/2023,42.07,11/10/2023,45.45,11/24/2023,49.81,420.7,12/10/2023,55.48,58.2,55.5,12/21/2023,56.3,61.2,58.1,1/7/2024,57.5,1/20/2024,54.6,61.4,58.3,2/27/2024,53.2,60.4,58,3/17/2024,60,63.4,60.2,4/14/2024,79.1,68.6,65.8,5/16/2024,90,74.7,71,6/16/2024,106.7,77,74.3,103,74,16.82,0.227297297,147,118,24.51,0.207711864,4,11,2:56,35,2/27/2024,NA,Cold Dormancy,Dormancy
10.2,GT2023_N10,839,261,GWA,8/14/2023,Top,43.35,45,Hatched,GT2023_N10.02,9/7/2023,9/9/2023,9/11/2023,29,9/11/2023,32.99,48,49,360,11,,NA,,NA,9/14/2023,32.96,9/21/2023,33.77,9/28/2023,34.79,10/13/2023,40.05,10/27/2023,42.07,11/10/2023,45.45,11/24/2023,49.81,420.7,12/10/2023,55.48,58.2,55.5,12/21/2023,56.3,61.2,58.1,1/7/2024,57.5,1/20/2024,54.6,61.4,58.3,2/27/2024,53.2,60.4,58,3/17/2024,60,63.4,60.2,4/14/2024,79.1,68.6,65.8,5/16/2024,90,74.7,71,6/16/2024,106.7,77,74.3,103,74,16.82,0.227297297,147,118,24.51,0.207711864,4,11,2:45,102,3/19/2024,60,Cold Dormancy,3 weeks-Post
10.2,GT2023_N10,839,261,GWA,8/14/2023,Top,43.35,45,Hatched,GT2023_N10.02,9/7/2023,9/9/2023,9/11/2023,29,9/11/2023,32.99,48,49,360,11,,NA,,NA,9/14/2023,32.96,9/21/2023,33.77,9/28/2023,34.79,10/13/2023,40.05,10/27/2023,42.07,11/10/2023,45.45,11/24/2023,49.81,420.7,12/10/2023,55.48,58.2,55.5,12/21/2023,56.3,61.2,58.1,1/7/2024,57.5,1/20/2024,54.6,61.4,58.3,2/27/2024,53.2,60.4,58,3/17/2024,60,63.4,60.2,4/14/2024,79.1,68.6,65.8,5/16/2024,90,74.7,71,6/16/2024,106.7,77,74.3,103,74,16.82,0.227297297,147,118,24.51,0.207711864,4,11,2,113,6/10/2024,90,Cold Dormancy,3 months-Post
10.3,GT2023_N10,839,261,GWA,8/14/2023,Top,45,41.6,Hatched,GT2023_N10.03,9/4/2023,9/6/2023,9/7/2023,25,9/7/2023,32.52,49.8,49.2,356,12,,NA,9/7/2023,32.47,9/14/2023,33.98,9/21/2023,36.49,9/28/2023,39.27,10/13/2023,44,10/27/2023,46.25,11/10/2023,49.03,11/24/2023,50.35,462.5,12/10/2023,55.45,59.5,56.5,12/21/2023,61.1,64.3,60,1/7/2024,70,1/20/2024,75.2,70.8,65,2/17/2024,87.6,75.9,69.5,3/17/2024,112,78.7,73.7,4/14/2024,119,79,74.6,5/16/2024,120.7,81,76.6,6/16/2024,121.5,83,81.2,103,78,17.83,0.228589744,147,122,37.48,0.307213115,4,12,7:37,109,11/5/2023,NA,Constant Growth,Pre-Hibernation
10.3,GT2023_N10,839,261,GWA,8/14/2023,Top,45,41.6,Hatched,GT2023_N10.03,9/4/2023,9/6/2023,9/7/2023,25,9/7/2023,32.52,49.8,49.2,356,12,,NA,9/7/2023,32.47,9/14/2023,33.98,9/21/2023,36.49,9/28/2023,39.27,10/13/2023,44,10/27/2023,46.25,11/10/2023,49.03,11/24/2023,50.35,462.5,12/10/2023,55.45,59.5,56.5,12/21/2023,61.1,64.3,60,1/7/2024,70,1/20/2024,75.2,70.8,65,2/17/2024,87.6,75.9,69.5,3/17/2024,112,78.7,73.7,4/14/2024,119,79,74.6,5/16/2024,120.7,81,76.6,6/16/2024,121.5,83,81.2,103,78,17.83,0.228589744,147,122,37.48,0.307213115,2,12,2:30,109,2/28/2024,NA,Constant Growth,Dormancy
10.3,GT2023_N10,839,261,GWA,8/14/2023,Top,45,41.6,Hatched,GT2023_N10.03,9/4/2023,9/6/2023,9/7/2023,25,9/7/2023,32.52,49.8,49.2,356,12,,NA,9/7/2023,32.47,9/14/2023,33.98,9/21/2023,36.49,9/28/2023,39.27,10/13/2023,44,10/27/2023,46.25,11/10/2023,49.03,11/24/2023,50.35,462.5,12/10/2023,55.45,59.5,56.5,12/21/2023,61.1,64.3,60,1/7/2024,70,1/20/2024,75.2,70.8,65,2/17/2024,87.6,75.9,69.5,3/17/2024,112,78.7,73.7,4/14/2024,119,79,74.6,5/16/2024,120.7,81,76.6,6/16/2024,121.5,83,81.2,103,78,17.83,0.228589744,147,122,37.48,0.307213115,2,12,2:49,90,3/19/2024,112,Constant Growth,3 weeks-Post
10.3,GT2023_N10,839,261,GWA,8/14/2023,Top,45,41.6,Hatched,GT2023_N10.03,9/4/2023,9/6/2023,9/7/2023,25,9/7/2023,32.52,49.8,49.2,356,12,,NA,9/7/2023,32.47,9/14/2023,33.98,9/21/2023,36.49,9/28/2023,39.27,10/13/2023,44,10/27/2023,46.25,11/10/2023,49.03,11/24/2023,50.35,462.5,12/10/2023,55.45,59.5,56.5,12/21/2023,61.1,64.3,60,1/7/2024,70,1/20/2024,75.2,70.8,65,2/17/2024,87.6,75.9,69.5,3/17/2024,112,78.7,73.7,4/14/2024,119,79,74.6,5/16/2024,120.7,81,76.6,6/16/2024,121.5,83,81.2,103,78,17.83,0.228589744,147,122,37.48,0.307213115,2,12,4,78,6/10/2024,120.7,Constant Growth,3 months-Post
10.4,GT2023_N10,839,261,GWA,8/14/2023,Middle,44.79,44.1,Hatched,GT2023_N10.04,9/4/2023,9/5/2023,9/6/2023,24,9/6/2023,34.37,50.7,49.2,355,1,,NA,,NA,9/11/2023,33.2,9/18/2023,40.12,9/25/2023,42.91,10/13/2023,46.31,10/27/2023,50.29,11/10/2023,52.99,11/24/2023,58.4,502.9,12/10/2023,62.81,62.8,58.5,12/21/2023,66.6,66.4,60.6,1/7/2024,65.2,1/20/2024,64.8,66.3,61,2/27/2024,61.6,65.6,61.1,3/17/2024,72.2,68.6,61.9,4/14/2024,89.6,73,67,5/16/2024,106.1,75,69.7,6/16/2024,135.2,83.6,78.2,103,79,24.03,0.304177215,147,123,30.83,0.250650407,1,1,3:40,46,2/27/2024,NA,Cold Dormancy,Dormancy
10.4,GT2023_N10,839,261,GWA,8/14/2023,Middle,44.79,44.1,Hatched,GT2023_N10.04,9/4/2023,9/5/2023,9/6/2023,24,9/6/2023,34.37,50.7,49.2,355,1,,NA,,NA,9/11/2023,33.2,9/18/2023,40.12,9/25/2023,42.91,10/13/2023,46.31,10/27/2023,50.29,11/10/2023,52.99,11/24/2023,58.4,502.9,12/10/2023,62.81,62.8,58.5,12/21/2023,66.6,66.4,60.6,1/7/2024,65.2,1/20/2024,64.8,66.3,61,2/27/2024,61.6,65.6,61.1,3/17/2024,72.2,68.6,61.9,4/14/2024,89.6,73,67,5/16/2024,106.1,75,69.7,6/16/2024,135.2,83.6,78.2,103,79,24.03,0.304177215,147,123,30.83,0.250650407,1,1,9:21,147,3/19/2024,72.2,Cold Dormancy,3 weeks-Post
10.4,GT2023_N10,839,261,GWA,8/14/2023,Middle,44.79,44.1,Hatched,GT2023_N10.04,9/4/2023,9/5/2023,9/6/2023,24,9/6/2023,34.37,50.7,49.2,355,1,,NA,,NA,9/11/2023,33.2,9/18/2023,40.12,9/25/2023,42.91,10/13/2023,46.31,10/27/2023,50.29,11/10/2023,52.99,11/24/2023,58.4,502.9,12/10/2023,62.81,62.8,58.5,12/21/2023,66.6,66.4,60.6,1/7/2024,65.2,1/20/2024,64.8,66.3,61,2/27/2024,61.6,65.6,61.1,3/17/2024,72.2,68.6,61.9,4/14/2024,89.6,73,67,5/16/2024,106.1,75,69.7,6/16/2024,135.2,83.6,78.2,103,79,24.03,0.304177215,147,123,30.83,0.250650407,1,1,3,139,6/10/2024,106.1,Cold Dormancy,3 months-Post
10.5,GT2023_N10,839,261,GWA,8/14/2023,Middle,46.04,40.9,Hatched,GT2023_N10.05,9/5/2023,9/8/2023,9/11/2023,29,9/11/2023,34.59,52.8,50.4,359,2,,NA,,NA,,NA,9/18/2023,39.39,9/25/2023,42.87,10/13/2023,49.52,10/27/2023,54.07,11/10/2023,54.72,11/24/2023,63.09,540.7,12/10/2023,72.5,64.5,60.09,12/21/2023,78.1,70.3,66,1/7/2024,87.7,1/20/2024,95.6,76,70.6,2/17/2024,111,78.5,74.5,3/17/2024,120,82.5,77.4,4/14/2024,129.1,83.4,79.5,5/16/2024,139.1,86.8,82.2,6/16/2024,154,88.4,85.2,103,74,28.5,0.385135135,147,118,53.11,0.450084746,1,2,2:56,171,11/5/2023,NA,Constant Growth,Pre-Hibernation
10.5,GT2023_N10,839,261,GWA,8/14/2023,Middle,46.04,40.9,Hatched,GT2023_N10.05,9/5/2023,9/8/2023,9/11/2023,29,9/11/2023,34.59,52.8,50.4,359,2,,NA,,NA,,NA,9/18/2023,39.39,9/25/2023,42.87,10/13/2023,49.52,10/27/2023,54.07,11/10/2023,54.72,11/24/2023,63.09,540.7,12/10/2023,72.5,64.5,60.09,12/21/2023,78.1,70.3,66,1/7/2024,87.7,1/20/2024,95.6,76,70.6,2/17/2024,111,78.5,74.5,3/17/2024,120,82.5,77.4,4/14/2024,129.1,83.4,79.5,5/16/2024,139.1,86.8,82.2,6/16/2024,154,88.4,85.2,103,74,28.5,0.385135135,147,118,53.11,0.450084746,3,2,2:00,138,2/28/2024,NA,Constant Growth,Dormancy
10.5,GT2023_N10,839,261,GWA,8/14/2023,Middle,46.04,40.9,Hatched,GT2023_N10.05,9/5/2023,9/8/2023,9/11/2023,29,9/11/2023,34.59,52.8,50.4,359,2,,NA,,NA,,NA,9/18/2023,39.39,9/25/2023,42.87,10/13/2023,49.52,10/27/2023,54.07,11/10/2023,54.72,11/24/2023,63.09,540.7,12/10/2023,72.5,64.5,60.09,12/21/2023,78.1,70.3,66,1/7/2024,87.7,1/20/2024,95.6,76,70.6,2/17/2024,111,78.5,74.5,3/17/2024,120,82.5,77.4,4/14/2024,129.1,83.4,79.5,5/16/2024,139.1,86.8,82.2,6/16/2024,154,88.4,85.2,103,74,28.5,0.385135135,147,118,53.11,0.450084746,3,2,5:37,127,3/19/2024,120,Constant Growth,3 weeks-Post
10.5,GT2023_N10,839,261,GWA,8/14/2023,Middle,46.04,40.9,Hatched,GT2023_N10.05,9/5/2023,9/8/2023,9/11/2023,29,9/11/2023,34.59,52.8,50.4,359,2,,NA,,NA,,NA,9/18/2023,39.39,9/25/2023,42.87,10/13/2023,49.52,10/27/2023,54.07,11/10/2023,54.72,11/24/2023,63.09,540.7,12/10/2023,72.5,64.5,60.09,12/21/2023,78.1,70.3,66,1/7/2024,87.7,1/20/2024,95.6,76,70.6,2/17/2024,111,78.5,74.5,3/17/2024,120,82.5,77.4,4/14/2024,129.1,83.4,79.5,5/16/2024,139.1,86.8,82.2,6/16/2024,154,88.4,85.2,103,74,28.5,0.385135135,147,118,53.11,0.450084746,3,2,3,120,6/10/2024,139.1,Constant Growth,3 months-Post
10.6,GT2023_N10,839,261,GWA,8/14/2023,Middle,45.66,43.8,Hatched,GT2023_N10.06,9/4/2023,9/5/2023,9/7/2023,25,9/7/2023,34.09,50.9,51.3,357,3,,NA,,NA,,NA,9/18/2023,41.49,9/25/2023,43.66,10/13/2023,51.63,10/27/2023,56.45,11/10/2023,60.74,11/24/2023,65.73,564.5,12/10/2023,72.68,65.6,64.1,12/21/2023,71.7,69.8,66.3,1/7/2024,71.5,1/20/2024,70.6,69.4,65.5,2/27/2024,68.5,69.1,65.9,3/17/2024,81,72.1,68.1,4/14/2024,110.8,79.8,75.4,5/16/2024,133.2,81.1,77.7,6/16/2024,161.3,89.8,88.2,103,78,31.64,0.405641026,147,122,37.41,0.306639344,1,3,3:00,183,11/5/2023,NA,Cold Dormancy,Pre-Hibernation
10.6,GT2023_N10,839,261,GWA,8/14/2023,Middle,45.66,43.8,Hatched,GT2023_N10.06,9/4/2023,9/5/2023,9/7/2023,25,9/7/2023,34.09,50.9,51.3,357,3,,NA,,NA,,NA,9/18/2023,41.49,9/25/2023,43.66,10/13/2023,51.63,10/27/2023,56.45,11/10/2023,60.74,11/24/2023,65.73,564.5,12/10/2023,72.68,65.6,64.1,12/21/2023,71.7,69.8,66.3,1/7/2024,71.5,1/20/2024,70.6,69.4,65.5,2/27/2024,68.5,69.1,65.9,3/17/2024,81,72.1,68.1,4/14/2024,110.8,79.8,75.4,5/16/2024,133.2,81.1,77.7,6/16/2024,161.3,89.8,88.2,103,78,31.64,0.405641026,147,122,37.41,0.306639344,1,3,2:35,45,2/27/2024,NA,Cold Dormancy,Dormancy
10.6,GT2023_N10,839,261,GWA,8/14/2023,Middle,45.66,43.8,Hatched,GT2023_N10.06,9/4/2023,9/5/2023,9/7/2023,25,9/7/2023,34.09,50.9,51.3,357,3,,NA,,NA,,NA,9/18/2023,41.49,9/25/2023,43.66,10/13/2023,51.63,10/27/2023,56.45,11/10/2023,60.74,11/24/2023,65.73,564.5,12/10/2023,72.68,65.6,64.1,12/21/2023,71.7,69.8,66.3,1/7/2024,71.5,1/20/2024,70.6,69.4,65.5,2/27/2024,68.5,69.1,65.9,3/17/2024,81,72.1,68.1,4/14/2024,110.8,79.8,75.4,5/16/2024,133.2,81.1,77.7,6/16/2024,161.3,89.8,88.2,103,78,31.64,0.405641026,147,122,37.41,0.306639344,1,3,4:25,92,3/19/2024,81,Cold Dormancy,3 weeks-Post
10.6,GT2023_N10,839,261,GWA,8/14/2023,Middle,45.66,43.8,Hatched,GT2023_N10.06,9/4/2023,9/5/2023,9/7/2023,25,9/7/2023,34.09,50.9,51.3,357,3,,NA,,NA,,NA,9/18/2023,41.49,9/25/2023,43.66,10/13/2023,51.63,10/27/2023,56.45,11/10/2023,60.74,11/24/2023,65.73,564.5,12/10/2023,72.68,65.6,64.1,12/21/2023,71.7,69.8,66.3,1/7/2024,71.5,1/20/2024,70.6,69.4,65.5,2/27/2024,68.5,69.1,65.9,3/17/2024,81,72.1,68.1,4/14/2024,110.8,79.8,75.4,5/16/2024,133.2,81.1,77.7,6/16/2024,161.3,89.8,88.2,103,78,31.64,0.405641026,147,122,37.41,0.306639344,1,3,3,113,6/10/2024,133.2,Cold Dormancy,3 months-Post
11.1,GT2023_N11,892,unk,GWA,8/14/2023,Top/Same level,41.61,45,Hatched,GT2023_N11.01,8/23/2023,8/24/2023,8/26/2023,13,8/26/2023,31.64,49.3,49.4,330,4,8/29/2023,31.53,9/5/2023,33.37,9/12/2023,38.27,9/19/2023,40.06,9/27/2023,45.04,10/13/2023,50.7,10/27/2023,57.6,11/10/2023,63.35,11/24/2023,72.72,576,12/10/2023,81.5,66.9,64.5,12/21/2023,83.6,71.4,68.1,1/7/2024,83.5,1/20/2024,82.1,72.1,69.4,2/27/2024,79.5,72.9,69.3,3/17/2024,92.6,74.2,70.8,4/14/2024,113.3,77.4,75.4,5/16/2024,133.8,81.5,80.6,6/16/2024,148.5,83.9,84,103,90,41.08,0.456444444,147,134,51.86,0.387014925,3,9,3:45,141,11/5/2023,NA,Cold Dormancy,Pre-Hibernation
11.1,GT2023_N11,892,unk,GWA,8/14/2023,Top/Same level,41.61,45,Hatched,GT2023_N11.01,8/23/2023,8/24/2023,8/26/2023,13,8/26/2023,31.64,49.3,49.4,330,4,8/29/2023,31.53,9/5/2023,33.37,9/12/2023,38.27,9/19/2023,40.06,9/27/2023,45.04,10/13/2023,50.7,10/27/2023,57.6,11/10/2023,63.35,11/24/2023,72.72,576,12/10/2023,81.5,66.9,64.5,12/21/2023,83.6,71.4,68.1,1/7/2024,83.5,1/20/2024,82.1,72.1,69.4,2/27/2024,79.5,72.9,69.3,3/17/2024,92.6,74.2,70.8,4/14/2024,113.3,77.4,75.4,5/16/2024,133.8,81.5,80.6,6/16/2024,148.5,83.9,84,103,90,41.08,0.456444444,147,134,51.86,0.387014925,4,9,4:34,49,2/27/2024,NA,Cold Dormancy,Dormancy
11.1,GT2023_N11,892,unk,GWA,8/14/2023,Top/Same level,41.61,45,Hatched,GT2023_N11.01,8/23/2023,8/24/2023,8/26/2023,13,8/26/2023,31.64,49.3,49.4,330,4,8/29/2023,31.53,9/5/2023,33.37,9/12/2023,38.27,9/19/2023,40.06,9/27/2023,45.04,10/13/2023,50.7,10/27/2023,57.6,11/10/2023,63.35,11/24/2023,72.72,576,12/10/2023,81.5,66.9,64.5,12/21/2023,83.6,71.4,68.1,1/7/2024,83.5,1/20/2024,82.1,72.1,69.4,2/27/2024,79.5,72.9,69.3,3/17/2024,92.6,74.2,70.8,4/14/2024,113.3,77.4,75.4,5/16/2024,133.8,81.5,80.6,6/16/2024,148.5,83.9,84,103,90,41.08,0.456444444,147,134,51.86,0.387014925,4,9,5:16,125,3/19/2024,92.6,Cold Dormancy,3 weeks-Post
11.1,GT2023_N11,892,unk,GWA,8/14/2023,Top/Same level,41.61,45,Hatched,GT2023_N11.01,8/23/2023,8/24/2023,8/26/2023,13,8/26/2023,31.64,49.3,49.4,330,4,8/29/2023,31.53,9/5/2023,33.37,9/12/2023,38.27,9/19/2023,40.06,9/27/2023,45.04,10/13/2023,50.7,10/27/2023,57.6,11/10/2023,63.35,11/24/2023,72.72,576,12/10/2023,81.5,66.9,64.5,12/21/2023,83.6,71.4,68.1,1/7/2024,83.5,1/20/2024,82.1,72.1,69.4,2/27/2024,79.5,72.9,69.3,3/17/2024,92.6,74.2,70.8,4/14/2024,113.3,77.4,75.4,5/16/2024,133.8,81.5,80.6,6/16/2024,148.5,83.9,84,103,90,41.08,0.456444444,147,134,51.86,0.387014925,4,9,1,128,6/10/2024,133.8,Cold Dormancy,3 months-Post
11.2,GT2023_N11,892,unk,GWA,8/14/2023,Top/Same level,42.49,46.2,Hatched,GT2023_N11.02,8/22/2023,8/23/2023,8/24/2023,11,8/24/2023,33.42,47.7,47.9,322,5,8/29/2023,33.82,9/5/2023,36.14,9/12/2023,38.67,9/19/2023,38.82,9/26/2023,38.24,10/13/2023,45.18,10/27/2023,48.59,11/10/2023,53.05,11/24/2023,61.15,485.9,12/10/2023,68.7,62,59.3,12/21/2023,70.7,67,64.3,1/7/2024,80.5,1/20/2024,90,72.5,69.9,2/17/2024,117.2,79.2,75.3,3/17/2024,136.1,85.9,82.7,4/14/2024,168.6,90.3,88.2,5/16/2024,199,95.2,94.9,6/16/2024,237.9,98.9,99,103,92,27.73,0.301413043,147,136,47.08,0.346176471,2,5,11:20,141,11/5/2023,NA,Constant Growth,Pre-Hibernation
11.2,GT2023_N11,892,unk,GWA,8/14/2023,Top/Same level,42.49,46.2,Hatched,GT2023_N11.02,8/22/2023,8/23/2023,8/24/2023,11,8/24/2023,33.42,47.7,47.9,322,5,8/29/2023,33.82,9/5/2023,36.14,9/12/2023,38.67,9/19/2023,38.82,9/26/2023,38.24,10/13/2023,45.18,10/27/2023,48.59,11/10/2023,53.05,11/24/2023,61.15,485.9,12/10/2023,68.7,62,59.3,12/21/2023,70.7,67,64.3,1/7/2024,80.5,1/20/2024,90,72.5,69.9,2/17/2024,117.2,79.2,75.3,3/17/2024,136.1,85.9,82.7,4/14/2024,168.6,90.3,88.2,5/16/2024,199,95.2,94.9,6/16/2024,237.9,98.9,99,103,92,27.73,0.301413043,147,136,47.08,0.346176471,3,5,4:30,146,2/28/2024,NA,Constant Growth,Dormancy
11.2,GT2023_N11,892,unk,GWA,8/14/2023,Top/Same level,42.49,46.2,Hatched,GT2023_N11.02,8/22/2023,8/23/2023,8/24/2023,11,8/24/2023,33.42,47.7,47.9,322,5,8/29/2023,33.82,9/5/2023,36.14,9/12/2023,38.67,9/19/2023,38.82,9/26/2023,38.24,10/13/2023,45.18,10/27/2023,48.59,11/10/2023,53.05,11/24/2023,61.15,485.9,12/10/2023,68.7,62,59.3,12/21/2023,70.7,67,64.3,1/7/2024,80.5,1/20/2024,90,72.5,69.9,2/17/2024,117.2,79.2,75.3,3/17/2024,136.1,85.9,82.7,4/14/2024,168.6,90.3,88.2,5/16/2024,199,95.2,94.9,6/16/2024,237.9,98.9,99,103,92,27.73,0.301413043,147,136,47.08,0.346176471,3,5,3:05,118,3/19/2024,136.1,Constant Growth,3 weeks-Post
11.2,GT2023_N11,892,unk,GWA,8/14/2023,Top/Same level,42.49,46.2,Hatched,GT2023_N11.02,8/22/2023,8/23/2023,8/24/2023,11,8/24/2023,33.42,47.7,47.9,322,5,8/29/2023,33.82,9/5/2023,36.14,9/12/2023,38.67,9/19/2023,38.82,9/26/2023,38.24,10/13/2023,45.18,10/27/2023,48.59,11/10/2023,53.05,11/24/2023,61.15,485.9,12/10/2023,68.7,62,59.3,12/21/2023,70.7,67,64.3,1/7/2024,80.5,1/20/2024,90,72.5,69.9,2/17/2024,117.2,79.2,75.3,3/17/2024,136.1,85.9,82.7,4/14/2024,168.6,90.3,88.2,5/16/2024,199,95.2,94.9,6/16/2024,237.9,98.9,99,103,92,27.73,0.301413043,147,136,47.08,0.346176471,3,5,2,146,6/10/2024,199,Constant Growth,3 months-Post
11.3,GT2023_N11,892,unk,GWA,8/14/2023,Top/Same level,43.72,45.5,Hatched,GT2023_N11.03,8/19/2023,8/20/2023,8/22/2023,9,8/22/2023,34.77,50.6,51,318,6,8/29/2023,32.65,9/5/2023,38.87,9/12/2023,42.18,9/19/2023,44.5,9/26/2023,48.2,10/13/2023,54.37,10/27/2023,59.72,11/10/2023,66.32,11/24/2023,72.34,597.2,12/10/2023,81.92,67.7,66.1,12/21/2023,84.5,71.8,70,1/7/2024,79,1/20/2024,78.3,71.7,69.7,2/27/2024,76.9,71.3,69,3/17/2024,90,73.6,71.9,4/14/2024,106.4,76.6,75.2,5/16/2024,115.8,78.6,77.5,6/16/2024,124.4,81.6,79.3,103,94,37.57,0.399680851,147,138,44.23,0.320507246,2,6,3:37,129,11/5/2023,NA,Cold Dormancy,Pre-Hibernation
11.3,GT2023_N11,892,unk,GWA,8/14/2023,Top/Same level,43.72,45.5,Hatched,GT2023_N11.03,8/19/2023,8/20/2023,8/22/2023,9,8/22/2023,34.77,50.6,51,318,6,8/29/2023,32.65,9/5/2023,38.87,9/12/2023,42.18,9/19/2023,44.5,9/26/2023,48.2,10/13/2023,54.37,10/27/2023,59.72,11/10/2023,66.32,11/24/2023,72.34,597.2,12/10/2023,81.92,67.7,66.1,12/21/2023,84.5,71.8,70,1/7/2024,79,1/20/2024,78.3,71.7,69.7,2/27/2024,76.9,71.3,69,3/17/2024,90,73.6,71.9,4/14/2024,106.4,76.6,75.2,5/16/2024,115.8,78.6,77.5,6/16/2024,124.4,81.6,79.3,103,94,37.57,0.399680851,147,138,44.23,0.320507246,1,6,5:00,51,2/27/2024,NA,Cold Dormancy,Dormancy
11.3,GT2023_N11,892,unk,GWA,8/14/2023,Top/Same level,43.72,45.5,Hatched,GT2023_N11.03,8/19/2023,8/20/2023,8/22/2023,9,8/22/2023,34.77,50.6,51,318,6,8/29/2023,32.65,9/5/2023,38.87,9/12/2023,42.18,9/19/2023,44.5,9/26/2023,48.2,10/13/2023,54.37,10/27/2023,59.72,11/10/2023,66.32,11/24/2023,72.34,597.2,12/10/2023,81.92,67.7,66.1,12/21/2023,84.5,71.8,70,1/7/2024,79,1/20/2024,78.3,71.7,69.7,2/27/2024,76.9,71.3,69,3/17/2024,90,73.6,71.9,4/14/2024,106.4,76.6,75.2,5/16/2024,115.8,78.6,77.5,6/16/2024,124.4,81.6,79.3,103,94,37.57,0.399680851,147,138,44.23,0.320507246,1,6,8:20,113,3/19/2024,90,Cold Dormancy,3 weeks-Post
11.3,GT2023_N11,892,unk,GWA,8/14/2023,Top/Same level,43.72,45.5,Hatched,GT2023_N11.03,8/19/2023,8/20/2023,8/22/2023,9,8/22/2023,34.77,50.6,51,318,6,8/29/2023,32.65,9/5/2023,38.87,9/12/2023,42.18,9/19/2023,44.5,9/26/2023,48.2,10/13/2023,54.37,10/27/2023,59.72,11/10/2023,66.32,11/24/2023,72.34,597.2,12/10/2023,81.92,67.7,66.1,12/21/2023,84.5,71.8,70,1/7/2024,79,1/20/2024,78.3,71.7,69.7,2/27/2024,76.9,71.3,69,3/17/2024,90,73.6,71.9,4/14/2024,106.4,76.6,75.2,5/16/2024,115.8,78.6,77.5,6/16/2024,124.4,81.6,79.3,103,94,37.57,0.399680851,147,138,44.23,0.320507246,1,6,2,130,6/10/2024,115.8,Cold Dormancy,3 months-Post
11.4,GT2023_N11,892,unk,GWA,8/14/2023,Top/Same level,41.92,46,Hatched,GT2023_N11.04,8/22/2023,8/23/2023,8/24/2023,9,8/24/2023,33.42,49.4,49.2,323,7,8/30/2023,35.76,9/6/2023,38.25,9/13/2023,40.5,9/20/2023,41.92,9/27/2023,46.9,10/13/2023,53.25,10/27/2023,57.12,11/10/2023,67.68,11/24/2023,63.7,571.2,12/10/2023,70.9,63,61.9,12/21/2023,77,67.6,65.3,1/7/2024,90.9,1/20/2024,101.9,75,72.7,2/17/2024,125.3,81.2,78.6,3/17/2024,149.3,85.5,84.8,4/14/2024,178.9,90.5,89.5,5/16/2024,203.8,91.5,90.1,6/16/2024,234.8,95.7,96.5,103,94,30.28,0.32212766,147,138,57.48,0.416521739,3,8,2:45,134,11/5/2023,NA,Constant Growth,Pre-Hibernation
11.4,GT2023_N11,892,unk,GWA,8/14/2023,Top/Same level,41.92,46,Hatched,GT2023_N11.04,8/22/2023,8/23/2023,8/24/2023,9,8/24/2023,33.42,49.4,49.2,323,7,8/30/2023,35.76,9/6/2023,38.25,9/13/2023,40.5,9/20/2023,41.92,9/27/2023,46.9,10/13/2023,53.25,10/27/2023,57.12,11/10/2023,67.68,11/24/2023,63.7,571.2,12/10/2023,70.9,63,61.9,12/21/2023,77,67.6,65.3,1/7/2024,90.9,1/20/2024,101.9,75,72.7,2/17/2024,125.3,81.2,78.6,3/17/2024,149.3,85.5,84.8,4/14/2024,178.9,90.5,89.5,5/16/2024,203.8,91.5,90.1,6/16/2024,234.8,95.7,96.5,103,94,30.28,0.32212766,147,138,57.48,0.416521739,2,8,2:45,111,2/28/2024,NA,Constant Growth,Dormancy
11.4,GT2023_N11,892,unk,GWA,8/14/2023,Top/Same level,41.92,46,Hatched,GT2023_N11.04,8/22/2023,8/23/2023,8/24/2023,9,8/24/2023,33.42,49.4,49.2,323,7,8/30/2023,35.76,9/6/2023,38.25,9/13/2023,40.5,9/20/2023,41.92,9/27/2023,46.9,10/13/2023,53.25,10/27/2023,57.12,11/10/2023,67.68,11/24/2023,63.7,571.2,12/10/2023,70.9,63,61.9,12/21/2023,77,67.6,65.3,1/7/2024,90.9,1/20/2024,101.9,75,72.7,2/17/2024,125.3,81.2,78.6,3/17/2024,149.3,85.5,84.8,4/14/2024,178.9,90.5,89.5,5/16/2024,203.8,91.5,90.1,6/16/2024,234.8,95.7,96.5,103,94,30.28,0.32212766,147,138,57.48,0.416521739,2,8,3:10,77,3/19/2024,149.3,Constant Growth,3 weeks-Post
11.4,GT2023_N11,892,unk,GWA,8/14/2023,Top/Same level,41.92,46,Hatched,GT2023_N11.04,8/22/2023,8/23/2023,8/24/2023,9,8/24/2023,33.42,49.4,49.2,323,7,8/30/2023,35.76,9/6/2023,38.25,9/13/2023,40.5,9/20/2023,41.92,9/27/2023,46.9,10/13/2023,53.25,10/27/2023,57.12,11/10/2023,67.68,11/24/2023,63.7,571.2,12/10/2023,70.9,63,61.9,12/21/2023,77,67.6,65.3,1/7/2024,90.9,1/20/2024,101.9,75,72.7,2/17/2024,125.3,81.2,78.6,3/17/2024,149.3,85.5,84.8,4/14/2024,178.9,90.5,89.5,5/16/2024,203.8,91.5,90.1,6/16/2024,234.8,95.7,96.5,103,94,30.28,0.32212766,147,138,57.48,0.416521739,2,8,3,105,6/10/2024,203.8,Constant Growth,3 months-Post
12.2,GT2023_N12,389,254,GWA,8/14/2023,Middle,32.26,38.8,Hatched,GT2023_N12.02,,8/17/2023,8/19/2023,6,8/19/2023,25.44,45.7,45.6,305,8,8/30/2023,27.98,9/6/2023,29.33,9/13/2023,30.17,9/20/2023,32.04,9/27/2023,33.43,10/13/2023,37.14,10/27/2023,41.35,11/10/2023,57.93,11/24/2023,48.74,413.5,12/10/2023,55.7,58.1,56.5,12/21/2023,62.6,64.5,61.5,1/7/2024,74.6,1/20/2024,84.5,71.3,68,2/17/2024,103.5,78.5,75.1,3/17/2024,131.3,85.1,81.9,4/14/2024,154.6,88.8,87.2,5/16/2024,181.5,89.1,88.8,6/16/2024,258.9,103.1,101.2,103,97,23.3,0.240206186,147,141,49.16,0.348652482,3,8,5:52,188,11/5/2023,NA,Constant Growth,Pre-Hibernation
12.2,GT2023_N12,389,254,GWA,8/14/2023,Middle,32.26,38.8,Hatched,GT2023_N12.02,,8/17/2023,8/19/2023,6,8/19/2023,25.44,45.7,45.6,305,8,8/30/2023,27.98,9/6/2023,29.33,9/13/2023,30.17,9/20/2023,32.04,9/27/2023,33.43,10/13/2023,37.14,10/27/2023,41.35,11/10/2023,57.93,11/24/2023,48.74,413.5,12/10/2023,55.7,58.1,56.5,12/21/2023,62.6,64.5,61.5,1/7/2024,74.6,1/20/2024,84.5,71.3,68,2/17/2024,103.5,78.5,75.1,3/17/2024,131.3,85.1,81.9,4/14/2024,154.6,88.8,87.2,5/16/2024,181.5,89.1,88.8,6/16/2024,258.9,103.1,101.2,103,97,23.3,0.240206186,147,141,49.16,0.348652482,2,8,3:07,106,2/28/2024,NA,Constant Growth,Dormancy
12.2,GT2023_N12,389,254,GWA,8/14/2023,Middle,32.26,38.8,Hatched,GT2023_N12.02,,8/17/2023,8/19/2023,6,8/19/2023,25.44,45.7,45.6,305,8,8/30/2023,27.98,9/6/2023,29.33,9/13/2023,30.17,9/20/2023,32.04,9/27/2023,33.43,10/13/2023,37.14,10/27/2023,41.35,11/10/2023,57.93,11/24/2023,48.74,413.5,12/10/2023,55.7,58.1,56.5,12/21/2023,62.6,64.5,61.5,1/7/2024,74.6,1/20/2024,84.5,71.3,68,2/17/2024,103.5,78.5,75.1,3/17/2024,131.3,85.1,81.9,4/14/2024,154.6,88.8,87.2,5/16/2024,181.5,89.1,88.8,6/16/2024,258.9,103.1,101.2,103,97,23.3,0.240206186,147,141,49.16,0.348652482,2,8,2:28,92,3/19/2024,131.3,Constant Growth,3 weeks-Post
12.2,GT2023_N12,389,254,GWA,8/14/2023,Middle,32.26,38.8,Hatched,GT2023_N12.02,,8/17/2023,8/19/2023,6,8/19/2023,25.44,45.7,45.6,305,8,8/30/2023,27.98,9/6/2023,29.33,9/13/2023,30.17,9/20/2023,32.04,9/27/2023,33.43,10/13/2023,37.14,10/27/2023,41.35,11/10/2023,57.93,11/24/2023,48.74,413.5,12/10/2023,55.7,58.1,56.5,12/21/2023,62.6,64.5,61.5,1/7/2024,74.6,1/20/2024,84.5,71.3,68,2/17/2024,103.5,78.5,75.1,3/17/2024,131.3,85.1,81.9,4/14/2024,154.6,88.8,87.2,5/16/2024,181.5,89.1,88.8,6/16/2024,258.9,103.1,101.2,103,97,23.3,0.240206186,147,141,49.16,0.348652482,2,8,2,103,6/10/2024,181.5,Constant Growth,3 months-Post
12.4,GT2023_N12,389,254,GWA,8/14/2023,Bottom,35.04,43.5,Hatched,GT2023_N12.04,8/16/2023,8/16/2023,8/18/2023,5,8/18/2023,26.96,46.9,47.8,302,7,8/30/2023,31.95,9/6/2023,34.35,9/13/2023,36.84,9/20/2023,37.97,9/26/2023,40.65,10/13/2023,47.1,10/27/2023,51.65,11/10/2023,59.47,11/24/2023,68.2,516.5,12/10/2023,79.78,67.3,65.2,12/21/2023,81.8,72.1,69.8,1/7/2024,85.2,1/20/2024,81.8,73.2,70.7,2/27/2024,77.9,72.9,69.9,3/17/2024,91.8,74.8,72.7,4/14/2024,115.6,81.5,79.2,5/16/2024,143.1,82.2,79.6,6/16/2024,179,93.2,91.2,103,98,41.24,0.420816327,147,142,58.24,0.410140845,2,6,3:21,211,11/5/2023,NA,Cold Dormancy,Pre-Hibernation
12.4,GT2023_N12,389,254,GWA,8/14/2023,Bottom,35.04,43.5,Hatched,GT2023_N12.04,8/16/2023,8/16/2023,8/18/2023,5,8/18/2023,26.96,46.9,47.8,302,7,8/30/2023,31.95,9/6/2023,34.35,9/13/2023,36.84,9/20/2023,37.97,9/26/2023,40.65,10/13/2023,47.1,10/27/2023,51.65,11/10/2023,59.47,11/24/2023,68.2,516.5,12/10/2023,79.78,67.3,65.2,12/21/2023,81.8,72.1,69.8,1/7/2024,85.2,1/20/2024,81.8,73.2,70.7,2/27/2024,77.9,72.9,69.9,3/17/2024,91.8,74.8,72.7,4/14/2024,115.6,81.5,79.2,5/16/2024,143.1,82.2,79.6,6/16/2024,179,93.2,91.2,103,98,41.24,0.420816327,147,142,58.24,0.410140845,1,6,3:26,44,2/27/2024,NA,Cold Dormancy,Dormancy
12.4,GT2023_N12,389,254,GWA,8/14/2023,Bottom,35.04,43.5,Hatched,GT2023_N12.04,8/16/2023,8/16/2023,8/18/2023,5,8/18/2023,26.96,46.9,47.8,302,7,8/30/2023,31.95,9/6/2023,34.35,9/13/2023,36.84,9/20/2023,37.97,9/26/2023,40.65,10/13/2023,47.1,10/27/2023,51.65,11/10/2023,59.47,11/24/2023,68.2,516.5,12/10/2023,79.78,67.3,65.2,12/21/2023,81.8,72.1,69.8,1/7/2024,85.2,1/20/2024,81.8,73.2,70.7,2/27/2024,77.9,72.9,69.9,3/17/2024,91.8,74.8,72.7,4/14/2024,115.6,81.5,79.2,5/16/2024,143.1,82.2,79.6,6/16/2024,179,93.2,91.2,103,98,41.24,0.420816327,147,142,58.24,0.410140845,1,6,2:55,121,3/19/2024,91.8,Cold Dormancy,3 weeks-Post
12.4,GT2023_N12,389,254,GWA,8/14/2023,Bottom,35.04,43.5,Hatched,GT2023_N12.04,8/16/2023,8/16/2023,8/18/2023,5,8/18/2023,26.96,46.9,47.8,302,7,8/30/2023,31.95,9/6/2023,34.35,9/13/2023,36.84,9/20/2023,37.97,9/26/2023,40.65,10/13/2023,47.1,10/27/2023,51.65,11/10/2023,59.47,11/24/2023,68.2,516.5,12/10/2023,79.78,67.3,65.2,12/21/2023,81.8,72.1,69.8,1/7/2024,85.2,1/20/2024,81.8,73.2,70.7,2/27/2024,77.9,72.9,69.9,3/17/2024,91.8,74.8,72.7,4/14/2024,115.6,81.5,79.2,5/16/2024,143.1,82.2,79.6,6/16/2024,179,93.2,91.2,103,98,41.24,0.420816327,147,142,58.24,0.410140845,1,6,1,116,6/10/2024,143.1,Cold Dormancy,3 months-Post
12.5,GT2023_N12,389,254,GWA,8/14/2023,Bottom,35.18,40.4,Hatched,GT2023_N12.05,8/17/2023,8/18/2023,8/19/2023,6,8/19/2023,28.35,48,47.2,307,11,8/31/2023,26.12,9/7/2023,33.71,9/14/2023,35.51,9/21/2023,37.7,9/28/2023,39.9,10/13/2023,45.8,10/27/2023,50.05,11/10/2023,56.54,11/24/2023,56.82,500.5,12/10/2023,62.8,62.7,59.7,12/21/2023,67.8,66.6,62.3,1/7/2024,67.4,1/20/2024,64.9,66,62.4,2/27/2024,62,66.4,62.4,3/17/2024,75,67.8,64.9,4/14/2024,94.2,73.1,69.5,5/16/2024,111.5,80.1,77.2,6/16/2024,134.7,84,81,103,97,28.47,0.293505155,147,141,39.05,0.276950355,4,11,3:00,199,11/5/2023,NA,Cold Dormancy,Pre-Hibernation
12.5,GT2023_N12,389,254,GWA,8/14/2023,Bottom,35.18,40.4,Hatched,GT2023_N12.05,8/17/2023,8/18/2023,8/19/2023,6,8/19/2023,28.35,48,47.2,307,11,8/31/2023,26.12,9/7/2023,33.71,9/14/2023,35.51,9/21/2023,37.7,9/28/2023,39.9,10/13/2023,45.8,10/27/2023,50.05,11/10/2023,56.54,11/24/2023,56.82,500.5,12/10/2023,62.8,62.7,59.7,12/21/2023,67.8,66.6,62.3,1/7/2024,67.4,1/20/2024,64.9,66,62.4,2/27/2024,62,66.4,62.4,3/17/2024,75,67.8,64.9,4/14/2024,94.2,73.1,69.5,5/16/2024,111.5,80.1,77.2,6/16/2024,134.7,84,81,103,97,28.47,0.293505155,147,141,39.05,0.276950355,4,11,4:00,46,2/27/2024,NA,Cold Dormancy,Dormancy
12.5,GT2023_N12,389,254,GWA,8/14/2023,Bottom,35.18,40.4,Hatched,GT2023_N12.05,8/17/2023,8/18/2023,8/19/2023,6,8/19/2023,28.35,48,47.2,307,11,8/31/2023,26.12,9/7/2023,33.71,9/14/2023,35.51,9/21/2023,37.7,9/28/2023,39.9,10/13/2023,45.8,10/27/2023,50.05,11/10/2023,56.54,11/24/2023,56.82,500.5,12/10/2023,62.8,62.7,59.7,12/21/2023,67.8,66.6,62.3,1/7/2024,67.4,1/20/2024,64.9,66,62.4,2/27/2024,62,66.4,62.4,3/17/2024,75,67.8,64.9,4/14/2024,94.2,73.1,69.5,5/16/2024,111.5,80.1,77.2,6/16/2024,134.7,84,81,103,97,28.47,0.293505155,147,141,39.05,0.276950355,4,11,2:57,103,3/19/2024,75,Cold Dormancy,3 weeks-Post
12.5,GT2023_N12,389,254,GWA,8/14/2023,Bottom,35.18,40.4,Hatched,GT2023_N12.05,8/17/2023,8/18/2023,8/19/2023,6,8/19/2023,28.35,48,47.2,307,11,8/31/2023,26.12,9/7/2023,33.71,9/14/2023,35.51,9/21/2023,37.7,9/28/2023,39.9,10/13/2023,45.8,10/27/2023,50.05,11/10/2023,56.54,11/24/2023,56.82,500.5,12/10/2023,62.8,62.7,59.7,12/21/2023,67.8,66.6,62.3,1/7/2024,67.4,1/20/2024,64.9,66,62.4,2/27/2024,62,66.4,62.4,3/17/2024,75,67.8,64.9,4/14/2024,94.2,73.1,69.5,5/16/2024,111.5,80.1,77.2,6/16/2024,134.7,84,81,103,97,28.47,0.293505155,147,141,39.05,0.276950355,4,11,2,216,6/10/2024,111.5,Cold Dormancy,3 months-Post
12.6,GT2023_N12,389,254,GWA,8/14/2023,Bottom,36.91,43.7,Hatched,GT2023_N12.06,8/16/2023,8/16/2023,8/18/2023,5,8/18/2023,28.7,45.6,46.5,303,10,8/31/2023,29.27,9/7/2023,33.28,9/14/2023,35.9,9/21/2023,36.26,9/28/2023,37.77,10/13/2023,42.23,10/27/2023,45.25,11/10/2023,45.28,11/24/2023,50.81,452.5,12/10/2023,57.4,57.6,56.5,12/21/2023,63.7,63.4,61.4,1/7/2024,75.9,1/20/2024,90,72,69.3,2/17/2024,108.5,77.7,75.6,3/17/2024,123.9,82.7,81.1,4/14/2024,142.7,85.5,85.6,5/16/2024,166.2,86.5,86.9,6/16/2024,192,91.9,93.4,103,98,22.11,0.225612245,147,142,47.2,0.332394366,4,10,4:34,147,11/5/2023,NA,Constant Growth,Pre-Hibernation
12.6,GT2023_N12,389,254,GWA,8/14/2023,Bottom,36.91,43.7,Hatched,GT2023_N12.06,8/16/2023,8/16/2023,8/18/2023,5,8/18/2023,28.7,45.6,46.5,303,10,8/31/2023,29.27,9/7/2023,33.28,9/14/2023,35.9,9/21/2023,36.26,9/28/2023,37.77,10/13/2023,42.23,10/27/2023,45.25,11/10/2023,45.28,11/24/2023,50.81,452.5,12/10/2023,57.4,57.6,56.5,12/21/2023,63.7,63.4,61.4,1/7/2024,75.9,1/20/2024,90,72,69.3,2/17/2024,108.5,77.7,75.6,3/17/2024,123.9,82.7,81.1,4/14/2024,142.7,85.5,85.6,5/16/2024,166.2,86.5,86.9,6/16/2024,192,91.9,93.4,103,98,22.11,0.225612245,147,142,47.2,0.332394366,3,10,2:55,116,2/28/2024,NA,Constant Growth,Dormancy
12.6,GT2023_N12,389,254,GWA,8/14/2023,Bottom,36.91,43.7,Hatched,GT2023_N12.06,8/16/2023,8/16/2023,8/18/2023,5,8/18/2023,28.7,45.6,46.5,303,10,8/31/2023,29.27,9/7/2023,33.28,9/14/2023,35.9,9/21/2023,36.26,9/28/2023,37.77,10/13/2023,42.23,10/27/2023,45.25,11/10/2023,45.28,11/24/2023,50.81,452.5,12/10/2023,57.4,57.6,56.5,12/21/2023,63.7,63.4,61.4,1/7/2024,75.9,1/20/2024,90,72,69.3,2/17/2024,108.5,77.7,75.6,3/17/2024,123.9,82.7,81.1,4/14/2024,142.7,85.5,85.6,5/16/2024,166.2,86.5,86.9,6/16/2024,192,91.9,93.4,103,98,22.11,0.225612245,147,142,47.2,0.332394366,3,10,2:31,109,3/19/2024,123.9,Constant Growth,3 weeks-Post
12.6,GT2023_N12,389,254,GWA,8/14/2023,Bottom,36.91,43.7,Hatched,GT2023_N12.06,8/16/2023,8/16/2023,8/18/2023,5,8/18/2023,28.7,45.6,46.5,303,10,8/31/2023,29.27,9/7/2023,33.28,9/14/2023,35.9,9/21/2023,36.26,9/28/2023,37.77,10/13/2023,42.23,10/27/2023,45.25,11/10/2023,45.28,11/24/2023,50.81,452.5,12/10/2023,57.4,57.6,56.5,12/21/2023,63.7,63.4,61.4,1/7/2024,75.9,1/20/2024,90,72,69.3,2/17/2024,108.5,77.7,75.6,3/17/2024,123.9,82.7,81.1,4/14/2024,142.7,85.5,85.6,5/16/2024,166.2,86.5,86.9,6/16/2024,192,91.9,93.4,103,98,22.11,0.225612245,147,142,47.2,0.332394366,3,10,2,107,6/10/2024,166.2,Constant Growth,3 months-Post
13.1,GT2023_N13,,unk,Ray's site,8/14/2023,Top/same level,41.23,44.5,Hatched,GT2023_N13.01,8/22/2023,8/25/2023,8/27/2023,14,8/27/2023,32.35,50.3,50.8,333,1,8/28/2023,31.9,9/4/2023,35.28,9/11/2023,36.8,9/18/2023,43.02,9/25/2023,47.79,10/13/2023,55.47,10/27/2023,63.49,11/10/2023,70.95,11/24/2023,77.88,634.9,12/10/2023,94.24,71.4,69.3,12/21/2023,96.8,76.6,74.2,1/7/2024,97.1,1/20/2024,93.2,76.5,73.9,2/27/2024,91.6,76.4,74.3,3/17/2024,103.8,79.2,75.8,4/14/2024,133.5,84.7,82.8,5/16/2024,170,88.6,86.6,6/16/2024,211.6,98.3,97.4,103,89,45.53,0.511573034,147,133,64.75,0.486842105,1,1,5:24,94,11/1/2023,NA,Cold Dormancy,Pre-Hibernation
13.1,GT2023_N13,,unk,Ray's site,8/14/2023,Top/same level,41.23,44.5,Hatched,GT2023_N13.01,8/22/2023,8/25/2023,8/27/2023,14,8/27/2023,32.35,50.3,50.8,333,1,8/28/2023,31.9,9/4/2023,35.28,9/11/2023,36.8,9/18/2023,43.02,9/25/2023,47.79,10/13/2023,55.47,10/27/2023,63.49,11/10/2023,70.95,11/24/2023,77.88,634.9,12/10/2023,94.24,71.4,69.3,12/21/2023,96.8,76.6,74.2,1/7/2024,97.1,1/20/2024,93.2,76.5,73.9,2/27/2024,91.6,76.4,74.3,3/17/2024,103.8,79.2,75.8,4/14/2024,133.5,84.7,82.8,5/16/2024,170,88.6,86.6,6/16/2024,211.6,98.3,97.4,103,89,45.53,0.511573034,147,133,64.75,0.486842105,1,1,1:52,27,2/27/2024,NA,Cold Dormancy,Dormancy
13.1,GT2023_N13,,unk,Ray's site,8/14/2023,Top/same level,41.23,44.5,Hatched,GT2023_N13.01,8/22/2023,8/25/2023,8/27/2023,14,8/27/2023,32.35,50.3,50.8,333,1,8/28/2023,31.9,9/4/2023,35.28,9/11/2023,36.8,9/18/2023,43.02,9/25/2023,47.79,10/13/2023,55.47,10/27/2023,63.49,11/10/2023,70.95,11/24/2023,77.88,634.9,12/10/2023,94.24,71.4,69.3,12/21/2023,96.8,76.6,74.2,1/7/2024,97.1,1/20/2024,93.2,76.5,73.9,2/27/2024,91.6,76.4,74.3,3/17/2024,103.8,79.2,75.8,4/14/2024,133.5,84.7,82.8,5/16/2024,170,88.6,86.6,6/16/2024,211.6,98.3,97.4,103,89,45.53,0.511573034,147,133,64.75,0.486842105,1,1,3:22,93,3/19/2024,103.8,Cold Dormancy,3 weeks-Post
13.1,GT2023_N13,,unk,Ray's site,8/14/2023,Top/same level,41.23,44.5,Hatched,GT2023_N13.01,8/22/2023,8/25/2023,8/27/2023,14,8/27/2023,32.35,50.3,50.8,333,1,8/28/2023,31.9,9/4/2023,35.28,9/11/2023,36.8,9/18/2023,43.02,9/25/2023,47.79,10/13/2023,55.47,10/27/2023,63.49,11/10/2023,70.95,11/24/2023,77.88,634.9,12/10/2023,94.24,71.4,69.3,12/21/2023,96.8,76.6,74.2,1/7/2024,97.1,1/20/2024,93.2,76.5,73.9,2/27/2024,91.6,76.4,74.3,3/17/2024,103.8,79.2,75.8,4/14/2024,133.5,84.7,82.8,5/16/2024,170,88.6,86.6,6/16/2024,211.6,98.3,97.4,103,89,45.53,0.511573034,147,133,64.75,0.486842105,1,1,2,123,6/10/2024,170,Cold Dormancy,3 months-Post
13.2,GT2023_N13,,unk,Ray's site,8/14/2023,Top/same level,38.32,41,Hatched,GT2023_N13.02,8/22/2023,8/24/2023,8/25/2023,12,8/25/2023,30.02,36.7,34.8,325,2,8/28/2023,29.13,9/4/2023,30.68,9/11/2023,33.8,9/18/2023,35.89,9/25/2023,37.27,10/13/2023,44.95,10/27/2023,52.1,11/10/2023,55.57,11/24/2023,67.83,521,12/10/2023,80,66.5,62.3,12/21/2023,83.9,73.2,69.4,1/7/2024,97.9,1/20/2024,110,79.9,76.5,2/17/2024,125.6,85,80.1,3/17/2024,148.1,90.2,85.8,4/14/2024,173.2,93.7,90.8,5/16/2024,208.6,100.2,96.9,6/16/2024,254.4,104.1,102.6,103,91,37.81,0.415494505,147,135,67.88,0.502814815,1,2,2:35,154,11/5/2023,NA,Constant Growth,Pre-Hibernation
13.2,GT2023_N13,,unk,Ray's site,8/14/2023,Top/same level,38.32,41,Hatched,GT2023_N13.02,8/22/2023,8/24/2023,8/25/2023,12,8/25/2023,30.02,36.7,34.8,325,2,8/28/2023,29.13,9/4/2023,30.68,9/11/2023,33.8,9/18/2023,35.89,9/25/2023,37.27,10/13/2023,44.95,10/27/2023,52.1,11/10/2023,55.57,11/24/2023,67.83,521,12/10/2023,80,66.5,62.3,12/21/2023,83.9,73.2,69.4,1/7/2024,97.9,1/20/2024,110,79.9,76.5,2/17/2024,125.6,85,80.1,3/17/2024,148.1,90.2,85.8,4/14/2024,173.2,93.7,90.8,5/16/2024,208.6,100.2,96.9,6/16/2024,254.4,104.1,102.6,103,91,37.81,0.415494505,147,135,67.88,0.502814815,3,2,8:12,93,2/28/2024,NA,Constant Growth,Dormancy
13.2,GT2023_N13,,unk,Ray's site,8/14/2023,Top/same level,38.32,41,Hatched,GT2023_N13.02,8/22/2023,8/24/2023,8/25/2023,12,8/25/2023,30.02,36.7,34.8,325,2,8/28/2023,29.13,9/4/2023,30.68,9/11/2023,33.8,9/18/2023,35.89,9/25/2023,37.27,10/13/2023,44.95,10/27/2023,52.1,11/10/2023,55.57,11/24/2023,67.83,521,12/10/2023,80,66.5,62.3,12/21/2023,83.9,73.2,69.4,1/7/2024,97.9,1/20/2024,110,79.9,76.5,2/17/2024,125.6,85,80.1,3/17/2024,148.1,90.2,85.8,4/14/2024,173.2,93.7,90.8,5/16/2024,208.6,100.2,96.9,6/16/2024,254.4,104.1,102.6,103,91,37.81,0.415494505,147,135,67.88,0.502814815,3,2,2:22,94,3/19/2024,148.1,Constant Growth,3 weeks-Post
13.2,GT2023_N13,,unk,Ray's site,8/14/2023,Top/same level,38.32,41,Hatched,GT2023_N13.02,8/22/2023,8/24/2023,8/25/2023,12,8/25/2023,30.02,36.7,34.8,325,2,8/28/2023,29.13,9/4/2023,30.68,9/11/2023,33.8,9/18/2023,35.89,9/25/2023,37.27,10/13/2023,44.95,10/27/2023,52.1,11/10/2023,55.57,11/24/2023,67.83,521,12/10/2023,80,66.5,62.3,12/21/2023,83.9,73.2,69.4,1/7/2024,97.9,1/20/2024,110,79.9,76.5,2/17/2024,125.6,85,80.1,3/17/2024,148.1,90.2,85.8,4/14/2024,173.2,93.7,90.8,5/16/2024,208.6,100.2,96.9,6/16/2024,254.4,104.1,102.6,103,91,37.81,0.415494505,147,135,67.88,0.502814815,3,2,3,141,6/10/2024,208.6,Constant Growth,3 months-Post
13.3,GT2023_N13,,unk,Ray's site,8/14/2023,Top/same level,41.82,44,Hatched,GT2023_N13.03,8/23/2023,8/25/2023,8/27/2023,14,8/27/2023,32.3,50.2,51,331,3,8/28/2023,32.8,9/4/2023,34.93,9/11/2023,38.4,9/18/2023,39.36,9/25/2023,40.88,10/13/2023,44.84,10/27/2023,49.44,11/10/2023,51.47,11/24/2023,58.99,494.4,12/10/2023,69.17,64.5,62.5,12/21/2023,72.2,69.3,66.6,1/7/2024,69,1/20/2024,68.4,69.2,66.8,2/27/2024,64.3,68.7,66.9,3/17/2024,75.7,71.5,68.8,4/14/2024,101.6,78.1,75.9,5/16/2024,131,78.9,77.5,6/16/2024,150.9,88.2,87.5,103,89,26.69,0.29988764,147,133,36.7,0.27593985,1,3,4:40,131,11/5/2023,NA,Cold Dormancy,Pre-Hibernation
13.3,GT2023_N13,,unk,Ray's site,8/14/2023,Top/same level,41.82,44,Hatched,GT2023_N13.03,8/23/2023,8/25/2023,8/27/2023,14,8/27/2023,32.3,50.2,51,331,3,8/28/2023,32.8,9/4/2023,34.93,9/11/2023,38.4,9/18/2023,39.36,9/25/2023,40.88,10/13/2023,44.84,10/27/2023,49.44,11/10/2023,51.47,11/24/2023,58.99,494.4,12/10/2023,69.17,64.5,62.5,12/21/2023,72.2,69.3,66.6,1/7/2024,69,1/20/2024,68.4,69.2,66.8,2/27/2024,64.3,68.7,66.9,3/17/2024,75.7,71.5,68.8,4/14/2024,101.6,78.1,75.9,5/16/2024,131,78.9,77.5,6/16/2024,150.9,88.2,87.5,103,89,26.69,0.29988764,147,133,36.7,0.27593985,1,3,4:52,47,2/27/2024,NA,Cold Dormancy,Dormancy
13.3,GT2023_N13,,unk,Ray's site,8/14/2023,Top/same level,41.82,44,Hatched,GT2023_N13.03,8/23/2023,8/25/2023,8/27/2023,14,8/27/2023,32.3,50.2,51,331,3,8/28/2023,32.8,9/4/2023,34.93,9/11/2023,38.4,9/18/2023,39.36,9/25/2023,40.88,10/13/2023,44.84,10/27/2023,49.44,11/10/2023,51.47,11/24/2023,58.99,494.4,12/10/2023,69.17,64.5,62.5,12/21/2023,72.2,69.3,66.6,1/7/2024,69,1/20/2024,68.4,69.2,66.8,2/27/2024,64.3,68.7,66.9,3/17/2024,75.7,71.5,68.8,4/14/2024,101.6,78.1,75.9,5/16/2024,131,78.9,77.5,6/16/2024,150.9,88.2,87.5,103,89,26.69,0.29988764,147,133,36.7,0.27593985,1,3,2:00,87,3/19/2024,75.7,Cold Dormancy,3 weeks-Post
13.3,GT2023_N13,,unk,Ray's site,8/14/2023,Top/same level,41.82,44,Hatched,GT2023_N13.03,8/23/2023,8/25/2023,8/27/2023,14,8/27/2023,32.3,50.2,51,331,3,8/28/2023,32.8,9/4/2023,34.93,9/11/2023,38.4,9/18/2023,39.36,9/25/2023,40.88,10/13/2023,44.84,10/27/2023,49.44,11/10/2023,51.47,11/24/2023,58.99,494.4,12/10/2023,69.17,64.5,62.5,12/21/2023,72.2,69.3,66.6,1/7/2024,69,1/20/2024,68.4,69.2,66.8,2/27/2024,64.3,68.7,66.9,3/17/2024,75.7,71.5,68.8,4/14/2024,101.6,78.1,75.9,5/16/2024,131,78.9,77.5,6/16/2024,150.9,88.2,87.5,103,89,26.69,0.29988764,147,133,36.7,0.27593985,1,3,3,73,6/10/2024,131,Cold Dormancy,3 months-Post
13.4,GT2023_N13,,unk,Ray's site,8/14/2023,Bottom,40.45,44.2,Hatched,GT2023_N13.04,8/24/2023,8/26/2023,8/28/2023,15,8/28/2023,31.91,50.7,50.7,337,4,8/29/2023,31.65,9/5/2023,34.41,9/12/2023,36.35,9/19/2023,38.9,9/26/2023,40.7,10/13/2023,45.75,10/27/2023,52.15,11/10/2023,58.11,11/24/2023,65.82,521.5,12/10/2023,73.8,64.7,62.2,12/21/2023,79.5,70.1,67.3,1/7/2024,91.1,1/20/2024,101.1,76.5,74.1,2/17/2024,125.6,82.5,79.8,3/17/2024,143,86.6,85,4/14/2024,171.1,88.4,88.6,5/16/2024,185.6,93.3,92.5,6/16/2024,225,98.7,97.1,103,88,33.91,0.385340909,147,132,59.19,0.448409091,2,5,4:10,179,11/5/2023,NA,Constant Growth,Pre-Hibernation
13.4,GT2023_N13,,unk,Ray's site,8/14/2023,Bottom,40.45,44.2,Hatched,GT2023_N13.04,8/24/2023,8/26/2023,8/28/2023,15,8/28/2023,31.91,50.7,50.7,337,4,8/29/2023,31.65,9/5/2023,34.41,9/12/2023,36.35,9/19/2023,38.9,9/26/2023,40.7,10/13/2023,45.75,10/27/2023,52.15,11/10/2023,58.11,11/24/2023,65.82,521.5,12/10/2023,73.8,64.7,62.2,12/21/2023,79.5,70.1,67.3,1/7/2024,91.1,1/20/2024,101.1,76.5,74.1,2/17/2024,125.6,82.5,79.8,3/17/2024,143,86.6,85,4/14/2024,171.1,88.4,88.6,5/16/2024,185.6,93.3,92.5,6/16/2024,225,98.7,97.1,103,88,33.91,0.385340909,147,132,59.19,0.448409091,3,5,2:00,102,2/28/2024,NA,Constant Growth,Dormancy
13.4,GT2023_N13,,unk,Ray's site,8/14/2023,Bottom,40.45,44.2,Hatched,GT2023_N13.04,8/24/2023,8/26/2023,8/28/2023,15,8/28/2023,31.91,50.7,50.7,337,4,8/29/2023,31.65,9/5/2023,34.41,9/12/2023,36.35,9/19/2023,38.9,9/26/2023,40.7,10/13/2023,45.75,10/27/2023,52.15,11/10/2023,58.11,11/24/2023,65.82,521.5,12/10/2023,73.8,64.7,62.2,12/21/2023,79.5,70.1,67.3,1/7/2024,91.1,1/20/2024,101.1,76.5,74.1,2/17/2024,125.6,82.5,79.8,3/17/2024,143,86.6,85,4/14/2024,171.1,88.4,88.6,5/16/2024,185.6,93.3,92.5,6/16/2024,225,98.7,97.1,103,88,33.91,0.385340909,147,132,59.19,0.448409091,3,5,3:33,108,3/19/2024,143,Constant Growth,3 weeks-Post
13.4,GT2023_N13,,unk,Ray's site,8/14/2023,Bottom,40.45,44.2,Hatched,GT2023_N13.04,8/24/2023,8/26/2023,8/28/2023,15,8/28/2023,31.91,50.7,50.7,337,4,8/29/2023,31.65,9/5/2023,34.41,9/12/2023,36.35,9/19/2023,38.9,9/26/2023,40.7,10/13/2023,45.75,10/27/2023,52.15,11/10/2023,58.11,11/24/2023,65.82,521.5,12/10/2023,73.8,64.7,62.2,12/21/2023,79.5,70.1,67.3,1/7/2024,91.1,1/20/2024,101.1,76.5,74.1,2/17/2024,125.6,82.5,79.8,3/17/2024,143,86.6,85,4/14/2024,171.1,88.4,88.6,5/16/2024,185.6,93.3,92.5,6/16/2024,225,98.7,97.1,103,88,33.91,0.385340909,147,132,59.19,0.448409091,3,5,1,118,6/10/2024,185.6,Constant Growth,3 months-Post
14.4,GT2023_N14,,unk,Ray's site,8/14/2023,Bottom,46.9,49.6,Hatched,GT2023_N14.04,8/17/2023,8/17/2023,8/22/2023,14,8/27/2023,29.9,48.9,49.9,313,12,8/31/2023,28.27,9/7/2023,35.86,9/14/2023,38.48,9/21/2023,41.52,9/28/2023,42.82,10/13/2023,47.95,10/27/2023,49.84,11/10/2023,50.81,11/24/2023,52.81,498.4,12/10/2023,57.84,60.2,58.2,12/21/2023,65,64.5,62.2,1/7/2024,77.8,1/20/2024,90,73.3,70.2,2/17/2024,110.8,79.7,77.2,3/17/2024,131,85.7,82.9,4/14/2024,157,90.1,88.1,5/16/2024,182,92.1,89.4,6/16/2024,218.8,96.7,95.9,103,89,22.91,0.25741573,147,133,47.9,0.360150376,4,12,10:05,163,11/5/2023,NA,Constant Growth,Pre-Hibernation
14.4,GT2023_N14,,unk,Ray's site,8/14/2023,Bottom,46.9,49.6,Hatched,GT2023_N14.04,8/17/2023,8/17/2023,8/22/2023,14,8/27/2023,29.9,48.9,49.9,313,12,8/31/2023,28.27,9/7/2023,35.86,9/14/2023,38.48,9/21/2023,41.52,9/28/2023,42.82,10/13/2023,47.95,10/27/2023,49.84,11/10/2023,50.81,11/24/2023,52.81,498.4,12/10/2023,57.84,60.2,58.2,12/21/2023,65,64.5,62.2,1/7/2024,77.8,1/20/2024,90,73.3,70.2,2/17/2024,110.8,79.7,77.2,3/17/2024,131,85.7,82.9,4/14/2024,157,90.1,88.1,5/16/2024,182,92.1,89.4,6/16/2024,218.8,96.7,95.9,103,89,22.91,0.25741573,147,133,47.9,0.360150376,2,12,6:00,119,2/28/2024,NA,Constant Growth,Dormancy
14.4,GT2023_N14,,unk,Ray's site,8/14/2023,Bottom,46.9,49.6,Hatched,GT2023_N14.04,8/17/2023,8/17/2023,8/22/2023,14,8/27/2023,29.9,48.9,49.9,313,12,8/31/2023,28.27,9/7/2023,35.86,9/14/2023,38.48,9/21/2023,41.52,9/28/2023,42.82,10/13/2023,47.95,10/27/2023,49.84,11/10/2023,50.81,11/24/2023,52.81,498.4,12/10/2023,57.84,60.2,58.2,12/21/2023,65,64.5,62.2,1/7/2024,77.8,1/20/2024,90,73.3,70.2,2/17/2024,110.8,79.7,77.2,3/17/2024,131,85.7,82.9,4/14/2024,157,90.1,88.1,5/16/2024,182,92.1,89.4,6/16/2024,218.8,96.7,95.9,103,89,22.91,0.25741573,147,133,47.9,0.360150376,2,12,2:27,95,3/19/2024,131,Constant Growth,3 weeks-Post
14.4,GT2023_N14,,unk,Ray's site,8/14/2023,Bottom,46.9,49.6,Hatched,GT2023_N14.04,8/17/2023,8/17/2023,8/22/2023,14,8/27/2023,29.9,48.9,49.9,313,12,8/31/2023,28.27,9/7/2023,35.86,9/14/2023,38.48,9/21/2023,41.52,9/28/2023,42.82,10/13/2023,47.95,10/27/2023,49.84,11/10/2023,50.81,11/24/2023,52.81,498.4,12/10/2023,57.84,60.2,58.2,12/21/2023,65,64.5,62.2,1/7/2024,77.8,1/20/2024,90,73.3,70.2,2/17/2024,110.8,79.7,77.2,3/17/2024,131,85.7,82.9,4/14/2024,157,90.1,88.1,5/16/2024,182,92.1,89.4,6/16/2024,218.8,96.7,95.9,103,89,22.91,0.25741573,147,133,47.9,0.360150376,2,12,2,77,6/10/2024,182,Constant Growth,3 months-Post
14.5,GT2023_N14,,unk,Ray's site,8/14/2023,Bottom,44.52,52.2,Hatched,GT2023_N14.05,8/18/2023,8/19/2023,8/21/2023,8,8/21/2023,34.9,51.5,53.6,310,11,8/31/2023,37.14,9/7/2023,41.39,9/14/2023,44.94,9/21/2023,48.29,9/28/2023,52.45,10/13/2023,58.81,10/27/2023,60,11/10/2023,65.84,11/24/2023,72.04,600,12/10/2023,77.18,65.1,65.4,12/21/2023,83.4,71.2,69,1/7/2024,81.9,1/20/2024,83.5,71.7,69.4,2/27/2024,76.4,71.5,69.5,3/17/2024,92.7,74.4,71.7,4/14/2024,123,80.3,79.2,5/16/2024,149.1,86.7,85.8,6/16/2024,186.6,92.9,90.9,103,95,37.14,0.390947368,147,139,47,0.338129496,4,11,9:25,42,2/27/2024,NA,Cold Dormancy,Dormancy
14.5,GT2023_N14,,unk,Ray's site,8/14/2023,Bottom,44.52,52.2,Hatched,GT2023_N14.05,8/18/2023,8/19/2023,8/21/2023,8,8/21/2023,34.9,51.5,53.6,310,11,8/31/2023,37.14,9/7/2023,41.39,9/14/2023,44.94,9/21/2023,48.29,9/28/2023,52.45,10/13/2023,58.81,10/27/2023,60,11/10/2023,65.84,11/24/2023,72.04,600,12/10/2023,77.18,65.1,65.4,12/21/2023,83.4,71.2,69,1/7/2024,81.9,1/20/2024,83.5,71.7,69.4,2/27/2024,76.4,71.5,69.5,3/17/2024,92.7,74.4,71.7,4/14/2024,123,80.3,79.2,5/16/2024,149.1,86.7,85.8,6/16/2024,186.6,92.9,90.9,103,95,37.14,0.390947368,147,139,47,0.338129496,4,11,3:42,114,3/19/2024,92.7,Cold Dormancy,3 weeks-Post
14.5,GT2023_N14,,unk,Ray's site,8/14/2023,Bottom,44.52,52.2,Hatched,GT2023_N14.05,8/18/2023,8/19/2023,8/21/2023,8,8/21/2023,34.9,51.5,53.6,310,11,8/31/2023,37.14,9/7/2023,41.39,9/14/2023,44.94,9/21/2023,48.29,9/28/2023,52.45,10/13/2023,58.81,10/27/2023,60,11/10/2023,65.84,11/24/2023,72.04,600,12/10/2023,77.18,65.1,65.4,12/21/2023,83.4,71.2,69,1/7/2024,81.9,1/20/2024,83.5,71.7,69.4,2/27/2024,76.4,71.5,69.5,3/17/2024,92.7,74.4,71.7,4/14/2024,123,80.3,79.2,5/16/2024,149.1,86.7,85.8,6/16/2024,186.6,92.9,90.9,103,95,37.14,0.390947368,147,139,47,0.338129496,4,11,2,110,6/10/2024,149.1,Cold Dormancy,3 months-Post
15.1,GT2023_N15,,unk,Ray's site,8/14/2023,Top,40.03,39.3,Hatched,GT2023_N15.01,8/27/2023,8/28/2023,8/30/2023,17,8/30/2023,30.48,48,48.2,344,12,8/31/2023,30.11,9/7/2023,35.43,9/14/2023,39.45,9/21/2023,40.62,9/28/2023,43.31,10/13/2023,47.19,10/27/2023,50.5,11/10/2023,54,11/24/2023,57.42,505,12/10/2023,64.1,60.5,58.4,12/21/2023,68.4,65.7,62,1/7/2024,79.3,1/20/2024,86.2,72.5,69.2,2/17/2024,104.4,77.4,74.3,3/17/2024,133,85.1,80.9,4/14/2024,167.4,90.6,89,5/16/2024,209.3,92,89.8,6/16/2024,232.1,99.5,99.7,103,86,26.94,0.313255814,147,130,48.82,0.375538462,4,12,4:10,96,11/1/2023,NA,Constant Growth,Pre-Hibernation
15.1,GT2023_N15,,unk,Ray's site,8/14/2023,Top,40.03,39.3,Hatched,GT2023_N15.01,8/27/2023,8/28/2023,8/30/2023,17,8/30/2023,30.48,48,48.2,344,12,8/31/2023,30.11,9/7/2023,35.43,9/14/2023,39.45,9/21/2023,40.62,9/28/2023,43.31,10/13/2023,47.19,10/27/2023,50.5,11/10/2023,54,11/24/2023,57.42,505,12/10/2023,64.1,60.5,58.4,12/21/2023,68.4,65.7,62,1/7/2024,79.3,1/20/2024,86.2,72.5,69.2,2/17/2024,104.4,77.4,74.3,3/17/2024,133,85.1,80.9,4/14/2024,167.4,90.6,89,5/16/2024,209.3,92,89.8,6/16/2024,232.1,99.5,99.7,103,86,26.94,0.313255814,147,130,48.82,0.375538462,2,12,3:30,73,2/28/2024,NA,Constant Growth,Dormancy
15.1,GT2023_N15,,unk,Ray's site,8/14/2023,Top,40.03,39.3,Hatched,GT2023_N15.01,8/27/2023,8/28/2023,8/30/2023,17,8/30/2023,30.48,48,48.2,344,12,8/31/2023,30.11,9/7/2023,35.43,9/14/2023,39.45,9/21/2023,40.62,9/28/2023,43.31,10/13/2023,47.19,10/27/2023,50.5,11/10/2023,54,11/24/2023,57.42,505,12/10/2023,64.1,60.5,58.4,12/21/2023,68.4,65.7,62,1/7/2024,79.3,1/20/2024,86.2,72.5,69.2,2/17/2024,104.4,77.4,74.3,3/17/2024,133,85.1,80.9,4/14/2024,167.4,90.6,89,5/16/2024,209.3,92,89.8,6/16/2024,232.1,99.5,99.7,103,86,26.94,0.313255814,147,130,48.82,0.375538462,2,12,4:09,111,3/19/2024,133,Constant Growth,3 weeks-Post
15.1,GT2023_N15,,unk,Ray's site,8/14/2023,Top,40.03,39.3,Hatched,GT2023_N15.01,8/27/2023,8/28/2023,8/30/2023,17,8/30/2023,30.48,48,48.2,344,12,8/31/2023,30.11,9/7/2023,35.43,9/14/2023,39.45,9/21/2023,40.62,9/28/2023,43.31,10/13/2023,47.19,10/27/2023,50.5,11/10/2023,54,11/24/2023,57.42,505,12/10/2023,64.1,60.5,58.4,12/21/2023,68.4,65.7,62,1/7/2024,79.3,1/20/2024,86.2,72.5,69.2,2/17/2024,104.4,77.4,74.3,3/17/2024,133,85.1,80.9,4/14/2024,167.4,90.6,89,5/16/2024,209.3,92,89.8,6/16/2024,232.1,99.5,99.7,103,86,26.94,0.313255814,147,130,48.82,0.375538462,2,12,2,93,6/10/2024,209.3,Constant Growth,3 months-Post
15.2,GT2023_N15,,unk,Ray's site,8/14/2023,Middle,31.98,39.1,Hatched,GT2023_N15.02,8/27/2023,8/28/2023,8/30/2023,17,8/30/2023,24.54,46.2,45.1,342,1,,NA,9/4/2023,28.46,9/11/2023,31.6,9/18/2023,35.86,9/25/2023,39.11,10/13/2023,46.17,10/27/2023,52.47,11/10/2023,63.17,11/24/2023,67.88,524.7,12/10/2023,77.65,66.2,61.9,12/21/2023,77.5,70.2,65.7,1/7/2024,80,1/20/2024,77.5,70.1,65.8,2/27/2024,77,69.1,65.8,3/17/2024,86.2,75.2,68,4/14/2024,100.4,75.3,72.4,5/16/2024,120.9,75.8,72.9,6/16/2024,145.5,84,82.8,103,86,43.34,0.503953488,147,130,55.46,0.426615385,1,1,9:17,124,11/1/2023,NA,Cold Dormancy,Pre-Hibernation
15.2,GT2023_N15,,unk,Ray's site,8/14/2023,Middle,31.98,39.1,Hatched,GT2023_N15.02,8/27/2023,8/28/2023,8/30/2023,17,8/30/2023,24.54,46.2,45.1,342,1,,NA,9/4/2023,28.46,9/11/2023,31.6,9/18/2023,35.86,9/25/2023,39.11,10/13/2023,46.17,10/27/2023,52.47,11/10/2023,63.17,11/24/2023,67.88,524.7,12/10/2023,77.65,66.2,61.9,12/21/2023,77.5,70.2,65.7,1/7/2024,80,1/20/2024,77.5,70.1,65.8,2/27/2024,77,69.1,65.8,3/17/2024,86.2,75.2,68,4/14/2024,100.4,75.3,72.4,5/16/2024,120.9,75.8,72.9,6/16/2024,145.5,84,82.8,103,86,43.34,0.503953488,147,130,55.46,0.426615385,1,1,9:50,48,2/27/2024,NA,Cold Dormancy,Dormancy
15.2,GT2023_N15,,unk,Ray's site,8/14/2023,Middle,31.98,39.1,Hatched,GT2023_N15.02,8/27/2023,8/28/2023,8/30/2023,17,8/30/2023,24.54,46.2,45.1,342,1,,NA,9/4/2023,28.46,9/11/2023,31.6,9/18/2023,35.86,9/25/2023,39.11,10/13/2023,46.17,10/27/2023,52.47,11/10/2023,63.17,11/24/2023,67.88,524.7,12/10/2023,77.65,66.2,61.9,12/21/2023,77.5,70.2,65.7,1/7/2024,80,1/20/2024,77.5,70.1,65.8,2/27/2024,77,69.1,65.8,3/17/2024,86.2,75.2,68,4/14/2024,100.4,75.3,72.4,5/16/2024,120.9,75.8,72.9,6/16/2024,145.5,84,82.8,103,86,43.34,0.503953488,147,130,55.46,0.426615385,1,1,4:00,133,3/19/2024,86.2,Cold Dormancy,3 weeks-Post
15.2,GT2023_N15,,unk,Ray's site,8/14/2023,Middle,31.98,39.1,Hatched,GT2023_N15.02,8/27/2023,8/28/2023,8/30/2023,17,8/30/2023,24.54,46.2,45.1,342,1,,NA,9/4/2023,28.46,9/11/2023,31.6,9/18/2023,35.86,9/25/2023,39.11,10/13/2023,46.17,10/27/2023,52.47,11/10/2023,63.17,11/24/2023,67.88,524.7,12/10/2023,77.65,66.2,61.9,12/21/2023,77.5,70.2,65.7,1/7/2024,80,1/20/2024,77.5,70.1,65.8,2/27/2024,77,69.1,65.8,3/17/2024,86.2,75.2,68,4/14/2024,100.4,75.3,72.4,5/16/2024,120.9,75.8,72.9,6/16/2024,145.5,84,82.8,103,86,43.34,0.503953488,147,130,55.46,0.426615385,1,1,3,101,6/10/2024,120.9,Cold Dormancy,3 months-Post
15.3,GT2023_N15,,unk,Ray's site,8/14/2023,Middle,40.59,43.9,Hatched,GT2023_N15.03,8/26/2023,8/27/2023,8/29/2023,16,8/29/2023,31.05,50.8,48.7,339,2,,NA,9/4/2023,34.27,9/11/2023,38.2,9/18/2023,40.2,9/25/2023,44.56,10/13/2023,52.25,10/27/2023,58.16,11/10/2023,62.21,11/24/2023,74.7,581.6,12/10/2023,81,68.3,63.1,12/21/2023,93.1,73.3,68.2,1/7/2024,99.2,1/20/2024,118.9,79.4,74.8,2/17/2024,128.9,84.6,78,3/17/2024,141.4,85.4,81.1,4/14/2024,163.1,88.1,84.6,5/16/2024,172.4,93.1,86.8,6/16/2024,221.8,96.3,91.7,103,87,43.65,0.501724138,147,131,68.15,0.520229008,1,2,3:35,212,11/5/2023,NA,Constant Growth,Pre-Hibernation
15.3,GT2023_N15,,unk,Ray's site,8/14/2023,Middle,40.59,43.9,Hatched,GT2023_N15.03,8/26/2023,8/27/2023,8/29/2023,16,8/29/2023,31.05,50.8,48.7,339,2,,NA,9/4/2023,34.27,9/11/2023,38.2,9/18/2023,40.2,9/25/2023,44.56,10/13/2023,52.25,10/27/2023,58.16,11/10/2023,62.21,11/24/2023,74.7,581.6,12/10/2023,81,68.3,63.1,12/21/2023,93.1,73.3,68.2,1/7/2024,99.2,1/20/2024,118.9,79.4,74.8,2/17/2024,128.9,84.6,78,3/17/2024,141.4,85.4,81.1,4/14/2024,163.1,88.1,84.6,5/16/2024,172.4,93.1,86.8,6/16/2024,221.8,96.3,91.7,103,87,43.65,0.501724138,147,131,68.15,0.520229008,3,2,6:19,81,2/28/2024,NA,Constant Growth,Dormancy
15.3,GT2023_N15,,unk,Ray's site,8/14/2023,Middle,40.59,43.9,Hatched,GT2023_N15.03,8/26/2023,8/27/2023,8/29/2023,16,8/29/2023,31.05,50.8,48.7,339,2,,NA,9/4/2023,34.27,9/11/2023,38.2,9/18/2023,40.2,9/25/2023,44.56,10/13/2023,52.25,10/27/2023,58.16,11/10/2023,62.21,11/24/2023,74.7,581.6,12/10/2023,81,68.3,63.1,12/21/2023,93.1,73.3,68.2,1/7/2024,99.2,1/20/2024,118.9,79.4,74.8,2/17/2024,128.9,84.6,78,3/17/2024,141.4,85.4,81.1,4/14/2024,163.1,88.1,84.6,5/16/2024,172.4,93.1,86.8,6/16/2024,221.8,96.3,91.7,103,87,43.65,0.501724138,147,131,68.15,0.520229008,3,2,5:00,107,3/19/2024,141.4,Constant Growth,3 weeks-Post
15.3,GT2023_N15,,unk,Ray's site,8/14/2023,Middle,40.59,43.9,Hatched,GT2023_N15.03,8/26/2023,8/27/2023,8/29/2023,16,8/29/2023,31.05,50.8,48.7,339,2,,NA,9/4/2023,34.27,9/11/2023,38.2,9/18/2023,40.2,9/25/2023,44.56,10/13/2023,52.25,10/27/2023,58.16,11/10/2023,62.21,11/24/2023,74.7,581.6,12/10/2023,81,68.3,63.1,12/21/2023,93.1,73.3,68.2,1/7/2024,99.2,1/20/2024,118.9,79.4,74.8,2/17/2024,128.9,84.6,78,3/17/2024,141.4,85.4,81.1,4/14/2024,163.1,88.1,84.6,5/16/2024,172.4,93.1,86.8,6/16/2024,221.8,96.3,91.7,103,87,43.65,0.501724138,147,131,68.15,0.520229008,3,2,3,91,6/10/2024,172.4,Constant Growth,3 months-Post
15.4,GT2023_N15,,unk,Ray's site,8/14/2023,Middle,39.11,41.9,Hatched,GT2023_N15.04,8/27/2023,8/28/2023,8/30/2023,17,8/30/2023,30.11,48.9,48.2,347,3,,NA,9/4/2023,32.84,9/11/2023,37.8,9/18/2023,40.82,9/25/2023,43.25,10/13/2023,51.27,10/27/2023,56.91,11/10/2023,61.56,11/24/2023,66.26,569.1,12/10/2023,75.13,65.8,63,12/21/2023,74.4,69.3,65.9,1/7/2024,72.7,1/20/2024,72.3,69.3,65.8,2/27/2024,70,68.3,66,3/17/2024,81.3,71.2,67.5,4/14/2024,86.2,71.4,69.3,5/16/2024,98.3,69.1,69.9,6/16/2024,100,75.3,72,103,86,36.15,0.420348837,147,130,42.59,0.327615385,1,3,3:18,141,11/5/2023,NA,Cold Dormancy,Pre-Hibernation
15.4,GT2023_N15,,unk,Ray's site,8/14/2023,Middle,39.11,41.9,Hatched,GT2023_N15.04,8/27/2023,8/28/2023,8/30/2023,17,8/30/2023,30.11,48.9,48.2,347,3,,NA,9/4/2023,32.84,9/11/2023,37.8,9/18/2023,40.82,9/25/2023,43.25,10/13/2023,51.27,10/27/2023,56.91,11/10/2023,61.56,11/24/2023,66.26,569.1,12/10/2023,75.13,65.8,63,12/21/2023,74.4,69.3,65.9,1/7/2024,72.7,1/20/2024,72.3,69.3,65.8,2/27/2024,70,68.3,66,3/17/2024,81.3,71.2,67.5,4/14/2024,86.2,71.4,69.3,5/16/2024,98.3,69.1,69.9,6/16/2024,100,75.3,72,103,86,36.15,0.420348837,147,130,42.59,0.327615385,1,3,4:54,25,2/27/2024,NA,Cold Dormancy,Dormancy
15.4,GT2023_N15,,unk,Ray's site,8/14/2023,Middle,39.11,41.9,Hatched,GT2023_N15.04,8/27/2023,8/28/2023,8/30/2023,17,8/30/2023,30.11,48.9,48.2,347,3,,NA,9/4/2023,32.84,9/11/2023,37.8,9/18/2023,40.82,9/25/2023,43.25,10/13/2023,51.27,10/27/2023,56.91,11/10/2023,61.56,11/24/2023,66.26,569.1,12/10/2023,75.13,65.8,63,12/21/2023,74.4,69.3,65.9,1/7/2024,72.7,1/20/2024,72.3,69.3,65.8,2/27/2024,70,68.3,66,3/17/2024,81.3,71.2,67.5,4/14/2024,86.2,71.4,69.3,5/16/2024,98.3,69.1,69.9,6/16/2024,100,75.3,72,103,86,36.15,0.420348837,147,130,42.59,0.327615385,1,3,9:45,82,3/19/2024,81.3,Cold Dormancy,3 weeks-Post
15.4,GT2023_N15,,unk,Ray's site,8/14/2023,Middle,39.11,41.9,Hatched,GT2023_N15.04,8/27/2023,8/28/2023,8/30/2023,17,8/30/2023,30.11,48.9,48.2,347,3,,NA,9/4/2023,32.84,9/11/2023,37.8,9/18/2023,40.82,9/25/2023,43.25,10/13/2023,51.27,10/27/2023,56.91,11/10/2023,61.56,11/24/2023,66.26,569.1,12/10/2023,75.13,65.8,63,12/21/2023,74.4,69.3,65.9,1/7/2024,72.7,1/20/2024,72.3,69.3,65.8,2/27/2024,70,68.3,66,3/17/2024,81.3,71.2,67.5,4/14/2024,86.2,71.4,69.3,5/16/2024,98.3,69.1,69.9,6/16/2024,100,75.3,72,103,86,36.15,0.420348837,147,130,42.59,0.327615385,1,3,NA,N/A,6/10/2024,98.3,Cold Dormancy,3 months-Post
15.5,GT2023_N15,,unk,Ray's site,8/14/2023,Bottom,40.48,45.5,Hatched,GT2023_N15.05,8/27/2023,8/28/2023,8/31/2023,18,8/31/2023,31.52,50.8,48.8,348,4,,NA,9/5/2023,32.19,9/12/2023,35.8,9/19/2023,37.89,9/26/2023,39.66,10/13/2023,45.73,10/27/2023,51.1,11/10/2023,56.28,11/24/2023,60.64,511,12/10/2023,69,61.7,58.1,12/21/2023,71.2,65.9,61,1/7/2024,74.3,1/20/2024,77.3,69.6,64.7,2/17/2024,88.2,73,69.2,3/17/2024,106.8,77,71.3,4/14/2024,114.4,78.7,73.3,5/16/2024,112.6,79.6,75.1,6/16/2024,115.3,91.9,93.4,103,85,29.12,0.342588235,147,129,42.78,0.331627907,2,5,6:00,113,11/5/2023,NA,Constant Growth,Pre-Hibernation
15.5,GT2023_N15,,unk,Ray's site,8/14/2023,Bottom,40.48,45.5,Hatched,GT2023_N15.05,8/27/2023,8/28/2023,8/31/2023,18,8/31/2023,31.52,50.8,48.8,348,4,,NA,9/5/2023,32.19,9/12/2023,35.8,9/19/2023,37.89,9/26/2023,39.66,10/13/2023,45.73,10/27/2023,51.1,11/10/2023,56.28,11/24/2023,60.64,511,12/10/2023,69,61.7,58.1,12/21/2023,71.2,65.9,61,1/7/2024,74.3,1/20/2024,77.3,69.6,64.7,2/17/2024,88.2,73,69.2,3/17/2024,106.8,77,71.3,4/14/2024,114.4,78.7,73.3,5/16/2024,112.6,79.6,75.1,6/16/2024,115.3,91.9,93.4,103,85,29.12,0.342588235,147,129,42.78,0.331627907,3,5,8:00,86,2/28/2024,NA,Constant Growth,Dormancy
15.5,GT2023_N15,,unk,Ray's site,8/14/2023,Bottom,40.48,45.5,Hatched,GT2023_N15.05,8/27/2023,8/28/2023,8/31/2023,18,8/31/2023,31.52,50.8,48.8,348,4,,NA,9/5/2023,32.19,9/12/2023,35.8,9/19/2023,37.89,9/26/2023,39.66,10/13/2023,45.73,10/27/2023,51.1,11/10/2023,56.28,11/24/2023,60.64,511,12/10/2023,69,61.7,58.1,12/21/2023,71.2,65.9,61,1/7/2024,74.3,1/20/2024,77.3,69.6,64.7,2/17/2024,88.2,73,69.2,3/17/2024,106.8,77,71.3,4/14/2024,114.4,78.7,73.3,5/16/2024,112.6,79.6,75.1,6/16/2024,115.3,91.9,93.4,103,85,29.12,0.342588235,147,129,42.78,0.331627907,3,5,1:55,95,3/19/2024,106.8,Constant Growth,3 weeks-Post
15.5,GT2023_N15,,unk,Ray's site,8/14/2023,Bottom,40.48,45.5,Hatched,GT2023_N15.05,8/27/2023,8/28/2023,8/31/2023,18,8/31/2023,31.52,50.8,48.8,348,4,,NA,9/5/2023,32.19,9/12/2023,35.8,9/19/2023,37.89,9/26/2023,39.66,10/13/2023,45.73,10/27/2023,51.1,11/10/2023,56.28,11/24/2023,60.64,511,12/10/2023,69,61.7,58.1,12/21/2023,71.2,65.9,61,1/7/2024,74.3,1/20/2024,77.3,69.6,64.7,2/17/2024,88.2,73,69.2,3/17/2024,106.8,77,71.3,4/14/2024,114.4,78.7,73.3,5/16/2024,112.6,79.6,75.1,6/16/2024,115.3,91.9,93.4,103,85,29.12,0.342588235,147,129,42.78,0.331627907,3,5,1,95,6/10/2024,112.6,Constant Growth,3 months-Post
17.2,GT2023_N17,,unk,Ray's site,8/14/2023,Bottom,42.71,43,Hatched,GT2023_N17.02,9/2/2023,9/4/2023,9/6/2023,24,9/6/2023,32.95,49.3,50.7,352,7,,NA,,NA,9/13/2023,37.85,9/20/2023,40,9/26/2023,42.13,10/13/2023,50.98,10/27/2023,55.35,11/10/2023,62.36,11/24/2023,67.5,553.5,12/10/2023,85,65.5,63.2,12/21/2023,87.6,71.2,68.8,1/7/2024,95.9,1/20/2024,90.5,73.1,69.6,2/27/2024,89.2,70.9,70.2,3/17/2024,103.6,74.5,72,4/14/2024,130.5,80,78.3,5/16/2024,156.3,80.6,79.2,6/16/2024,183.3,90.3,88.7,103,79,34.55,0.437341772,147,123,62.95,0.511788618,2,6,4:40,150,11/5/2023,NA,Cold Dormancy,Pre-Hibernation
17.2,GT2023_N17,,unk,Ray's site,8/14/2023,Bottom,42.71,43,Hatched,GT2023_N17.02,9/2/2023,9/4/2023,9/6/2023,24,9/6/2023,32.95,49.3,50.7,352,7,,NA,,NA,9/13/2023,37.85,9/20/2023,40,9/26/2023,42.13,10/13/2023,50.98,10/27/2023,55.35,11/10/2023,62.36,11/24/2023,67.5,553.5,12/10/2023,85,65.5,63.2,12/21/2023,87.6,71.2,68.8,1/7/2024,95.9,1/20/2024,90.5,73.1,69.6,2/27/2024,89.2,70.9,70.2,3/17/2024,103.6,74.5,72,4/14/2024,130.5,80,78.3,5/16/2024,156.3,80.6,79.2,6/16/2024,183.3,90.3,88.7,103,79,34.55,0.437341772,147,123,62.95,0.511788618,1,6,2:00,46,2/27/2024,NA,Cold Dormancy,Dormancy
17.2,GT2023_N17,,unk,Ray's site,8/14/2023,Bottom,42.71,43,Hatched,GT2023_N17.02,9/2/2023,9/4/2023,9/6/2023,24,9/6/2023,32.95,49.3,50.7,352,7,,NA,,NA,9/13/2023,37.85,9/20/2023,40,9/26/2023,42.13,10/13/2023,50.98,10/27/2023,55.35,11/10/2023,62.36,11/24/2023,67.5,553.5,12/10/2023,85,65.5,63.2,12/21/2023,87.6,71.2,68.8,1/7/2024,95.9,1/20/2024,90.5,73.1,69.6,2/27/2024,89.2,70.9,70.2,3/17/2024,103.6,74.5,72,4/14/2024,130.5,80,78.3,5/16/2024,156.3,80.6,79.2,6/16/2024,183.3,90.3,88.7,103,79,34.55,0.437341772,147,123,62.95,0.511788618,1,6,2:36,112,3/19/2024,103.6,Cold Dormancy,3 weeks-Post
17.2,GT2023_N17,,unk,Ray's site,8/14/2023,Bottom,42.71,43,Hatched,GT2023_N17.02,9/2/2023,9/4/2023,9/6/2023,24,9/6/2023,32.95,49.3,50.7,352,7,,NA,,NA,9/13/2023,37.85,9/20/2023,40,9/26/2023,42.13,10/13/2023,50.98,10/27/2023,55.35,11/10/2023,62.36,11/24/2023,67.5,553.5,12/10/2023,85,65.5,63.2,12/21/2023,87.6,71.2,68.8,1/7/2024,95.9,1/20/2024,90.5,73.1,69.6,2/27/2024,89.2,70.9,70.2,3/17/2024,103.6,74.5,72,4/14/2024,130.5,80,78.3,5/16/2024,156.3,80.6,79.2,6/16/2024,183.3,90.3,88.7,103,79,34.55,0.437341772,147,123,62.95,0.511788618,1,6,2,140,6/10/2024,156.3,Cold Dormancy,3 months-Post
17.3,GT2023_N17,,unk,Ray's site,8/14/2023,Bottom,41.08,41.9,Hatched,GT2023_N17.03,9/2/2023,9/4/2023,9/6/2023,24,9/6/2023,31.23,49.8,50.5,353,8,,NA,,NA,9/13/2023,34.31,9/20/2023,35.45,9/27/2023,40.22,10/13/2023,45.32,10/27/2023,49.57,11/10/2023,55.54,11/24/2023,64.01,495.7,12/10/2023,74.5,62.6,62.4,12/21/2023,81.9,71,68.7,1/7/2024,102.8,1/20/2024,127.2,81.5,79.6,2/17/2024,160,89.7,88.5,3/17/2024,206.9,96.6,97.5,4/14/2024,236.7,101.2,103.1,5/16/2024,281.5,101.6,104.4,6/16/2024,327.2,111.4,113.8,103,79,32.78,0.414936709,147,123,71.57,0.581869919,3,8,7:21,135,11/5/2023,NA,Constant Growth,Pre-Hibernation
17.3,GT2023_N17,,unk,Ray's site,8/14/2023,Bottom,41.08,41.9,Hatched,GT2023_N17.03,9/2/2023,9/4/2023,9/6/2023,24,9/6/2023,31.23,49.8,50.5,353,8,,NA,,NA,9/13/2023,34.31,9/20/2023,35.45,9/27/2023,40.22,10/13/2023,45.32,10/27/2023,49.57,11/10/2023,55.54,11/24/2023,64.01,495.7,12/10/2023,74.5,62.6,62.4,12/21/2023,81.9,71,68.7,1/7/2024,102.8,1/20/2024,127.2,81.5,79.6,2/17/2024,160,89.7,88.5,3/17/2024,206.9,96.6,97.5,4/14/2024,236.7,101.2,103.1,5/16/2024,281.5,101.6,104.4,6/16/2024,327.2,111.4,113.8,103,79,32.78,0.414936709,147,123,71.57,0.581869919,2,8,4:35,98,2/28/2024,NA,Constant Growth,Dormancy
17.3,GT2023_N17,,unk,Ray's site,8/14/2023,Bottom,41.08,41.9,Hatched,GT2023_N17.03,9/2/2023,9/4/2023,9/6/2023,24,9/6/2023,31.23,49.8,50.5,353,8,,NA,,NA,9/13/2023,34.31,9/20/2023,35.45,9/27/2023,40.22,10/13/2023,45.32,10/27/2023,49.57,11/10/2023,55.54,11/24/2023,64.01,495.7,12/10/2023,74.5,62.6,62.4,12/21/2023,81.9,71,68.7,1/7/2024,102.8,1/20/2024,127.2,81.5,79.6,2/17/2024,160,89.7,88.5,3/17/2024,206.9,96.6,97.5,4/14/2024,236.7,101.2,103.1,5/16/2024,281.5,101.6,104.4,6/16/2024,327.2,111.4,113.8,103,79,32.78,0.414936709,147,123,71.57,0.581869919,2,8,2:44,79,3/19/2024,206.9,Constant Growth,3 weeks-Post
17.3,GT2023_N17,,unk,Ray's site,8/14/2023,Bottom,41.08,41.9,Hatched,GT2023_N17.03,9/2/2023,9/4/2023,9/6/2023,24,9/6/2023,31.23,49.8,50.5,353,8,,NA,,NA,9/13/2023,34.31,9/20/2023,35.45,9/27/2023,40.22,10/13/2023,45.32,10/27/2023,49.57,11/10/2023,55.54,11/24/2023,64.01,495.7,12/10/2023,74.5,62.6,62.4,12/21/2023,81.9,71,68.7,1/7/2024,102.8,1/20/2024,127.2,81.5,79.6,2/17/2024,160,89.7,88.5,3/17/2024,206.9,96.6,97.5,4/14/2024,236.7,101.2,103.1,5/16/2024,281.5,101.6,104.4,6/16/2024,327.2,111.4,113.8,103,79,32.78,0.414936709,147,123,71.57,0.581869919,2,8,2,151,6/10/2024,281.5,Constant Growth,3 months-Post
17.4,GT2023_N17,,unk,Ray's site,8/14/2023,Bottom,43.28,44.9,Hatched,GT2023_N17.04,9/2/2023,9/3/2023,9/6/2023,24,9/6/2023,32.78,49.6,49.6,354,9,,NA,,NA,9/13/2023,30.86,9/20/2023,32.36,9/27/2023,40.6,10/13/2023,47.56,10/27/2023,49.75,11/10/2023,56.96,11/24/2023,64.69,497.5,12/10/2023,73.63,63.2,61.6,12/21/2023,73.3,68,65.6,1/7/2024,76.8,1/20/2024,77,69.1,66.4,2/27/2024,71.8,68.4,66.4,3/17/2024,86.4,71.1,68.7,4/14/2024,105.2,77.6,75.5,5/16/2024,126.9,82.1,81.1,6/16/2024,147.5,85.1,85.9,103,79,31.91,0.403924051,147,123,44.02,0.357886179,3,9,4:16,200,11/5/2023,NA,Cold Dormancy,Pre-Hibernation
17.4,GT2023_N17,,unk,Ray's site,8/14/2023,Bottom,43.28,44.9,Hatched,GT2023_N17.04,9/2/2023,9/3/2023,9/6/2023,24,9/6/2023,32.78,49.6,49.6,354,9,,NA,,NA,9/13/2023,30.86,9/20/2023,32.36,9/27/2023,40.6,10/13/2023,47.56,10/27/2023,49.75,11/10/2023,56.96,11/24/2023,64.69,497.5,12/10/2023,73.63,63.2,61.6,12/21/2023,73.3,68,65.6,1/7/2024,76.8,1/20/2024,77,69.1,66.4,2/27/2024,71.8,68.4,66.4,3/17/2024,86.4,71.1,68.7,4/14/2024,105.2,77.6,75.5,5/16/2024,126.9,82.1,81.1,6/16/2024,147.5,85.1,85.9,103,79,31.91,0.403924051,147,123,44.02,0.357886179,4,9,6:00,42,2/27/2024,NA,Cold Dormancy,Dormancy
17.4,GT2023_N17,,unk,Ray's site,8/14/2023,Bottom,43.28,44.9,Hatched,GT2023_N17.04,9/2/2023,9/3/2023,9/6/2023,24,9/6/2023,32.78,49.6,49.6,354,9,,NA,,NA,9/13/2023,30.86,9/20/2023,32.36,9/27/2023,40.6,10/13/2023,47.56,10/27/2023,49.75,11/10/2023,56.96,11/24/2023,64.69,497.5,12/10/2023,73.63,63.2,61.6,12/21/2023,73.3,68,65.6,1/7/2024,76.8,1/20/2024,77,69.1,66.4,2/27/2024,71.8,68.4,66.4,3/17/2024,86.4,71.1,68.7,4/14/2024,105.2,77.6,75.5,5/16/2024,126.9,82.1,81.1,6/16/2024,147.5,85.1,85.9,103,79,31.91,0.403924051,147,123,44.02,0.357886179,4,9,3:02,87,3/19/2024,86.4,Cold Dormancy,3 weeks-Post
17.4,GT2023_N17,,unk,Ray's site,8/14/2023,Bottom,43.28,44.9,Hatched,GT2023_N17.04,9/2/2023,9/3/2023,9/6/2023,24,9/6/2023,32.78,49.6,49.6,354,9,,NA,,NA,9/13/2023,30.86,9/20/2023,32.36,9/27/2023,40.6,10/13/2023,47.56,10/27/2023,49.75,11/10/2023,56.96,11/24/2023,64.69,497.5,12/10/2023,73.63,63.2,61.6,12/21/2023,73.3,68,65.6,1/7/2024,76.8,1/20/2024,77,69.1,66.4,2/27/2024,71.8,68.4,66.4,3/17/2024,86.4,71.1,68.7,4/14/2024,105.2,77.6,75.5,5/16/2024,126.9,82.1,81.1,6/16/2024,147.5,85.1,85.9,103,79,31.91,0.403924051,147,123,44.02,0.357886179,4,9,4,116,6/10/2024,126.9,Cold Dormancy,3 months-Post
17.5,GT2023_N17,,unk,Ray's site,8/14/2023,Bottom,42.54,45,Hatched,GT2023_N17.05,8/31/2023,9/2/2023,9/5/2023,23,9/5/2023,32.06,50.4,50.8,351,10,,NA,9/7/2023,32.04,9/14/2023,34.66,9/21/2023,35.91,9/28/2023,39.46,10/13/2023,40.9,10/27/2023,44.22,11/10/2023,47.72,11/24/2023,49,442.2,12/10/2023,56.5,58.1,57.4,12/21/2023,63.1,64.1,62.8,1/7/2024,98.5,1/20/2024,91.1,74.4,70.7,2/17/2024,112.2,80,77,3/17/2024,137.9,84.6,83.6,4/14/2024,155.2,88.5,86.5,5/16/2024,166.5,89.9,90.1,6/16/2024,186.3,92.4,91.6,103,80,16.94,0.21175,147,124,66.44,0.535806452,4,10,3:56,151,11/5/2023,NA,Constant Growth,Pre-Hibernation
17.5,GT2023_N17,,unk,Ray's site,8/14/2023,Bottom,42.54,45,Hatched,GT2023_N17.05,8/31/2023,9/2/2023,9/5/2023,23,9/5/2023,32.06,50.4,50.8,351,10,,NA,9/7/2023,32.04,9/14/2023,34.66,9/21/2023,35.91,9/28/2023,39.46,10/13/2023,40.9,10/27/2023,44.22,11/10/2023,47.72,11/24/2023,49,442.2,12/10/2023,56.5,58.1,57.4,12/21/2023,63.1,64.1,62.8,1/7/2024,98.5,1/20/2024,91.1,74.4,70.7,2/17/2024,112.2,80,77,3/17/2024,137.9,84.6,83.6,4/14/2024,155.2,88.5,86.5,5/16/2024,166.5,89.9,90.1,6/16/2024,186.3,92.4,91.6,103,80,16.94,0.21175,147,124,66.44,0.535806452,3,10,4:23,120,2/28/2024,NA,Constant Growth,Dormancy
17.5,GT2023_N17,,unk,Ray's site,8/14/2023,Bottom,42.54,45,Hatched,GT2023_N17.05,8/31/2023,9/2/2023,9/5/2023,23,9/5/2023,32.06,50.4,50.8,351,10,,NA,9/7/2023,32.04,9/14/2023,34.66,9/21/2023,35.91,9/28/2023,39.46,10/13/2023,40.9,10/27/2023,44.22,11/10/2023,47.72,11/24/2023,49,442.2,12/10/2023,56.5,58.1,57.4,12/21/2023,63.1,64.1,62.8,1/7/2024,98.5,1/20/2024,91.1,74.4,70.7,2/17/2024,112.2,80,77,3/17/2024,137.9,84.6,83.6,4/14/2024,155.2,88.5,86.5,5/16/2024,166.5,89.9,90.1,6/16/2024,186.3,92.4,91.6,103,80,16.94,0.21175,147,124,66.44,0.535806452,3,10,4:18,100,3/19/2024,137.9,Constant Growth,3 weeks-Post
17.5,GT2023_N17,,unk,Ray's site,8/14/2023,Bottom,42.54,45,Hatched,GT2023_N17.05,8/31/2023,9/2/2023,9/5/2023,23,9/5/2023,32.06,50.4,50.8,351,10,,NA,9/7/2023,32.04,9/14/2023,34.66,9/21/2023,35.91,9/28/2023,39.46,10/13/2023,40.9,10/27/2023,44.22,11/10/2023,47.72,11/24/2023,49,442.2,12/10/2023,56.5,58.1,57.4,12/21/2023,63.1,64.1,62.8,1/7/2024,98.5,1/20/2024,91.1,74.4,70.7,2/17/2024,112.2,80,77,3/17/2024,137.9,84.6,83.6,4/14/2024,155.2,88.5,86.5,5/16/2024,166.5,89.9,90.1,6/16/2024,186.3,92.4,91.6,103,80,16.94,0.21175,147,124,66.44,0.535806452,3,10,5,113,6/10/2024,166.5,Constant Growth,3 months-Post
