,Temperature,A1,A2,A3,A4,A5,A6,A7,A8,A9,A10,A11,A12,B1,B2,B3,B4,B5,B6,B7,B8,B9,B10,B11,B12,C1,C2,C3,C4,C5,C6,C7,C8,C9,C10,C11,C12,D1,D2,D3,D4,D5,D6,D7,D8,D9,D10,D11,D12,E3,E4,E5,E6,E7,E8,E9,E10,E11,E12,F3,F4,F5,F6,F9,F10,F11,F12,G3,G4,G5,G6,G7,G8,G9,G10,G11,G12,H1,H2,H3,H4,H5,H6,H7,H8,H9,H10,H11,H12
,60,39.4243528015984,46.7611152344157,45.1750195182337,43.7781826762177,46.34396444856,46.9473904703707,47.4101297662403,48.0473069194134,47.6390615437861,50.8259885754476,45.4493805219731,40.4683527767415,44.7442841778166,45.9569679009649,45.1411401281898,48.4919055046598,49.3834411894418,48.1964781566983,48.0433719662324,50.2508982109605,50.5755308019402,47.0903634721374,44.966699393028,43.3040655048535,48.6635378771025,44.3741692367075,45.805769544158,46.204398212981,35.5625495448419,48.8709157139272,30.015961858415,43.0315050995207,39.6697415795736,46.5178214176899,38.2391942043805,41.9870894436958,51.6919004482922,44.6633807734922,45.7653081517558,46.552925917601,40.2403583616886,48.5768684330901,47.991175664089,37.4637923301075,48.790301695567,49.719550467297,40.1450414857513,41.8777794405851,49.1248311695815,48.1276703433984,44.1825398928611,47.7293547138127,42.4606274622063,32.3001747246387,46.7400103295554,42.7267168983926,36.4701175298437,50.8001112732134,48.83117471792,51.5722824917884,45.4887192083686,47.1803293633516,45.0191288690942,48.6642513406778,46.6433042304423,44.3918538193188,41.8625195869899,49.7448843758871,47.6201079135208,41.2901489381534,46.3656021820034,47.7749964276895,42.7068534499208,49.2273522820606,46.2362542863298,37.4842316890226,46.5160593155175,51.2534069940916,36.9676994007195,44.3927828077069,46.0297859786644,37.0299873672859,48.2096230469942,46.4233073544908,27.4031148348297,47.1671513826127,49.2168300507683,33.5977249809293
,60.5,85.4194310701296,101.315749674568,97.8792089561721,94.8527291318064,100.411922971881,101.719346019137,102.721947826855,104.102498325397,103.217966678201,110.122975246802,98.4736577976087,87.6814310162733,96.9459490519346,99.5734304520913,97.8058036110806,105.065795260097,106.997455910455,104.425702672846,104.093972593503,108.876946123746,109.580316737535,102.029120856299,97.4278486848918,93.8254752605146,105.437665400387,96.1440333461978,99.2458340123424,100.10952946146,77.0521906804897,105.886984046842,65.0345840265641,93.2349277156295,85.9511067557441,100.788613071662,82.851587442826,90.9720271280071,111.999117637968,96.7706583425668,99.1581676621381,100.864672821468,87.1874431169911,105.249881605032,103.980880605527,81.1715500485691,105.712320340395,107.725692679145,86.9809232191305,90.7351887879338,106.437134200762,104.276619077363,95.7288364345316,103.413601879926,91.9980261681128,69.9837119033837,101.270022380701,92.5745532798528,79.0185879813257,110.066907758629,105.800878555494,111.739945398876,98.5588916181309,102.224046953926,97.5414458830385,105.439211238135,101.060492499291,96.1823499418585,90.7021257718097,107.780582814423,103.176900479295,89.461989365999,100.458804727673,103.512492259992,92.5315158081612,106.659263277798,100.178550953712,81.2158353262157,100.784795183622,111.0490484872,80.0966820348945,96.1843627500314,99.7312029537711,80.2316392957864,104.454183268487,100.583832601397,59.3734154754641,102.195494662328,106.636465109998,72.7950707920133
,61,78.8487056031981,93.5222304688298,90.3500390364682,87.5563653524384,92.6879288971229,93.8947809407416,94.8202595324835,96.0946138388297,95.2781230875685,101.651977150894,90.8987610439447,80.9367055534813,89.4885683556317,91.9139358019302,90.2822802563821,96.9838110093201,98.7668823788797,96.3929563133945,96.0867439324661,100.501796421919,101.151061603877,94.1807269442793,89.9333987860523,86.6081310097056,97.3270757542036,88.7483384734117,91.6115390883142,92.4087964259652,71.1250990896845,97.7418314278525,60.0319237168267,86.0630101990444,79.3394831591504,93.03564283538,76.4783884087642,83.9741788873912,103.383800896586,89.3267615469847,91.530616303512,93.1058518352031,80.4807167233762,97.1537368661848,95.9823513281808,74.9275846602175,97.5806033911317,99.4391009345952,80.2900829715052,83.7555588811713,98.2496623391653,96.2553406867962,88.3650797857215,95.4587094276237,84.9212549244116,64.6003494492754,93.4800206591069,85.4534337967873,72.9402350596836,101.600222546427,97.6623494358403,103.144564983578,90.9774384167363,94.3606587266993,90.0382577381929,97.3285026813555,93.2866084608825,88.7837076386404,83.7250391739765,99.4897687517769,95.2402158270415,82.5802978763049,92.7312043640054,95.5499928553752,85.4137068998409,98.4547045641211,92.4725085726557,74.968463378045,93.0321186310354,102.506813988184,73.9353988014411,88.7855656154136,92.0595719573253,74.0599747345702,96.4192460939896,92.8466147089819,54.8062296696592,94.3343027652238,98.4336601015366,67.1954499618585
,61.5,78.8487056031993,93.5222304688325,90.3500390364793,87.5563653524289,92.6879288971318,93.8947809407487,94.8202595324856,96.0946138388099,95.2781230875605,101.651977150889,90.8987610439535,80.9367055534883,89.4885683556379,91.9139358019193,90.2822802563726,96.9838110093369,98.7668823788656,96.3929563133913,96.0867439324554,100.501796421912,101.151061603877,94.1807269442832,89.9333987860582,86.608131009714,97.3270757542141,88.7483384734203,91.6115390883283,92.4087964259645,71.1250990896847,97.7418314278466,60.0319237168171,86.0630101990437,79.3394831591368,93.0356428353889,76.4783884087494,83.9741788873932,103.383800896589,89.3267615469908,91.5306163035116,93.105851835204,80.4807167233666,97.1537368661941,95.9823513281606,74.9275846602136,97.5806033911217,99.4391009345927,80.2900829714999,83.7555588811806,98.2496623391612,96.2553406867937,88.3650797857201,95.4587094276342,84.9212549244157,64.6003494492766,93.4800206590962,85.4534337967968,72.9402350596829,101.600222546427,97.6623494358503,103.144564983584,90.9774384167326,94.3606587267152,90.0382577381938,97.3285026813535,93.2866084608931,88.7837076386377,83.7250391739808,99.4897687517778,95.2402158270515,82.5802978762897,92.7312043640113,95.549992855385,85.4137068998391,98.4547045641207,92.4725085726636,74.9684633780259,93.0321186310262,102.506813988183,73.9353988014529,88.7855656154036,92.0595719573328,74.0599747345771,96.4192460939837,92.8466147089644,54.8062296696583,94.3343027652245,98.4336601015275,67.1954499618419
,62,78.8487056031838,93.5222304688104,90.3500390363922,87.5563653524848,92.6879288970483,93.8947809406982,94.8202595324481,96.0946138389411,95.2781230876428,101.651977150926,90.8987610438824,80.9367055534294,89.4885683556076,91.9139358020066,90.2822802564406,96.9838110092062,98.7668823789907,96.3929563134166,96.0867439325305,100.501796421991,101.15106160389,94.1807269442379,89.9333987860336,86.6081310096697,97.3270757541518,88.7483384733675,91.6115390882153,92.4087964259556,71.1250990896849,97.7418314279,60.0319237169083,86.0630101990223,79.3394831592229,93.0356428353243,76.4783884088497,83.9741788873687,103.383800896542,89.3267615469407,91.5306163035152,93.1058518351904,80.480716723458,97.1537368661088,95.9823513283013,74.9275846602377,97.5806033912056,99.4391009346207,80.2900829715309,83.7555588811019,98.2496623391878,96.2553406868119,88.3650797857188,95.4587094275671,84.921254924383,64.600349449265,93.4800206591965,85.4534337967141,72.9402350597031,101.600222546432,97.662349435768,103.144564983543,90.9774384167554,94.3606587265963,90.0382577381768,97.3285026813739,93.2866084608052,88.7837076386325,83.7250391739608,99.4897687517541,95.2402158269715,82.5802978764154,92.7312043639765,95.5499928553238,85.4137068998557,98.4547045641202,92.4725085726107,74.9684633781787,93.0321186310989,102.506813988186,73.935398801349,88.7855656154836,92.0595719572812,74.0599747345295,96.4192460940189,92.8466147091108,54.8062296696655,94.3343027652188,98.4336601015962,67.1954499619746
,62.5,79.0554926046277,93.596195948785,90.4922785220413,87.7612588789414,92.8588627520114,94.1140375741834,95.027820246057,96.3294167219647,95.4224269043978,101.851410750756,91.0998573648194,81.2880212533803,89.7356960193579,92.112941524799,90.4524701974619,97.2481059075546,99.0899510198428,96.6226302520799,96.3968449942256,100.851263543186,101.480990170366,94.3637643055401,90.2886247676543,86.9037988207663,97.6629981552858,89.1242524111071,91.8874060263381,92.621241830476,71.4518177657592,97.9408406617961,59.8714018412461,86.3562347600709,79.6182485265751,93.3597325303067,76.7944862972504,84.3173554107118,104.238479809214,90.0416515657633,91.7863673350007,93.3919243127061,80.6305673087757,97.4726055050146,96.1516109733232,75.1708800387435,97.8429864001021,99.6563706837821,80.5434421708408,84.0716804632914,98.4046101868137,96.5150835142342,88.7728268106885,95.7907910495144,85.234810440453,64.3393140051014,93.7207456969256,85.4919099680394,72.5377991536454,101.885575366452,97.9302349915552,103.47826504269,91.2165731958851,94.6262420384635,90.2460579313945,97.5096968438804,93.5550025682544,89.1803200144741,83.9371023394121,99.7417420657357,95.5060279206921,82.8718140538676,92.9865368266489,95.8294803908877,85.6852392594374,98.6926808997973,92.7203838878825,75.1778991974884,94.1197540385854,103.540826542706,74.1656847036393,88.962033764667,92.327358167433,74.21912502601,96.6911017809305,93.0771324475111,55.1585617852124,94.4997815174138,98.5960974561906,67.467610629805
,63,77.8447075219367,93.3162288053886,89.7606062547859,86.4622089560055,91.8444194863434,92.8054925085362,93.7677720711872,94.912414163502,94.5439512348112,100.666525974076,89.9432226981351,79.0693569324653,88.2482114067452,90.9489667959679,89.4694496411939,95.6897521090748,97.0149117719759,95.1696331964397,94.4496895768912,98.6039853869802,99.3921381056475,93.3403891201212,88.0680902502518,85.1062338235784,95.5212717252657,86.8930159026659,90.0883003425065,91.2843985840298,69.3275673166788,96.8596019268896,60.7746358967158,84.6194295506127,77.7936539530706,91.3228707788662,74.8363305155412,82.2019270180374,99.0321680972495,85.742836579347,90.2834803286883,91.578292880823,79.7349796506353,95.5300127176733,95.1456242193631,73.7256390233372,96.201207321825,98.3382352369854,78.8988619038798,82.0629965886872,97.6120045724883,94.9187119939593,86.2777733402238,93.7551941347576,83.2607654685307,65.9497275149945,92.1947894521302,85.1289320137794,74.9942315111234,100.152148815281,96.3527134489689,101.396404045667,89.7526913084273,92.885684230296,89.112057831831,96.4711847524272,91.9028337040186,86.6359774209618,82.7097288409884,98.2929886911468,93.8743527549561,81.0253102908462,91.4963302705173,94.1117849107056,84.0225326898862,97.2480398061182,91.235117918093,73.8740189079449,87.3812971059808,97.1427519318335,72.6465988960999,87.9672062828004,90.6780447866338,73.269650438657,95.110662302596,91.6897507970189,53.0847089411386,93.5176196131881,97.6797477883458,65.7985909208487
,63.5,75.0291505127866,91.1937180801942,87.080566063313,84.2254612370175,89.5591815374892,89.8687951508091,91.1717170312304,91.7754354806971,92.6963508334384,97.9590275252515,87.004886541795,75.1781030554,85.1031060834764,88.1261742140393,86.9882699826765,92.0630773426792,93.6193412935911,92.662070988549,90.900462872288,95.0072757649809,95.7314952043466,90.4507266491883,83.9357010305514,81.3950162155952,92.0438289295562,81.7840968216892,87.427324296234,88.9952107688682,66.1195600436738,93.5222743356435,63.1350370849395,80.558035717575,75.2198245325671,87.6599996359812,71.0457304822498,78.0750861992958,88.2554677454866,76.4014302197307,86.650265321518,88.4986638630974,77.8057572789578,91.5958985480713,92.9658122495023,70.4538273857261,93.2019981623901,95.6493798319029,76.376620311031,78.6809151843634,94.6858442516896,91.7737664757249,81.1787338834508,89.6861609585762,79.8289784175829,69.0823123771308,89.5968514244394,85.7033533909123,80.6209284978277,96.5615120344653,92.5849252352675,97.465690184813,86.6951629521434,90.3702052902574,85.7170628066526,93.8420146394317,88.6304954843706,82.4429030786187,79.6016612168839,94.5942108212491,90.6749976711865,77.8240178557189,87.9197750428912,90.7030375241127,80.6635889895508,94.2285113530218,87.9479525013394,71.450875988166,74.4636152559234,84.8254556094518,70.6025929621974,85.208376158861,87.4744190814406,71.164006845233,91.1672686186002,88.6428125664811,48.3797300540336,91.3605654865373,95.2004858160581,62.4942286397693
,64,71.7163422736319,89.2672720222772,84.3204737871092,82.5557625514571,87.2596959286025,87.3859606144604,88.6904610163031,89.8778865027784,91.3473905334861,95.6074107937882,84.0277538807688,72.3707993778048,81.9376764176768,85.6984496981909,84.6902020074031,88.6561165040332,91.576124321509,90.7584619858371,88.5472184959401,92.4315225662772,93.3678844216342,87.6233863339567,81.1697449966578,78.074788502609,88.7972435867855,77.4171056796788,85.6404248893682,86.6138924232105,63.9582501950156,90.1204118529777,66.3762659026581,77.4374439922467,72.9084220121508,84.9183892614371,68.3590238207851,74.6251746351531,79.7007618418892,68.5742805226881,83.8740744723048,85.9066204445526,75.6944017532185,87.8575483206223,90.3480198630016,67.4513330101358,90.812638354007,92.9594479518439,74.817823341961,75.9667532904218,91.5819180585927,89.0658650462481,77.3979687374865,86.2649615520188,76.7386644125872,71.7045593748767,87.479915509085,85.2763377081985,80.953050861538,93.3908885454957,89.6303297976278,94.9475929008331,85.0159376165113,88.7188042346129,81.7613186333117,90.8969447972015,86.2037404840396,79.9834480011507,76.936116671744,90.9618782415605,87.7304478964513,75.522433181892,84.2484681102383,87.9719341054565,78.0763581110045,91.7548644981666,85.1624022096698,69.5296169325864,64.3688831888343,75.0856877587867,68.7805259867537,82.7670759342238,84.6575864189226,69.2399914178545,87.862809082442,86.416407440835,42.9582156083588,88.7938033867526,92.5211366229673,59.5091273635055
,64.5,69.0324227168744,88.6789130809561,82.8970718742096,81.2915730810616,85.5599144505061,85.470822838837,86.7370802669466,88.8638709190848,90.8947455348564,94.0680447971954,81.6636910546281,68.8782903206311,78.6371490861729,83.6134472489305,82.7939894666868,85.7448785137428,89.8658228708925,88.2397527802705,86.1713456227533,89.9084170671852,90.9403366109348,85.2827312536169,78.1721608664125,75.5412606839502,84.9390775320612,73.7329441126365,83.1173917641215,83.7055859094799,61.5073179915134,87.1663236092695,69.9738137262734,75.0878095199471,69.9947254622803,82.493389470219,65.9144872860254,71.5173328484525,72.9034984163337,61.3642469470801,82.0620657852226,83.5217884701294,73.5280414653232,84.4755783424559,87.0573756308154,64.6394283343043,88.9191731464198,89.6556349705402,72.8105763254086,72.8711858773083,89.2828863324407,86.7609456729101,74.3816640531631,83.1356110280856,72.5942222178444,73.7732190722363,85.0481560649773,82.586887882946,77.1693033672996,90.8062006158407,87.3392402840777,92.5892846699901,83.6792637574993,86.9571695642635,78.5479892201381,87.9248311748931,83.5927588414211,77.3464679340982,75.0291742080065,88.0038540068649,84.5983496563858,73.4387185209018,81.3524993468247,85.5119126467312,75.182944904205,89.4411114713782,83.5369583646043,66.8677013381139,55.1858190733604,65.8883898913869,66.6295908399618,80.7859925345747,81.7459561464514,67.1462444770832,85.3903710333086,84.5064872981759,36.6945143631806,86.4670964059344,90.606998382096,56.9058180208299
,65,66.7522562843951,87.2601521032748,81.8721077309306,79.8524553082045,84.029929127581,83.2196210474065,85.7083468126677,87.3328689798841,90.1242926101311,93.1864555883124,79.8810439364045,66.4382739724795,75.6961476345109,80.7831673700935,80.1510908149021,82.5817772486446,87.2997728303192,85.2453458836353,83.8827808076267,88.0353910900365,88.7486738790087,84.082730156774,75.9961520323377,74.8030282337088,81.4719905195955,68.9247797958678,80.1916114154922,81.5374705256047,58.8482622701169,84.5764065022133,73.5133155115095,72.4576222860073,69.5703832127467,81.3908142039709,63.3737640230493,70.3140630121009,66.8356500192361,54.6565833407768,79.6740795565438,80.779329685136,71.2536506112494,81.020983016123,84.314222743456,62.6439474587046,86.7778462457486,87.0670394975691,70.9911218215552,70.8987450261163,86.2829408842281,84.3194664603359,72.746637826114,81.1046982701289,70.7599877975217,74.4925960691369,84.0475177737269,80.2993936093771,75.5403255172666,88.3733479280561,85.1175593514945,90.2618849484136,81.2437852975781,84.7165993913909,76.6720782200775,86.1909051047483,80.6681205661785,75.1895110976309,73.3153449508704,85.9811722724855,81.7951690892046,71.3709446498538,79.1354472958405,83.1433841440264,72.4406546899127,86.7041671694626,81.8466578411844,64.1138724444934,47.8796037000162,58.2834322953852,64.8110108716876,78.5594995314129,79.3816476188349,64.552696424121,82.9856612094,82.1383820149663,29.6474915877857,84.8302281379881,89.0762583848179,54.8925895684336
,65.5,64.1255030659534,84.1296751994055,80.2429999134088,77.9146365399986,81.7494710626331,80.776615728558,84.7693204255927,85.6715349377257,88.445559068155,92.2714817781246,78.4875035816328,68.3546696518329,73.3293420991142,78.3144224310827,77.44749503055,81.0062238511964,85.551552057663,83.0239398945621,82.8402531911722,87.2754415223003,87.5961744474394,85.5234932256235,77.048266495098,77.1201205230363,78.4638907965891,64.2929946996333,78.5920349214398,80.3099836162658,59.498195851013,82.6695336299497,77.1826821232507,70.9665543438039,73.3716683105083,81.9727376339727,62.9863231911486,72.8928992743508,60.7515334396718,49.1828397212231,78.2029580956655,79.3077457555341,69.5411731289898,79.8649325440742,83.023677724236,63.894451916738,85.5757193717195,85.1903804546444,70.2439129317333,72.5132132717026,84.1038721343459,81.8572174496965,75.4983978262594,82.816949206273,73.9722595881797,76.111808153207,86.3327552990013,81.9018836222338,76.8370386032102,87.7422600373498,83.9113883281932,89.1114433630717,80.5709031134606,83.3000972737502,78.5701163590591,85.1195642876517,80.2619704435051,76.0402144336006,71.2747898582379,84.5900012716536,80.2902229555341,69.8487971832617,78.5039478559761,82.0995229620139,71.0138333145132,84.8174972504207,80.7122937988099,62.1734866404022,43.790885777716,52.0015752994253,63.2311700331685,76.4404314695423,78.2436104644087,62.6864865239966,82.4503279151897,81.0318355263041,21.2156059769636,82.7691180140905,87.1186938648182,54.9946449213858
,66,64.1846815401448,81.7674422865703,79.5868383621266,76.9006996923488,81.5301017274337,79.8192837091424,84.4088220453543,84.5580155999403,87.3222421657752,91.434675245069,79.7178652142077,74.8893750658633,74.5016123844243,78.9116573653478,78.2529723209304,84.1639458140619,87.7418373341366,83.5068736719375,84.2371462960721,88.6457610298949,88.7048509785691,92.1836872764143,81.8787532669726,83.9986942661537,76.6581033240823,63.3148633977903,80.2612297573583,82.0672807001993,65.4112866329901,84.4030297764843,83.8473564643857,72.7724996097081,81.8093707923726,85.9510272820382,66.6035000539732,79.9535363697614,56.7954250832283,46.6271468575673,80.5845929612663,82.4616956286579,71.0180438148425,83.8023006349006,85.1042647386003,70.38336432958,88.3357821734701,85.7598159424524,72.5216848708394,79.1872326788487,86.5089041144354,82.7860162111392,83.6103740350625,89.9413241729173,81.9158085790355,83.2232025437536,92.6473658775906,88.8861182700218,82.3890012037855,91.4937287160303,86.3143026829302,91.2506031281973,84.3346050799471,85.654106590096,86.5160059996711,86.8328353026818,84.5801778519449,80.7698244720166,71.6125361690961,86.5602140839642,82.5930525889739,71.0810282145922,82.4091353429437,84.7011925837062,72.1790487510718,86.5474278613638,84.2040711859977,62.9206008063416,42.725279518576,47.4428518133939,62.7973154779701,77.586115426149,80.5486040705678,63.3615704978463,86.4652573306707,83.9240763155153,14.6033555871193,82.9271039622304,87.0168283477874,59.7803514789407
,66.5,68.9253888038988,82.1137835848856,82.7156351358401,79.287581908419,85.8108123588843,82.4005326081813,87.2672836219747,86.2296125501127,89.1059829250794,93.3795920508899,86.1098965179956,86.555505039114,80.6802759004324,83.283239381203,83.9217690252447,92.4722144702698,93.6875202943793,88.4014113345916,90.1797233702621,94.000015392435,93.8242000398918,103.989575513372,91.3472073795708,96.3991495530679,78.4819226308582,66.0452721702916,86.2500402256564,88.7815915181104,76.2197498109247,91.5685467113042,95.5282594594239,78.6870148572866,95.9134832713767,94.8831726034555,74.2829448018567,92.0168239312059,56.7461772102332,48.3510074259706,87.1643225510122,91.3469297501326,77.5082436683122,92.9054117940477,92.8870106741579,82.4567273445107,96.0059908825515,92.2910495023696,79.0818978436994,91.6962667328762,94.1187601882484,89.1598629793393,96.2357930367759,102.954718441739,95.7106955294371,96.6602934181608,104.704716354203,101.085216960125,94.1572217392272,101.150448726678,93.6688836906342,97.9582654889705,92.5313403309915,92.9992274102783,100.924676193906,94.6877581472386,93.965575342163,90.1057345768813,77.0316426459051,94.0572112936034,90.6336891881172,77.49927579927,92.0753356220807,92.1599482288889,78.15879266457,93.0177477569471,93.3092796286358,68.1755604160153,45.3346778270321,46.748658085171,65.8915258966449,84.1801964156425,88.2565129513912,68.6691042465152,95.0741311314737,91.1764866595665,15.5194354110631,88.3920208703519,91.5650485039939,70.2621353335819
,67,78.3644903760046,85.4561710304529,90.3029503575408,86.5155413403588,94.1136766648308,90.3171309590373,95.1015802068821,93.2061916331847,95.7555793749427,99.9750814119932,97.8086771719638,104.965247820769,91.6180340117216,91.6057809019269,95.1755913437696,107.119384173019,104.910025258863,99.9969305907387,101.686564928332,104.948216173397,104.696013328876,120.825748498538,106.25629870027,114.021246616624,85.5370154117788,73.0292797656723,98.0199017640266,101.513961257022,94.1391743358856,104.683478073122,112.709837019624,90.3943490553479,116.233224934861,109.563839373298,87.6322755448425,110.451724091915,60.3693068210744,54.56758509534,98.5298722938833,106.366179043437,90.1970621567702,108.37480050031,107.160590286986,101.480914378785,109.186868706096,105.661363665436,91.8445817407658,110.494980858069,107.362749341992,101.186712565069,116.08150279949,122.785966543734,117.593715441401,116.164492382315,123.846103524009,120.070819400683,113.37614989912,117.27689613952,106.192955042242,110.12976626609,106.780625318027,106.16740733311,121.789296589084,108.201409178818,109.582838670173,106.01536074049,86.9024482551713,106.776557140375,104.246891714245,90.092270012364,106.882490628096,105.457683040278,90.2433829896131,105.291450389091,107.65045204496,79.2851322244953,52.7875090441693,50.057536336531,74.9673547241568,95.7777145139034,101.942316891839,79.9304705572329,108.329575259065,104.074619236676,25.9680523269535,98.8389703422195,100.635088419,86.0465629362436
,67.5,93.7933213376837,94.252911319144,103.273945235332,100.019101193539,108.074106052977,104.802881876586,108.490140758226,106.116511881082,108.359980098872,111.756865827921,115.097907932086,127.791570155465,108.509806351521,105.306259963654,113.775341336036,128.881010021682,124.587534046386,119.483395969235,120.12199833811,122.16106479055,121.774021647534,143.443106463318,126.173932549478,135.682835745225,97.6618451400716,86.5146857956604,116.223312331227,120.694811687928,118.58631820428,125.094948045153,136.55209298949,109.983209713891,139.697670316515,130.0917899494,107.490496521836,133.283405399907,68.1818117302215,65.6420166598765,116.676116930594,128.067675459217,110.20054564233,131.315274735816,128.041211587331,126.186335827432,129.422009488113,125.088044128785,111.602080416625,133.89082959037,127.475694886381,119.927391021412,141.394246542299,147.505050837367,142.187233735685,140.252971551285,147.157906164511,144.616379060274,137.963513327242,139.892110518202,125.249700438329,129.66565849086,128.145731885487,126.234379553204,147.122309794491,127.596473209803,132.369120854223,129.581046678641,103.039178415815,125.446375447028,124.405999090246,109.663911015215,127.893039759921,126.479600059157,108.999168515065,124.829892141306,129.772420215663,97.3519822091312,62.8240888587627,56.2732967005926,89.9074310221623,113.623255705462,122.309566901786,97.853092986335,128.469033697392,123.481730975356,47.0829292099017,115.044910200855,115.496040260223,107.815333809831
,68,114.792210486921,110.496659262571,122.501579281748,120.873109084368,129.928279471998,126.191124409406,128.6334497095,125.737358987109,128.616613087857,130.230744032079,137.684311108402,150.508193763292,128.851257689905,123.172454060968,137.419871409851,154.534326821491,150.034324438515,144.509098744449,144.896325630554,144.855742148389,144.960545446512,167.326013049363,148.900884747969,158.668653969033,114.50094905241,105.43148773482,139.259116710537,144.70096750762,143.9307361368,151.035617633,161.826426765517,134.844141314868,162.665941859736,154.723638706731,129.930070846716,155.710801539754,80.2359659320651,79.9193530710284,139.525161922638,153.663203650098,136.214194693282,157.576576819262,152.862413330255,151.200485570953,154.78499853754,149.676344509654,135.801825093214,158.027737484967,151.861028251517,145.22744704526,165.176611789607,171.865759807189,163.9853447958,164.293932509705,170.350579811043,170.075856321441,163.266254856924,165.548366476526,149.731745622632,155.06987426025,152.389248458368,151.036550650961,171.584763551689,152.047442955133,157.897005702558,155.214319999695,126.356715167309,149.774942989248,149.252030643407,135.114515525597,152.549425277907,151.95375021484,133.18343625738,149.757720210901,156.41766202805,121.747507684311,72.4331549325514,65.7437643298429,110.65657836446,136.963542176757,147.62975124181,121.079752778742,151.823165232865,146.563156705426,80.1752756355659,137.614243616733,137.344518119753,132.601373538015
,68.5,135.922113687162,130.708271132891,146.440136276304,146.500539239119,154.723015962756,151.395313077926,153.706171512458,150.989671105807,154.858182395786,155.498561232514,161.72963538938,171.464728699041,146.617395521585,140.615916503903,160.853042941329,179.659855935597,175.07113123354,170.541800174056,170.668743358527,169.784312233758,170.594259714759,188.803773847562,171.082039257276,179.894050877927,132.933626270825,123.984684889616,162.441383187405,169.05821209869,166.663672044488,177.288559271507,183.622829678163,160.447418517279,183.228857872189,179.378574208117,151.701206660375,176.100880766897,92.741144141998,93.4684308104222,162.608022623253,177.801238110625,162.717816986614,182.15645714,176.953373812891,173.451354365341,179.602718392429,175.998627746025,160.289985496885,179.290763258453,175.851841617434,171.130056780818,185.803635147197,193.252900446966,183.665726037085,185.342798279469,191.803667953826,193.350213173547,186.881219234567,190.081445814487,174.867634647703,181.107811568825,175.017827860274,175.073111081881,192.779946988338,176.856021027062,181.564216442646,178.709042215743,151.57358180252,175.315724215764,172.868708235416,161.196691571686,175.542669708088,176.518162681705,158.812777685782,175.021877744648,181.165436751231,148.025599075992,80.6188596269177,76.5000926435888,134.948405903942,160.677956463759,172.433788518695,145.680504907868,173.271714038562,169.296537503064,119.48595873162,162.157940528351,162.696965472537,155.369242637923
,69,153.364611447591,148.673126765577,169.993099519864,172.222093928146,177.784765268417,175.785789327104,178.38224607433,176.428672379375,180.849763850458,182.146430513806,183.031512359983,189.075315229683,160.693038811465,155.116790728157,182.749307699461,202.243161935273,198.637105658632,194.931386600279,193.512959375184,194.012005655875,194.359409206486,207.733451477354,190.438183224371,198.485908825769,149.225002019771,139.59393518451,183.665000257137,191.249222141327,187.182971748266,200.421716318,203.024998805644,184.624521583746,200.713555251627,201.073110814082,172.073211513817,194.185091407715,102.858537971894,103.599927645565,183.768832015924,198.481265067605,186.821128238891,204.6643001057,198.599221462258,193.202512964263,201.99198301377,199.43678106994,182.526608886319,197.107585120518,197.175257031621,193.972401925453,204.941299643045,211.824186625113,201.010932861778,203.004794322348,210.535151593959,213.490441838814,207.797666847339,211.647194384168,196.988634937658,204.798499834246,195.374717211198,196.611387243252,211.039703844839,198.078787591225,202.709321668218,200.065507885425,174.522736632553,198.413187004211,193.499290317896,184.269677966219,195.409779202903,198.628669494755,182.07481268541,197.726570088133,203.415489650883,172.17085559382,86.6184119100691,85.1221728035785,158.713927398387,181.792454188158,194.834537112087,168.333330906882,192.776611946681,189.484515644156,155.726303785319,184.443276012325,186.917103551125,175.564534411461
,69.5,166.859807585461,163.900917435712,190.50632573581,195.557688971243,199.117915218086,196.982418200302,200.132225910229,199.051255630251,203.601505751623,206.07117623187,201.019071693796,202.36646173485,171.002115036061,166.624006328995,201.34902472675,221.068562036217,220.112140807225,215.819473218332,213.996417827143,215.472554449879,215.415908722262,223.933423527548,206.857704339659,214.553235484306,161.756612863752,152.183706272315,202.725620803408,211.171396116667,204.100050768034,220.875078672719,220.058009690399,205.255579581369,214.858859624625,219.679450734812,189.671989021606,208.340133050435,110.824033086851,111.294181957339,202.174407951963,216.247224115738,208.080635045634,224.082164331631,217.218967328344,209.192363111747,221.983846881153,219.04100124673,201.642104616499,211.411050948336,215.061566320848,213.851771063706,219.889159907478,226.437580767501,212.213055619278,217.573789707243,225.623078676876,230.227395835583,224.248309885575,229.702099829019,216.411692520513,226.082839341661,212.570170135204,215.331082875745,225.659717725751,216.582975950801,220.330867962942,217.826023336448,195.497119140136,219.26892142674,211.973791497458,204.103872572918,212.826799986949,218.023883512997,201.882174691051,217.484046349916,223.341332968569,193.864147211634,89.6673831303204,91.6013283707625,178.830430309157,200.542179150089,214.53340935033,187.879024709583,209.956296218665,206.216351597006,186.079977806256,204.244451954802,208.833607614158,193.218878296518
,70,175.65316231791,175.401132381042,208.451533403744,215.336113759349,217.50630660125,214.81237488896,218.925866558132,218.85824049417,223.626811824732,227.302221987202,214.152813394463,213.309777705504,175.663518683706,173.897172523752,215.82194891247,236.282945570295,236.670992109239,232.101816055501,231.210636242445,233.304718905747,233.074921939747,236.619513305674,220.918795489166,227.895279781962,169.802814510059,160.044756299563,218.481946087461,227.216301555417,217.445614004625,237.368579033519,232.809670593571,221.523241645119,226.574258729757,234.85093034117,203.3347274016,219.480756015818,116.632277411173,117.12592571729,217.32308423766,230.599741592073,225.05369292247,239.381998505903,231.903333768163,221.222687594561,238.122653386305,235.463886844511,216.732382217497,222.979279760724,229.621551724408,229.895913814744,230.459762421117,237.80173038479,219.373397123961,229.48949341542,238.517686314197,244.256632928765,237.017436475558,244.205493032952,232.556400750726,242.962646085581,226.254613810255,230.505433744078,237.760194169475,231.868781679896,234.053102929389,230.525504492887,213.280484455,236.775714283427,226.845686667056,219.626787571519,226.861694264267,233.073931182474,218.060251949272,233.263254223424,238.825060166783,212.018789611414,92.1892480939691,97.5042923399434,195.561096823348,216.157271337762,229.545233091189,204.342691230793,222.848492986353,219.815648810789,209.876133329134,220.282539277976,227.377109550804,207.060261939624
,70.5,176.473374892072,180.564722973057,223.610208306009,230.590193136777,231.705358417885,228.936750471734,234.164769907339,234.780104944624,239.350360986607,244.958725612414,220.32613491721,222.951932781607,177.131588013803,177.325047296366,228.443205437504,249.17953406249,250.019992121069,245.305855949788,244.284829559737,248.117882430589,247.099781224575,248.080609245155,228.877318017141,239.47856024794,173.553129352963,163.160060710691,231.179043102988,240.837511593665,229.739334490362,250.883503011082,244.178426017376,235.020702744421,238.138967446231,247.496037915027,215.127934682055,230.364709474615,120.803769333756,120.945441021486,229.747421457667,242.551223436535,238.318037891314,252.429694001736,243.727839920073,232.442058310735,251.313453783301,249.605454608846,229.233215750903,233.914903467969,241.826303479525,242.404105205712,241.40676777899,248.88095151346,227.980173143075,240.981127253843,250.889153052933,257.37212245881,248.892911619153,256.657001716348,245.116010283498,255.98810781386,238.763619580396,243.059083454384,249.564965517171,244.014273284379,245.815582955638,242.188270505593,226.937084123796,251.145890880879,238.768134340215,231.813000743557,238.823922895091,245.507973180757,231.884191497055,246.175732034476,251.839299016246,226.479814709336,95.4791662432384,102.393892053304,209.257893392001,228.830936811022,241.734619267688,217.64818356094,234.01768188857,231.58320103122,225.974655480716,233.056946540762,242.093140928532,218.400736179971
,71,172.704069783806,183.062052518649,236.004636617028,243.129181027889,243.896061040831,241.51499699192,247.101231568893,248.360176672069,252.289012794449,259.275616107076,223.914635260273,232.383230863628,178.922710303206,179.214714192019,241.211208497464,261.535204774405,263.397527425846,258.136218556041,257.071076567041,261.621661525814,260.009361968332,260.696248828796,233.828420557374,251.67252199743,174.752983163533,164.642185985287,244.274843078155,255.036983004893,243.246018881486,264.958049734543,257.770769266089,247.973030258328,251.205793202657,260.553900668215,226.937496060019,242.058582969332,124.703676792918,124.251975674068,241.911449637483,255.937349447753,251.997731241418,266.590652096675,256.217364903258,245.017618762267,265.313406254678,263.111122010039,241.527467940013,245.966940121846,254.208723102017,255.027784852788,253.719991326405,261.207126988566,237.531696472159,253.794701341232,264.357267904331,271.092915995604,261.094645522764,269.756312918568,257.945215304588,269.531729642228,252.284345458249,256.169290054375,262.341033646813,256.200287097569,258.343712265736,252.473949963614,239.673883966033,265.348031194147,251.433885773241,244.455620171128,251.756133935295,259.105957321227,245.477837990167,259.653348388824,266.498405607938,240.161515674955,98.8485617293773,105.831212953289,220.972542991291,241.085274791714,255.496948516879,229.899442349661,246.688561808028,243.225620019216,237.205295683218,245.530057329226,255.163645168396,230.200151769211
,71.5,170.127780744887,187.011006384476,248.743988072741,256.326956130773,256.822845350275,255.288822435388,261.474996897251,262.463595516935,267.03630953737,273.821913175231,230.200042878653,244.190334017202,181.307222735598,181.432765905412,255.100741475924,276.321357426534,278.612136806278,272.158151896773,272.368141205187,275.802785317471,275.227387282151,275.585927483895,242.243058100906,265.519140224597,175.293756938607,166.216431960916,259.920458981219,270.904442774461,257.885527698746,281.458929332702,273.188311286179,262.444380043294,266.245998646204,276.611531373081,239.860759964797,255.091120920722,128.462898814561,127.963116252617,256.50055332403,272.051255418543,268.592641771976,283.330946220414,271.068243959801,259.019419381378,281.605759625432,278.920600398644,255.244758165594,259.807402508716,269.141690640661,270.660613961598,267.068810268359,275.314312843972,248.678485269719,268.985941775511,280.815140270482,287.235914223719,275.042482951068,284.584342488223,274.434294125345,285.897035881195,267.631922396896,271.641190109215,277.712385720639,271.131306416189,273.105793227101,261.544787382443,254.723596663803,281.887021219795,266.020006402296,258.766062150765,267.009497957253,275.023402039269,260.419752837243,275.636130066226,282.991413297674,256.07384823162,102.185436814513,109.120106250061,234.185225540656,255.391021141054,271.211908787373,244.059603554143,260.655221450068,256.864906275234,248.096459671277,259.374285935435,269.43179051604,242.562705678877
,72,168.866876167078,191.618750464428,264.807019727482,272.283083962541,272.468344858597,271.764123894378,279.169732553062,279.075062633102,285.180991290263,292.024429488185,239.587222534472,259.287018166514,185.008158730143,184.590726200977,272.395111967484,295.282434980388,296.750279210927,289.564920558183,290.867075050712,292.896250713499,293.610948397673,293.4413015396,254.657128849555,281.830730726978,176.510346864093,167.69754496292,278.057062972704,289.547467405777,275.181688611556,300.818098978311,291.233270561556,280.42007552983,284.731379857217,296.430067457178,255.377721701671,270.864021861976,131.160061218162,130.579127423668,274.806449153404,291.116924809196,287.793634862048,303.317342073279,288.702129533354,275.940323433221,300.818518982703,298.634037684552,271.498309490552,276.732735728549,287.528593085647,289.340001608763,283.850977500269,292.927774081746,267.226109963556,287.150217669256,300.654350215476,307.580046846314,292.823433835215,302.874389275832,294.202325087773,305.503870204882,286.20382128273,290.203089557821,296.934208786844,289.410733763298,291.369150403416,274.838904723802,273.123285543004,301.625643541614,283.093534025717,275.555363563179,285.046789057955,293.657820134641,278.671772525155,295.154294962349,302.979701063573,275.342115715002,104.514879452756,111.267475744175,250.685145459016,272.743426425149,289.934051650714,261.42694512475,277.418837979499,274.005766325968,261.703827722251,275.890909644936,286.829798490824,257.333536946484
,72.5,170.004973619347,199.023077554378,284.34570802675,292.147628192121,292.09079167428,291.8650335556,300.42388737301,300.165660336137,306.854890479223,314.491993336481,256.318455772396,277.125549804486,192.306764991704,190.795726416006,293.584847762079,318.068223434852,319.497858057103,312.041411920428,313.42562420841,314.797368372513,316.316326224543,315.272953282626,271.722006350787,302.873810908578,179.547367732938,170.7513081816,300.189976016101,313.15726362679,297.260161812453,325.017268904851,314.28138702794,302.673931696059,308.398763057587,320.514142962401,274.974006236306,290.497941461697,132.081320842546,130.831166782878,296.523405708693,314.553475134067,311.362795558451,328.19071793382,310.533539213322,297.516561345281,324.714127045535,322.547907271778,291.901754510422,297.503348583714,310.038481940067,312.166749617249,305.851202279845,315.232524799639,294.654870997,309.627556993575,324.212214655381,332.213619059598,315.042330359835,325.578674239297,318.178705753133,330.024967816829,309.080032354874,312.857054398298,319.787030874344,311.521585284875,313.83719519521,293.47781701344,294.643075558309,325.78496163692,304.156972389191,296.946480311455,307.062068269545,316.597695377467,301.058983517268,319.137288033588,327.863260458751,298.605161494713,104.320920207661,110.771293087581,270.50131741101,294.078267336696,313.964056973078,282.18132242414,298.855814543407,294.614186354607,279.113392823325,296.917368611591,308.058539542194,276.467590625813
,73,182.033996103043,212.362509777822,306.737389106808,316.178562894662,314.787581664869,315.144892938563,326.063175896489,325.740865332334,332.528245787872,340.502535572509,285.306127275422,298.843838302855,204.120832295765,201.484999096157,317.081329722509,344.283355794395,346.347575245869,338.518145609572,339.886667800612,340.965019175489,342.660391337103,341.347405657477,300.66976125682,328.333455126923,186.369130199581,177.330548140422,326.315704027208,340.063836593276,323.028798950524,353.622917201731,341.318531191189,328.390005753238,335.1475370744,348.023507444479,298.079775830488,313.758690922739,131.66014650082,130.702574313497,321.889754524593,341.848217892196,339.000237458665,357.804625518461,336.47563169677,322.738647792133,352.156539686501,349.52386932879,315.636333676711,321.258923143633,336.062105155576,338.777919565815,331.714601312646,341.595905442102,325.654060978167,336.370860732476,352.014955490431,360.111452068745,340.763273541707,352.072738719395,346.222701420539,358.671447774401,334.882964112284,339.430084092417,346.449082297501,337.123590157307,339.553821040275,315.584142573223,318.707539204711,352.889563884641,328.494999649608,321.617406744548,332.921895951577,343.077880593848,325.887255065527,346.504730753269,355.818447724474,324.586056445512,102.754562616664,109.174880131743,292.868541074178,318.839088691084,340.924806877569,306.349511763725,323.571452020614,317.878368437905,299.224578006732,320.863922293561,332.384283994297,298.61889199934
,73.5,205.73536569802,229.916370008075,330.580495941209,342.069055133992,339.637588327356,339.453029885847,353.798402940591,352.260282732795,359.122296004876,366.919958824948,319.467590565188,322.64792720488,220.774353237347,217.97300320804,341.314808586953,372.204063714757,374.708196896514,365.857073552494,367.432206330418,368.178122718027,369.928006279156,368.108966327541,337.7119628397,354.814528339135,199.027265481439,188.960034808585,352.806644202751,367.264583814952,348.919320439232,382.828512663142,368.645424895081,355.259967368519,361.851144389233,376.043937437513,321.894228972014,338.81935643425,133.162197528859,133.452231435211,348.513433486233,369.183186301728,366.735607961102,388.190576608942,363.60101480844,348.732825807427,379.282576676962,376.721940888299,340.000742053194,346.092314801639,362.606254710034,365.482702597951,359.017021162892,370.322190657648,357.930261269514,364.373992687302,380.112571368965,388.499731806429,367.74935463427,379.994497730234,373.658973304611,387.287468600672,361.302020382592,367.449818466543,374.874477883793,363.709270845167,366.159170605142,345.042181535237,342.951317793742,379.876632054075,354.084618107893,346.433051179979,359.550820467705,369.951585871275,351.015723246665,373.873242508281,383.435677104218,350.342112228031,102.801174226632,109.795752495186,315.042802376663,344.08294578734,367.236933361997,331.409677461471,348.765278791777,342.360196128657,320.799773389792,344.583756039955,356.926717365917,321.284741364214
,74,235.651823664117,252.730996873063,353.301260299453,365.918325303418,364.027445905081,362.206679795429,379.002679047873,376.971139787053,382.289684129214,390.836034476232,351.219785916336,344.539949320173,244.139378402151,241.817474255116,362.990034831576,397.118897678249,400.924312631843,391.432605330194,392.638304965199,393.669244826357,394.547837457244,391.941331596503,370.599268998538,379.203013866625,219.68691578734,208.017935603586,375.939295855678,392.326539602107,373.061988038582,409.23750469097,393.717615320222,379.300645267484,385.690971410714,400.18834523059,343.856670202491,362.532467945267,140.562995045922,142.113628841523,371.593540700052,393.742828251809,390.687506051704,414.715764032713,388.001207294947,372.418561719464,403.742783561728,400.721090466985,362.63631124585,369.560179079277,386.146811970822,388.781564357411,384.951364003487,397.619556900499,388.424881367718,390.208451096238,403.430179605772,413.556682543266,393.100321165087,406.40464902486,396.455240329749,411.992094015197,385.47969407955,392.584564303949,399.691581971542,387.755797050347,390.538205717169,379.180377628146,362.791617099295,403.270070667735,377.57375153919,369.409078897485,383.553156002155,394.234768609751,374.046740716606,398.146214281119,407.686366367463,372.036867225495,108.493073007727,116.631747076837,332.82454587059,365.684952503102,390.221382270076,352.57002702542,372.054099238208,364.964103998278,342.163381531277,366.472668752039,379.112483987624,342.662484713562
,74.5,273.241242560507,284.058368702471,370.731669393396,384.036543071683,382.853816183831,380.652550161464,398.019005560077,396.206500406787,399.574324874444,408.311192415531,379.393047539362,363.134485758503,275.955448166436,273.60475764932,378.526797290292,414.728340974702,420.790048650136,411.328405938613,411.483023554442,413.938827287022,412.585676277193,410.449976240072,396.178649957046,397.780684601343,250.048474776246,236.307813965995,393.039006134238,410.649502610213,391.316298502485,429.254627081821,413.080830025858,396.964150153997,402.22423525296,416.504229803348,360.927544263551,382.087644613677,157.061228839492,160.139624405609,387.624870293904,411.465710345457,407.582203975271,433.976095892716,407.348557684445,390.344543814381,421.797082766297,418.081557696136,380.219199958263,388.265154844375,403.559075821049,406.499386809655,406.035444194263,419.546005608209,411.041015343962,410.496127894258,419.387222453961,430.394809002876,412.278583839765,426.820521928156,412.465807673624,429.519311651459,403.010115172222,411.496552474034,417.135288231349,405.42056612384,408.865648031707,406.183974583395,374.214323363117,418.402288334815,394.954484055759,386.755655565335,401.474461287602,411.868100581624,390.58311070521,415.083664058777,422.997002963747,385.189663364342,124.352580988932,133.829352556091,344.016311276628,380.182610549867,405.24606682845,366.529462952362,389.418779108089,381.897235285353,358.325629896521,383.401030617193,396.314038994445,359.386363387993
,75,318.323555623024,322.586889724366,379.235086503038,393.544323551261,393.042978711276,391.140326852594,407.77999083938,405.240396788544,408.062536851783,416.043665343366,399.222068752264,376.397559615108,315.299859715769,313.341857577806,385.42643696163,423.118123475502,430.795610951028,420.72703166254,420.696691916966,424.501578571384,421.116229327396,420.466686890824,411.323271917478,406.520298697866,291.634969824618,274.833609885609,400.301585804856,418.381216137807,398.43167462817,438.027613144518,422.095567856832,404.902098126596,408.1191938635,422.785162076527,370.363527927576,394.553249458671,187.094241641364,191.144388268898,394.531054500722,418.287337078048,413.596163319631,441.617275931506,418.089039044947,399.235420503337,429.501515807371,425.618808543193,389.686892601976,399.254196281969,411.624067830738,415.31522855577,418.595041378194,433.491923055856,422.176875770812,421.287920949124,426.033992723296,436.760348281955,422.631885677212,438.532270109931,418.537288239777,437.003516372377,410.532417792101,420.790542516552,426.363195435552,414.707668309942,418.535008022475,423.705362360347,376.82312778084,422.809643968299,403.665569004909,394.877812501823,409.730527211818,419.587902360051,397.206070280431,421.587049064552,426.235928167904,387.539444888028,153.732116002318,165.712845666484,346.975230747084,385.221424339746,408.936501583408,370.891900601933,398.021949445037,390.787370778937,366.888996772106,392.791296714997,406.808002386489,368.44494516109
,75.5,366.705144301763,366.893267964019,379.224208356246,393.927838671583,395.213144533345,393.512923224554,406.226484058679,403.398504098714,407.420598049847,415.519610772419,408.375416797377,383.762960254238,361.96256874139,360.538771905092,384.535228601195,422.914400117026,431.074677231395,420.437777244504,420.840387889972,425.575964348634,421.369608091304,421.75642900937,413.204713453793,406.169219917658,344.179953463026,324.034720132419,398.084833221346,416.668932754194,395.666260368939,435.466603599425,421.142323087368,403.194277448199,404.366146196615,419.976085150127,372.687530230938,400.041349197045,234.148457339204,238.197813855451,392.443447273545,415.434931772162,409.178456715196,437.080178857283,419.794708157501,399.590082092638,428.650639757139,424.902844222878,391.830745701628,403.086584106774,411.75280307405,415.591194797084,422.815025620498,439.059208482404,423.773181642544,422.312118879908,423.811467645696,434.479463515629,425.992804774818,442.558893257879,416.788036786053,435.780851954764,409.068130363679,420.591547596579,427.395174701116,416.269207688786,421.115129309167,433.211242961701,373.459734197232,419.343079627613,405.038660594951,395.023566067931,408.374949808812,418.356694410243,395.07950510976,419.183304432853,420.607074689758,381.195122642139,200.647614703086,216.760137727041,343.421233862782,381.993823082406,403.846901430016,365.887863799777,398.548855336201,392.394885323878,370.106068677941,396.073589219099,411.653959172095,371.944823770191
,76,420.815521295162,421.292784862383,376.668385237946,389.946782087046,393.402508625977,392.451870439993,398.850301566952,396.687925610805,404.347623597507,413.937905126384,416.195810236216,391.674404524464,420.10481672741,418.650537310253,382.238363688445,420.620434604571,428.471441615787,417.870476653969,418.313419372553,424.903187883186,420.366807148985,422.143040725692,408.848164125679,403.727836080807,410.849229180096,386.472046202969,393.561499279696,411.92904797338,389.961330981336,428.907130351305,417.555378700386,398.361522327069,398.029609519512,414.995866993277,374.973077452743,404.795993751057,302.132871842426,305.190566552629,387.772929635584,410.437668430874,401.07791417614,428.228728326814,419.040510183137,397.609009820767,427.157072559941,423.669458709093,393.2027098909,404.730213418303,412.070634566763,415.863003385236,425.590472956028,441.209300353811,422.263084274665,420.739979628782,420.572083062181,431.337359128328,428.772605012212,445.140985073456,416.214216982997,434.257487758007,405.895695069953,417.365604340257,427.099456118967,416.556896221481,423.257577889651,438.825852255234,369.949452637907,415.440131985189,404.733892971972,393.568977955744,404.928165533031,414.63092565224,390.492338942014,415.007398173191,413.002702541545,373.052535957466,269.797143211283,291.098173849229,340.380009511871,378.266093090454,396.134418135304,357.955846019747,397.235883183686,392.298198750704,372.928260618505,400.322893382429,418.147269821712,376.66539132174
,76.5,486.614712596624,487.987287121749,377.048056222271,389.090226247502,394.186073957785,394.960973506019,393.776589963843,392.168331177628,406.018451286985,416.608222253913,430.632105635373,405.95763103276,489.909824578655,488.363883942507,384.528334238206,422.885815680091,428.852696540831,418.928403364173,419.405532490586,428.550093971679,423.747348340899,427.863940171942,408.809764070256,404.998271324315,492.226635491128,462.176155461031,391.767436635989,409.815018848411,385.762456842356,424.899610412963,416.92556372092,396.520615789163,395.962042787112,413.90561381187,381.26128315461,414.231397578487,390.198435753,390.726839746943,386.17885439236,408.163161418126,394.894574431603,422.262943520464,421.995497500031,399.526539774967,429.966152910674,426.701996392837,399.526396167686,410.089818128629,415.987368446734,419.989498829895,431.127758085591,446.377231362165,423.150422883104,421.7623390548,422.103843162698,431.967598540203,435.148729231086,452.268566783048,418.919229076445,436.312942235976,405.490357306975,417.006069121524,431.185162622069,420.169005391521,428.888529711031,444.752723682324,369.026058606764,414.620590201376,407.605247527569,395.252306655981,404.254710868788,413.297900302173,387.732531828177,413.504719747783,407.381312924796,367.392569305616,352.926972721497,378.463161596103,339.307411362389,377.325242160812,390.580143984763,352.818067884367,399.326615735426,395.440302252567,378.695001743358,408.695615974017,429.523692308051,385.251340847406
,77,551.311734778391,552.060341892838,377.210894929637,389.280480587877,396.735134107113,398.218097961275,389.180175278081,387.711509216892,408.679574659145,419.75546061679,444.661760979941,420.019038455756,555.281703307595,553.697452742639,386.63229929109,425.437427870771,429.50277584703,419.703882056502,420.739243199051,431.85312908173,427.53254741837,433.115229683716,408.942293178681,406.299300573068,570.427943830162,534.72845218412,389.041176138977,407.3928216663,380.1873967068,420.278919684738,415.158357294271,394.282888172186,394.303159027679,412.852195502153,386.177154365329,422.474037903266,479.371357976487,475.378774169515,383.104192110178,404.845777137979,388.240146852705,416.06133513171,424.014093919876,401.066817687671,432.493225813892,429.273333354375,405.393458001084,415.973932633137,417.133998966663,421.586010075818,434.300731528845,450.582304564704,422.353124143502,420.635059789611,423.513590275783,431.971794829111,440.657677863098,459.004657382951,417.958619708709,435.570031245502,403.355000595696,415.579394836059,433.751074647739,421.964867597153,432.781546758739,449.356535658746,366.158493641464,412.274345988456,409.477890116841,396.10543189063,402.186938221039,410.798310959925,382.83840259542,409.716282819088,400.572154475448,361.024467509721,428.541292735958,456.316164337887,334.609295820894,373.946891954144,384.576745813953,347.134719567397,401.174420980159,397.483314168195,383.312664623004,414.350555101389,437.559592342226,391.171671850363
,77.5,593.776567684995,593.566075120554,371.883419677266,383.445532713173,393.657645459341,395.119655684067,379.333351005709,377.982430818844,405.358794948052,416.877224663129,448.797993536291,424.834479529497,596.458980879107,593.830916052952,382.22121104438,421.37753682603,424.051805916992,414.622546154363,415.393863635663,427.92380694702,424.785024634619,430.644435696246,402.440274558725,400.947225871514,621.652808564153,582.189458057941,380.508443839763,398.779341126327,369.942411872686,409.817203442703,407.46745332601,385.787174696709,386.663197348914,405.588681248164,383.46923569262,421.534472357869,545.291630142554,536.542413501109,373.594314343803,395.70012660156,376.970939467565,404.450710436481,418.587170799005,395.193928063466,428.568840656412,425.391579320281,403.002959316271,414.433553718671,410.300740956244,415.582891030161,429.302785476573,445.369018396722,414.075290660032,412.119110504599,417.791332475671,425.467551280979,437.604751147299,457.037236286143,409.344294642217,426.735992769645,394.688863951655,407.248260746063,427.951884205179,415.576957380955,428.378534187363,445.660787611546,356.588117451488,403.336249127777,403.352664868359,390.127112838859,393.755710560482,401.479271118784,371.526271624132,398.927029516005,388.742739238449,349.948531092587,479.172922095796,506.048834487259,323.863941762884,363.965337981846,373.935686394987,337.20063540456,396.219430538335,392.522823285324,380.59050263227,410.410147022105,434.694008190686,388.548984933466
,78,603.722969062707,602.728720121639,357.966682452779,369.040805041455,380.968831944867,382.855610568897,362.894382560354,361.374952555296,392.548860721116,403.367756006312,438.342046528329,416.467807325214,603.064605284678,599.604747708493,368.51385328719,407.232296434501,408.542662233333,400.160549614528,400.258840790766,413.571920261455,411.333349500632,416.814061120456,386.305208244215,385.580452407645,634.016121815087,593.266073747363,363.178456780064,381.015236012629,352.381784956514,391.329894618332,391.098970266143,368.972054524622,372.201238215092,388.898803351705,369.86022923863,407.843365099192,572.946550920733,560.268671584843,355.12029339046,377.298048226367,358.021355823747,385.745644203211,403.35963363139,379.760402107576,413.772519456481,410.490531722928,389.552845069945,401.514531963543,391.562071403232,398.104613648267,412.479222463699,428.165981405284,396.24729991223,393.906395095928,401.06332265365,408.187147256046,421.545543935634,441.952396518195,388.264524423632,406.291409620662,376.517748016453,389.354035611704,410.722987034968,397.722302805664,411.560253210329,429.434259774041,335.881087591027,383.398964068851,385.816846931466,374.030170333523,376.184994196114,382.630214007336,351.796946678123,378.527708936306,367.729581642835,331.354652988551,490.821226297074,512.73719331739,303.478015675001,344.032348895318,355.056352759278,321.001870721063,380.755615712011,377.453899973711,366.234292579668,393.686086758788,417.455586047251,373.838369229885
,78.5,570.988591944244,567.930428423779,327.97812019041,339.634935620311,352.654317411632,354.659290464855,333.07330425737,331.159671286956,362.023502864423,370.222324372117,403.99937136465,385.357593527933,562.71901803858,558.606941607815,336.685821393569,373.589426199639,374.4923292962,367.328637361509,367.44246386525,379.715258931764,377.548572650655,381.984858141272,351.907612993023,352.203112182396,594.447942083792,555.687733968753,329.137154561855,346.254374873304,319.630675472973,356.790388244091,357.066989668819,335.673703469215,341.633352617379,353.73609352862,336.247389817332,372.045810747716,545.607498269671,530.227074642145,319.612290640173,340.668792055327,324.029972516383,351.254393443341,369.123029741132,346.96782627571,378.381880841679,374.596471168516,356.457720870208,370.86456222943,350.578456336929,358.725433136762,374.563849687682,390.86570787097,360.327042840023,356.815552497083,364.339877406534,370.11100507666,383.435665011576,404.460225264205,343.649051948571,363.466884322022,339.515115135767,353.242123498155,371.302874126819,358.837148777822,372.275281158865,390.120846502664,295.958305641373,342.167903901011,348.731881739829,339.559417185456,340.383568702835,345.595432036559,315.310225940699,338.825105090735,328.333078970226,296.788110427008,448.407334169785,462.182663787711,265.02233203127,305.474255429385,319.658327724841,290.398340315122,346.846338686285,343.486205759044,332.45983600735,354.332885115158,375.576486748241,337.424632777374
,79,484.133634960938,478.721551313397,275.418492012864,287.333385608593,300.349950521929,301.697709106216,281.581710098845,278.996453537346,306.295806602148,311.308881992565,338.03451556908,324.028963281158,467.794824778756,462.933830143244,280.812124796932,313.656515539875,315.159736025393,309.188547361882,309.561792074935,318.388823890024,317.120275568403,319.861208482905,293.025498037498,294.313780078717,494.499266974555,461.524325655075,273.357820756506,289.079782421722,266.859589973111,299.279090064877,299.262753532783,279.968008555215,286.95995235094,295.135766416297,278.655621899931,308.82832230342,456.627523127985,440.515439232302,263.187343809779,281.699692249283,270.703564322117,294.160755855805,309.461591394851,289.79679641973,316.770085102823,313.333132506893,296.991544941202,314.30698310297,285.788462268535,295.22775246668,310.892720217534,326.338136366675,300.148740697476,295.764982186044,303.07757467721,307.4693412316,318.009895376404,338.050390110017,277.431927496723,296.785805004146,280.005363919116,293.743437371635,306.293553898102,295.533864209261,307.345415917684,323.355667990958,238.343264213132,279.241759715847,287.847427648417,282.38435206942,282.121332143174,286.014704450713,258.84531398974,276.743329156173,269.076346518183,243.955687578073,358.193597718835,364.15866774784,211.939045655136,248.163552032302,264.607946877928,241.962217748732,289.549209523986,285.711398112863,276.789430509422,289.747979480206,306.460176312453,276.930811212548
,79.5,362.902301061937,356.933530297808,211.599102669698,222.120380547612,233.039333298763,234.054743434715,218.50102959695,215.283276542919,237.54890745861,240.467207108916,256.422184730286,246.906860673179,343.775325086297,338.827820331784,215.250658451779,241.921919623579,242.635485262062,238.453635292701,239.120229339282,244.047150884676,244.382593914919,245.076140904028,223.757371369377,224.85410910791,361.600389818958,337.341864191773,208.840711898086,222.041572920845,205.863634318632,231.115784859278,230.703035913161,214.940758654971,222.63655384694,227.365335582551,211.809616027629,233.494364611841,335.493285006639,321.415962907333,199.949234062954,214.628657896025,209.504956645726,227.179256027617,237.961832012492,221.621328618178,243.666938374724,241.033106400964,226.369162063474,242.696448826786,214.856763125412,224.118537523497,236.434881658938,249.230062085969,229.985827072297,225.589888667848,232.05041129587,235.985846852332,241.244837603131,258.199337563133,207.992660735307,224.312953061196,213.280328370116,224.394928977563,233.297717115642,224.150830568616,233.124451188922,245.951281560717,178.749722841508,211.332105090167,218.109665566441,215.922748277668,215.433231136216,218.417889142666,196.676712497992,209.129815637599,205.176749632583,186.590380338405,252.821406502288,253.121071364871,158.550692862813,186.978151008625,203.266383334366,187.23597192719,221.934179565576,218.370120280914,212.75215525706,217.830069523608,229.306496943531,208.511762334145
,80,244.556383422006,238.965179462689,153.221810600848,161.857103202859,169.275219171203,170.811187031417,160.101619532653,156.839288047964,173.480464974302,174.886783261962,181.213869929741,174.85515189481,226.240157937746,221.994697664438,155.968105190885,175.925963517529,175.686276827792,173.026972970314,174.72025651914,175.938435548983,177.312895976529,176.42485043331,161.260528760156,161.649334780567,235.46481666299,219.822642774033,151.160979404212,161.381539430846,150.505910928791,169.392610983843,167.88237442206,156.553414175463,164.640378421854,165.836924589362,150.982513933212,165.298745555233,218.388106548798,208.158184681004,144.001611493492,154.762300014656,154.016791129761,166.935582389166,172.213669732091,160.339642324394,176.53696483544,174.565290168068,162.773517285982,176.13702598431,152.388350795939,159.780568685739,168.811560860147,179.161527938036,166.774422287356,162.598554016547,168.058738531856,171.367470185024,172.161863892096,184.599423816475,147.350500510699,160.317282590208,153.700395782062,161.995648997785,167.092257019973,160.239799828866,165.904476317426,175.578654214972,127.225131425451,151.232023888941,156.266644136083,155.526873335559,155.554120999852,157.91106813957,142.186226549378,149.797175354363,148.693696333698,136.28185751268,157.041365896033,154.098114157854,112.300511511103,133.365927774038,148.387508208262,137.798513782217,159.875148883279,156.958795794672,154.692914210677,154.128618200784,161.0778228716,147.177952050666
,80.5,146.082245199925,140.764548105401,105.461346030209,111.996855895624,116.406359492055,117.999139028358,111.600128004635,108.566959128172,120.136254372302,120.212645267735,119.439321086693,114.884580378229,129.637679590479,126.349596519623,107.135615080595,121.073703933296,120.78101681696,119.084865780339,121.919784532654,119.524434051279,121.83383283503,120.152319440327,110.148746236791,109.946340850229,133.068119128359,123.688731614418,104.561155850974,112.104620760558,104.957205956861,118.617557660319,116.074590898266,108.713143768203,115.77320595945,115.284197429306,101.370139231294,110.179845422361,121.439842643003,114.506905691681,98.9408158630039,106.670057865438,109.052996343546,117.229377437046,117.854066107323,109.868205366818,121.291760298107,119.974189423646,110.621607835399,121.253431278515,102.611563789266,107.784680688401,113.487643825742,121.313158726297,114.779142642206,110.991429631232,116.004117871556,118.665957166397,115.894869420872,124.329695092523,99.1777257673274,108.873245045565,105.339795090166,111.334513009119,112.832350129412,108.683764591579,111.306451749137,118.081195861635,86.8674328165675,103.177590009438,106.211237597613,106.45286436227,106.854188195543,108.329066203889,97.9168650479869,101.26475770391,103.094814211708,95.7822995728853,81.9041764201473,78.5487914533024,76.1525770845431,91.1818645892773,103.667930364188,97.0627794135477,109.498963235714,106.265836314532,108.11107234832,102.831551562143,106.217062010842,97.3585326923574
,81,74.7789623034994,70.5229987347312,71.2799762237029,75.8561419770101,77.4953683042982,78.6667459433228,76.0676288633026,73.4182510510973,81.5458435271946,81.3427936865818,75.7375291653825,71.7845064419562,62.3532193396318,60.3100355607353,72.7180397343698,82.0992695533957,81.2001680812185,80.6338051130729,83.6500862094284,79.5269414902227,82.699507952555,80.4497707791792,74.2613326837553,73.2835729563646,62.3542277486073,57.3037163359588,71.9428542793603,77.3672511510447,73.1869689305963,82.1642766489778,79.0471441839564,75.0713315764419,80.7496488731302,80.1032247886534,67.5427798036156,71.9960069420334,55.6498286347843,51.2310543116035,68.2623522939931,73.7076258114768,77.8958310296269,81.8637653452116,79.1523443152981,73.5830898749954,82.7573085522341,82.1915516225247,74.0342930956326,80.9722301404908,69.8290378966507,73.1392473978971,74.8218622006397,80.2919438135893,77.8402924552668,75.0299354852552,79.52222222072,82.498246702498,76.5440666088292,81.9743131311694,68.9652311144261,75.1071081215094,72.3377663346432,75.6937389800482,76.4190872792362,74.0324776004394,74.4022457904325,78.3213950321635,61.542256032597,72.0672065572455,71.4829032991436,72.42939827826,73.1824681056016,74.1934025817868,68.0113046599003,68.6961037730647,72.9818845975205,68.5116562956223,36.7554004220814,34.0803686433524,53.9756951257451,63.8021144277103,73.4331862866637,68.8412157809507,73.9534792316401,70.9290672184216,76.6557421456566,68.8084619259008,69.5594498020117,63.7368910688332
,81.5,37.6121055298594,34.8790522127138,53.3524955370905,56.3058781777699,56.0496268906143,57.0561075049214,56.9478741952957,55.0111674669222,60.849066696741,61.1231794820933,53.7822884961167,49.8358777735664,30.1589994403924,29.166947614298,55.229104860716,61.8603409121658,60.287725367621,60.256079570004,63.6244199047357,59.2158742719127,62.2736166633762,59.3723517135585,56.0430606016278,54.4775685148884,28.8195591688146,26.3471366829156,55.7769366622105,58.9031046568545,56.837245794103,62.8120466335199,59.3581149690494,58.2817465307303,62.8629625320302,62.1389711547733,50.5997633890305,52.9213111345177,25.4508872964443,23.2605380553815,53.2613617475686,57.2305351657486,61.1600279512991,63.7579350034772,58.7912488790746,55.1901590955209,62.8387958371413,62.6845306642724,55.8075646291516,59.4106894188976,54.6518628931939,55.9137518254867,55.5510331190888,59.4320185385171,59.5286044837455,57.1532538305198,61.3312969714049,64.035530165572,56.9996535842985,59.8099269995416,55.2740496602081,59.0692229371629,56.3229197088653,57.8101607077193,58.5691642609589,57.1825493712007,56.0942858814229,58.5752167056009,50.2307643398745,57.1018864971632,54.618616397376,54.7031938201075,56.5986918879606,57.2316948731613,53.6031347279149,53.7175372938462,58.5121519147788,55.2806505540968,20.0423982330525,17.7735675972665,43.5246116177076,50.445656999061,58.2693697477289,54.3339958985438,55.4163874147425,53.1570291280772,60.3685521082942,52.5275364819416,52.4111965876576,47.6861059943927
,82,26.0637775052397,24.4370096140082,46.0519310171182,48.0023326873554,47.1273421106474,48.0730881982439,48.5305763093912,47.4681087192388,51.6293662842123,51.5911460993327,45.4063363835776,41.4649830932365,21.0493112668297,20.7860708061804,47.3925511512656,52.8801243379158,52.0718567329977,51.4534753544833,55.4231899303761,50.7954431523686,53.2616702990433,50.4343416857476,48.2285911462948,46.6454596941828,20.7222207780858,19.0792674717332,48.870060677599,50.8788945759825,49.6628437247061,54.0260396991982,51.0023021265454,50.4630921087777,54.177474369198,53.8184550292233,42.9736425713841,45.748995031343,17.7357959639543,16.7091079494864,46.3540270051191,50.0703604673824,53.1060976984965,55.8047471233217,50.1259133991048,47.7259295920915,54.0266453977056,53.961915743995,47.7100059200563,50.8758158674526,48.3227579394368,47.7430400940606,47.4115925877488,50.3068556123952,51.9581706042495,49.6863319263962,53.5555993770561,55.238590320631,48.8538796727052,50.6189579294997,48.3905492126071,51.5034594606598,48.8510943682712,50.6593783302918,50.0507720216617,49.5216823045147,48.1030807601447,50.4081652920189,44.2861114254923,49.5603967909489,47.3932763335507,46.7289991203567,49.5279886595375,49.3695709542269,46.5104341760774,46.8163834966928,50.9712421216146,48.6596844181614,16.4271394780534,14.6105399118856,37.7894906513617,43.7638602635296,50.7642987535799,47.5761534988363,47.3322799730431,45.4444512562669,53.1061548738479,44.9363073989929,45.5640641163931,41.3781133585043
,82.5,23.1647708764218,22.0135348297339,40.7056533046538,42.3888756016398,41.4830958877238,41.7011475662856,42.6583711554067,42.0815509808573,45.2554020692649,44.680132076555,40.2588152251732,36.2278900153395,18.7164138273516,19.2138295742438,41.5393715315921,46.5151933783048,46.4434129949228,45.6260142849195,49.0813081835117,45.0207852636129,47.0299489465415,44.6704179576564,42.2511020676228,41.0553375319458,19.5157789773665,17.8803101493612,43.332556199781,45.2991692845578,44.3035716885935,47.4632675385688,45.2241134166212,44.0941766648443,47.2305759843396,47.396634230352,37.9863766380084,40.6694464666764,16.5019265589179,15.4678002635264,40.8761380628782,44.2904038854378,47.0580452277977,49.3572826909372,44.2620879678198,42.2057139349834,47.9761766108634,47.5719676545921,41.5706703418738,45.0350204667955,42.9573466263163,42.0947505424772,41.1652920907256,43.84473701739,45.5138921712056,43.6211497262877,47.278891027666,48.6595007012564,42.6782365804228,44.9518431534341,42.2119840125817,45.4379275336787,42.6483170359705,45.1809442606821,44.2523587878316,43.7106890859001,42.5426085161778,44.3634838375759,38.78660171106,43.7540392360126,41.0779537922084,41.1728949817742,43.7336543698886,43.42018520811,40.4924264511941,41.1228510367732,44.480670908026,42.6852985815676,15.7766923288798,14.3416947498965,32.7666645739372,38.2815305720324,44.5319938941884,42.1614095804196,41.4251837698967,39.8905838746137,48.0633530864382,39.0644960577015,40.3056927791807,37.1009205979492
,83,21.6282950314863,20.9326342996975,35.4350790184378,37.0401610211026,36.1896902309775,35.624724368177,36.9355499531386,36.744139207398,39.6609018668174,38.9768666557073,35.4973262001525,31.8918263924664,18.1707265029157,19.0067054705635,36.4053821559211,40.6359890844984,40.4917806705945,39.7326411584665,42.8024997629825,39.6052999184353,40.995868931624,38.8972246324449,36.4190708161886,35.8884986655248,18.6103567262555,17.2118904498024,37.8055628855126,39.4047982929498,38.9831862222733,41.1435638408335,39.3593190078017,38.2017081202121,41.1143489901543,41.2858797331075,33.1063173158372,35.0700023558152,16.2704600880816,15.9268686173607,36.0303679074038,38.4517953783089,40.9806052714615,43.4991942816564,38.5414524826964,36.9640822163385,42.4832693577162,41.1620223404022,36.0507591378687,39.2583247329497,37.2805447853619,36.9988665723991,35.8238997237674,38.1939735078287,39.2157176125131,37.7633252306413,41.320188682113,42.2981427383454,36.808694666839,39.4258008643205,36.85278988625,39.7704844377248,37.2740331167242,39.3030365265936,39.122908093682,37.8775116909568,36.9936752970557,38.482454279147,33.814015036356,38.1573615414106,35.3595216114427,35.699210289212,38.0334832793615,38.2061151768946,35.1958959739536,36.3650198493991,38.5376145325641,36.596259317546,16.0988959520533,14.3931407572705,28.0817391944431,33.0270785116436,38.676804526898,36.7345297401375,35.7973603163525,34.7258062859701,43.3357093224793,33.6336880782555,35.347620762508,32.9519065449281
,83.5,20.6034971175771,20.0100519941099,30.2500967911504,31.7798559051372,31.3366823787982,30.8905772981054,31.6598134992311,31.6438100113731,34.5157583404593,33.9940829168798,30.6538540630681,28.0742423000896,17.9067979324086,18.621136014203,32.0237849703277,35.0299085064724,35.2398674540901,34.0730597624681,37.6495359687463,34.1440181281165,35.2247276948672,33.4481040790393,31.7279101236335,31.0209717801042,18.1822023258724,16.9585517981754,32.4191619108441,33.8848422982783,33.6628118776702,35.0354343892361,34.1301574158968,32.7054861514072,35.3107508452724,35.570576937647,28.0266612098243,30.4510714652091,16.2978080734383,16.5318066459496,31.1919923787572,33.4345219924948,34.8324307731623,38.1404982932856,33.4883143596225,32.5136993793595,36.9104228829304,35.269482569021,30.855591421377,34.0303778632591,32.387181512759,31.9996459052451,31.3827748728703,32.9861768598469,33.9697371262874,32.855301903693,36.2252704638591,36.20304527226,31.8577654737916,34.0844651083103,32.1146446813635,34.24610924009,32.31094382767,34.2350884256049,34.0330206654159,32.3741489408377,31.9845850171138,33.4125158659179,29.400255311032,32.786326167415,30.8623550181046,30.5541204681834,33.0059166606702,33.45401107561,30.1900878637109,32.2308175900756,32.9755912908947,31.2623678419395,16.0094011118367,14.7617011380757,24.348228986348,28.1640765667273,33.1680326509348,31.9416846265277,31.3191024650401,30.2503423449214,39.1844638209992,28.6371302860849,31.0011975774059,29.1800137044647
,84,19.8590653391296,19.2340627849139,25.8657519665344,27.0872037503192,27.0413990111058,26.953344113165,27.0045757043572,27.0316743869893,30.0154419880536,29.5401837546125,26.8966437087004,24.2144471281474,17.5885628534492,18.0801724994612,28.3878172485709,30.3652132416981,30.892008374888,29.360822184155,32.6927741882754,29.6101849034053,30.6461643478382,29.1186375315279,27.9925705781781,26.8133469427348,18.0482116400451,16.7942855683457,27.9697227353008,29.808789734323,28.7839835684736,30.1716799184251,30.0199171208978,27.8233956174045,30.0914208980529,30.5148630462717,24.161294152735,26.6724904322416,16.5313891224729,16.7262330215496,26.8318763255829,29.1437779767061,29.8535616565536,33.0583065418312,29.3694776921908,28.3651673865194,31.9421843547415,30.3673886747638,26.3072368741061,29.3574158970108,28.279971230073,28.0944063575727,27.2318486569165,28.3939480116363,29.0335027785562,28.1555429860879,31.2315023168359,31.3682784715872,27.5938427860879,30.2052384639368,27.7703324340383,29.4348965715669,27.227831069325,29.8165034448684,29.6448126755286,27.9644399589969,28.1666159293022,28.8337941082144,25.1370815901037,28.5545869234459,26.7471800211927,26.5374237430327,28.6576649466189,29.2425556704427,25.6131393350387,28.3452970144531,28.1604757189951,26.8957988837167,15.7492158912319,15.4020401819902,21.237396186258,24.1334470984783,28.8748536606627,27.6350981216729,27.6283167946329,26.4968760276529,36.084781399671,24.8658895297676,27.1224356621003,25.6575687390973
,84.5,19.301155372822,18.6813785254259,22.6950896794629,23.4667061016218,23.6387862640736,23.5315761175681,23.2360271222283,23.3581226295212,26.0657688044621,26.0484521292126,24.0783596100851,21.1298029704926,17.9641339420484,18.191113288016,25.5279896927078,26.9658032625944,27.0027058818084,25.7802585306433,28.1892360323743,26.1408769510191,27.0246964493487,25.7365502975235,24.4050902709805,23.5165501268538,18.0125872312478,16.2523003290899,24.7287118662636,26.1479248567784,24.647497630458,26.6519412583447,26.0609495192174,24.3991970565021,26.4874273981196,26.129540416331,21.3664167691412,23.2731824041776,16.4583407157882,16.721020958447,24.188379487629,25.5034390624821,25.9391504792672,28.6792233499679,25.844641741184,24.7304468628123,28.0000065653479,26.3624227303641,23.1291212053587,25.3662654263865,24.3261527105733,25.1633670311707,24.3128735148882,24.8214794380502,24.6229330480946,23.8378417276932,27.1210331569609,27.5545893094724,24.2243492661244,27.0275751436587,24.2297119332006,25.7653919872705,23.6125223306833,25.705140490611,26.2287831963367,24.7616143213602,24.9370493316584,25.1734025870788,21.7634777924289,25.3836661347195,23.2926774432324,23.4636276783111,24.9655511210381,26.025989909643,22.6108495327704,25.0894354155708,24.6368981872085,23.2516136113122,15.84801941649,16.0447943662704,18.4657969537823,21.1695354043493,25.925288633843,23.4087798584597,24.5022400515847,23.2787480403242,33.7850079899655,22.1565620738718,23.7013658351499,22.3604223182651
,85,18.8314286663929,17.917522899281,20.0450167209029,20.5892909946132,21.2792677638573,21.2932188560446,20.628047733828,20.5991472390407,22.8844076648434,23.4477413551088,21.4103996820074,19.2874277971995,18.3074645069223,18.1512802517145,23.0196400348036,24.1225778712897,23.7714489773682,22.9304341385831,24.9921934773881,23.3150192406509,23.8862666669613,22.6057889177922,21.869306767306,20.9537767543939,18.3027981822565,15.9633872012642,21.941320082001,22.645524220395,21.460998876558,23.7841990158907,22.6496763008553,22.1254759607139,24.0441006101282,22.8493070615232,18.7459987288799,20.5810447471819,16.4467140718813,16.820231035361,21.8946475005131,22.855657202996,22.7310070208887,25.1220935946176,23.0126994226666,21.8516006464076,24.5677930993752,23.3640987788196,20.8763155150073,22.5984839802879,21.3502469904412,22.7085855282693,22.3274475485443,21.9777935803399,21.7818810627184,21.096989937396,24.0161676526551,23.9599091107025,21.6171685364337,23.5875450449233,21.7168356504412,22.9768528939014,21.4446230005477,22.5460497438328,23.346871833839,22.0488640342612,22.1630823480734,22.6085154656642,19.9269313088411,22.2566197656834,21.0225219796544,20.9408092319316,22.2976527171149,23.7015773632265,20.122149675237,22.3079468172944,21.9150069819156,20.4369487920591,15.7891277457257,16.0941950594972,16.6662380407881,18.9734397959498,23.5037329161109,20.0766287670959,22.3478845046295,20.5790262135735,31.883877768215,20.1129597370497,21.132930107272,19.9678437021857
,85.5,18.1317926901816,17.0072243960275,17.8547442867639,18.4008207907264,19.3950665241261,19.6652746677634,18.7605258602018,18.5275502958104,20.086173004209,21.3287748522339,19.4440449831625,17.4285957309868,17.8294665216035,17.512016990577,20.4159652072443,21.7695153616633,21.4867869344907,20.8493872635343,22.4827148128646,21.0582412592541,21.679810714105,20.2611149285967,20.2858791435424,19.3322068892892,18.5023760909207,16.3536029977431,19.6093462543971,20.1629754559918,19.4008457057528,21.7277597404041,20.3740272218631,19.9054490819076,21.7352607797397,20.7662659302084,16.8291231134876,19.0489735742515,16.3640845812483,16.3700124342446,19.0972497535458,20.7344229393345,20.3474637580027,22.177672311412,20.6882914198451,19.573416806357,21.6037094458525,21.2704529676819,18.8761516610054,20.8740467033088,19.5340299479903,20.8272271783082,20.2554773548724,19.6769060665395,20.0330794439121,19.4906851663664,21.3149752331348,21.365094068406,19.5493949278118,21.0052079356136,19.6856459938365,20.7988385341146,19.3695034131338,20.2408486068818,20.7506178935093,19.9926128335931,20.2782452360834,20.5859887453198,18.2501746347475,19.7927223860822,19.3496508420113,18.8468776978211,20.6109440482628,21.5200447765121,17.6755928436365,20.0243654694248,19.6766257011936,18.574243383639,15.2861171698141,15.7946040093574,15.6759930769097,17.1335852384692,21.4609002101759,17.7530846914918,20.2805837715692,18.6134814392433,30.2774903762283,18.5691211187109,19.2849905381649,18.2662845369315
,86,17.3261664086,16.3846719230532,16.7797313948587,16.9650488543851,17.659836411493,17.835326768139,17.1589479090076,17.1054521151062,17.8564985776562,19.4460261211321,18.4724172131967,15.6914206415568,17.6016451813438,17.083962318574,18.4029539058806,20.3369510847369,19.6150479004951,19.5612429465862,20.4646374139864,19.124188559744,19.9917739732132,18.8238937155944,18.3505517900549,18.2056504789308,18.2781035962344,16.4924902328715,18.4792027301539,18.4260098768976,17.7689726962536,20.5129649830926,18.7302053569088,18.1698135373425,19.8837000682777,19.0250956012352,16.0618126403318,17.7064300668535,15.9962386931119,15.7080166284537,17.2757635625628,18.7613648738497,18.9204074546163,19.764375440596,18.9958387242375,17.7958574055741,19.7134774394404,19.7067160320091,17.6720249843127,19.4524805672346,17.8980930500933,19.4111937218015,18.4163357726206,18.0183292921736,18.6488863947985,17.780038582407,19.5150343690501,19.5912389883706,17.983163009356,19.5144179341755,18.1053676750944,19.1755671093147,17.9503360180175,18.4875258564271,18.81565585652,18.6778057967929,18.5454329123452,19.1020652081087,16.5501549081049,18.2402811441017,17.5952890995154,17.3420091872208,19.1118796456753,19.4035752601654,16.2309898305494,18.1855867402788,18.3651242205576,17.0252682833167,14.7943506727748,15.6193187951218,14.4012172374033,15.57882059106,19.7901530349106,15.5673198454944,18.4136711010408,17.2897337535169,28.9421027233293,17.1351795304652,17.6735988680607,16.743450654057
,86.5,16.8969310635342,16.056144010164,15.8096183356769,16.1388931560636,16.3287029938782,16.231392148071,16.1221062785519,16.1802841233581,16.4170240628142,17.602268191942,17.2711605654818,14.5574605299826,17.2672522864661,16.8689499192674,16.9650121305588,19.0113735985203,17.9806067531827,18.6247935706743,19.2455430618929,17.4090722229276,18.5530337993662,18.028909710213,16.7929095221386,16.9363050902039,17.8278966428354,16.3010738721862,17.1804775601885,16.7505076280239,16.4515960489492,19.328952032294,17.4016906380537,17.0456341506898,18.7768726443511,17.304317913534,14.9735290473409,16.3646922711578,15.4898013738515,15.3017135591926,16.2456305582485,17.4287301765324,17.9091198302377,18.0998593861523,17.7324469673759,16.505648193909,18.4668873604687,18.2525234452637,16.9015311931506,18.1236655943119,16.4802741960729,17.7625620485688,17.0936587768545,16.9197387551176,17.1363718500482,16.9380524723499,18.3382076035584,18.1203814921429,16.8985885085128,17.8586473072444,17.1001056904755,18.3870790952644,17.3425401100227,17.0563966465139,17.2967997692267,17.3078064093573,16.6288673594852,18.0979219427847,15.548193988268,16.7348997078914,16.3145591478005,16.0948910494503,17.5809339590392,17.7306692134669,15.1770013393977,16.3495300374051,17.2239727362222,15.4513445606336,14.1212425388747,14.8762541739082,13.3322529340779,14.9816954074816,17.7182070055545,13.6827442789241,16.707472950732,16.0999286270854,27.8241450644608,15.808621002296,16.3060314089981,15.9538088473719
,87,16.3946069071663,15.3875440921748,14.4986444872126,15.7950419881081,15.3423371011792,15.1332799807159,15.6018844586787,15.7640585010616,15.4548104566011,16.510456858649,15.9954858728728,13.4865230383128,16.0190367841931,16.1844596454122,15.2689309789063,17.3175799912308,16.5807353908268,17.6367570693039,18.5081230524618,16.1978639598054,17.5337124606455,17.0482308257665,16.2014266516262,16.1094917403896,16.9707171930636,15.8846200236352,15.5936585927885,15.6522611951001,15.4369886350493,18.082279158658,16.6544696017573,15.8941334069211,17.3834498700531,16.3697437601148,13.9313689668531,15.418268515896,14.8887770511829,14.7242680759397,15.0176518541942,16.532226047609,16.6825580506971,17.1548973329371,16.6597264641363,15.5979967400765,17.3192379954438,16.9394892899368,16.0238644036281,17.2713072952247,15.543327219386,16.2130776496815,15.619868292823,16.2490787957465,16.3229559108556,16.6037058163514,16.6648202016071,17.0459693344831,16.1489789358519,16.4547224148066,16.4239827300586,17.4828269482933,16.6555757874829,16.2428256906265,15.9852993476511,15.7483083049184,15.2063575358259,16.6932972926315,14.8142523939663,15.3550324995928,15.6657353655878,14.7309710159692,16.3418197177258,16.3039361275315,13.812146670411,15.0906677104668,15.8764080396054,14.0995195895818,13.526075780208,13.6862564060302,12.966100529229,14.391250081277,15.291712711323,12.7071424398265,15.1011745439903,15.0815441729357,26.8397426983149,14.9697739944826,15.1062569181884,15.3386065125734
,87.5,15.5375166306163,14.9430509573712,13.8682561564378,15.1502745433251,14.4092314662612,14.0108838166775,14.6360930484436,15.2669306893491,14.991626141681,15.7269230637282,15.2688297950016,12.2188916839802,15.0950271031929,15.4046681292522,14.0762615684441,15.9696966921304,15.5408592537166,16.5715101788308,18.0111361200107,15.2049604260301,16.5877807160494,16.1159826535189,15.393638606921,15.6860516579351,15.982389230932,15.2462035040709,14.7480196971471,14.938263849792,14.5453461754467,16.9028502128966,15.907630035923,14.4989486069832,15.5853258286703,15.5773642830063,13.6135508336559,14.7493835025128,14.2151017165725,13.9089599554214,13.8961982164863,15.5329994957303,15.5929481367137,16.7009801309137,15.9341458718957,14.773426986707,16.4091697097124,16.020749158841,15.0539985252063,16.3440292302751,14.763415899104,15.0915444254861,14.3518922786288,15.9279638801909,15.7679982467486,15.7664608799449,15.4853584091695,16.1948253602171,15.770753229124,16.0718474831926,16.0742783451408,16.2656584682966,15.4653568427098,15.519482096341,14.8551505648275,14.6394726943871,14.3529882765313,15.4880783729131,13.4257933189768,14.6995529281109,14.9576501758182,13.6947511784973,15.2756363583995,14.5076501127542,13.1964317333539,14.608368835396,15.2136242453277,13.2127955887773,12.73443910815,12.8066687858499,12.4845460896423,13.5110484618607,13.7323948300919,12.0774094702502,13.895781684086,14.6317556416747,26.3604139652729,14.2027634014811,14.0642929249919,14.1717373499002
,88,14.9188174873043,14.9826188025801,13.1159659740925,14.1382681105271,13.6176000881258,12.9136008738836,13.5045736034222,14.2525137072454,14.6659439161563,14.4297865506231,14.5391125658693,11.3047501951754,14.5945331233532,14.63482236402,13.7021799296776,14.7219640568574,14.5561996225499,15.3430002792629,17.5369925052079,14.5086150293563,15.4411729224609,15.3180388269134,14.3495976853627,14.2483333505303,15.0357485870413,13.9697289790742,14.2445151654557,14.0326841203492,13.3624428362085,15.6100470968385,14.8506158490107,13.8050151647724,14.2875155175095,14.1716931787852,13.2735672151395,13.8392748234879,13.6291324734203,12.8564790008965,13.5578017017758,14.6334470906331,14.7104928471539,15.8354093121118,15.5583219256686,14.2538724676932,15.3068946418571,15.1687495005081,13.9657806378227,14.9546743903139,13.9921758010747,13.6694933962365,13.5937647932704,15.6775918789318,14.6925914701812,14.8839230823919,14.8519012592038,15.098831262472,15.3919963561381,15.3968452496568,15.3054778588855,15.2945483647577,14.2350876642537,14.7859910190242,14.1632710494642,13.8790737610713,13.7117002722968,15.0645809515788,12.3493170129693,14.1393814166601,14.0698832032625,13.2107629089936,14.1003207791074,13.3903026084137,13.258288295323,13.7574932431862,14.5999870802735,12.3342415031219,11.8731043915166,11.8934661436243,11.4476705999308,12.8171430061384,12.6625462144714,11.6226073814428,13.1142914369868,14.2975039661704,25.6396873091627,13.2273214672093,12.9005553741533,13.2157754944725
,88.5,14.4541625138963,14.8726725202014,12.0987211085749,13.5915000150959,13.0009735198615,12.4292839805206,13.0558980112145,13.3525538878158,13.8923366813582,13.2348458434454,13.4413113228574,10.8724091817883,13.7684248887969,13.5950081749759,13.0814165120727,13.4082163650638,13.7430509765815,13.6740592519538,16.4281325345243,14.3877773256542,14.5571287610121,14.3115391241089,13.5238391809061,12.7989702133034,14.0971365090003,12.6972006037241,13.2677249089612,13.530920685089,12.5028461516028,14.3841697568583,13.9184985584003,13.5844388624363,13.5606769043824,13.3077109171813,12.2741167959213,12.8762306150994,13.0430889876497,11.8581248198648,13.3907862516706,13.8680677067142,13.6180263609066,14.8547725026912,14.4723377287089,13.6332560121328,13.9593902640887,13.8609163795123,12.715051136956,14.022644334373,13.2233051886441,12.2684196853768,12.9009819172138,14.9358318344949,13.703747505074,14.1813361027249,13.7000080661335,14.2137546139029,14.6146326244046,14.4595101452683,14.0007065565356,14.6740038453241,13.2320711795343,14.1703330730592,13.6893899663885,13.2206217388448,13.5834393555511,14.4359757623299,11.760924483462,13.2370174082594,13.2935627521055,12.7439893370692,13.4255395747317,13.2268218410725,12.5752533784676,12.8292495728403,13.4959149161508,11.4860465155751,11.42132858945,10.9202703767161,10.7182986811792,12.1975458860303,11.8781618223782,11.4530225624662,12.1570693911102,13.2649970132847,24.8187918054567,12.7817241912786,12.2328638056828,12.7693357120102
,89,13.5675740163547,14.1108469245755,11.7490352329921,13.100495153539,12.2126390366613,12.0142329379705,12.6097197894645,12.758381650599,13.0475305429556,12.6559992391357,12.4977111573045,10.2748775434106,13.0748356714277,12.4362048146855,12.1371340121899,12.5458586035673,13.2045710263325,12.2557469077889,15.3118405484043,14.0423997046686,13.7600420549405,13.461986329747,12.6342249844766,12.2159630476335,13.4848986047504,11.8583580996322,12.45224762397,13.1395462960496,12.0432046507114,13.0798435184997,13.0925132087745,12.6820730492774,12.5773733553289,13.0579575714076,11.6280299137821,12.4072675444935,12.3638836798239,10.7167303631152,12.6893127989569,12.7791201173681,12.2094803567473,13.9371660127523,13.2068793176859,12.8213883582748,13.0582165718531,12.8955835147302,11.7584696184168,13.6050372133095,12.4865636996412,11.6228308676031,12.5639454556531,13.7670285720477,13.269059863594,13.0464602585545,12.7299480779647,13.2690697376319,13.7726510449518,13.8592944070326,12.8245954867895,13.4471430609862,12.5239710623197,13.4344495949954,13.1763782462054,12.8964706434821,13.4340198635909,13.7350465367557,10.9701072064986,12.5749015432187,12.2612058392004,12.1477506374426,12.8526979498186,12.6249417092978,11.9627608957181,12.6493326042714,12.585632212877,10.8229378239711,10.7246791969346,10.3925981790848,10.1612845633634,10.7237882765692,11.6240245942323,11.2362908508909,11.5728964227712,12.3216192217319,24.0021664757331,12.3976320346648,11.8333507398444,11.7014236788693
,89.5,12.6429697546345,13.4790416563839,11.3687291349891,11.8368753502995,11.1628270078954,11.325432694707,11.4134828911219,11.6781164539499,12.4602118768131,11.7280982833226,11.732411312318,9.81085884104215,12.5831965529945,11.4565244968081,11.5504609322634,12.1204236095467,12.3271522710346,11.2596373536722,14.545662996629,13.0803068494198,12.8275154618701,12.7051239996053,11.5792743276348,11.5655758268242,13.2186882016327,11.2054551622968,11.9998848457982,12.2811824051641,11.5070045612152,11.8941712414849,12.1361281157892,11.912449837205,11.7471530591791,12.1155842201177,11.2747951825041,11.8860274493746,11.9318989957402,9.57120358895133,11.5226673372438,11.4558575937987,11.2197410392611,12.7119691416464,12.0254428647183,12.04121481396,12.3802754708457,12.2757269010455,10.673127681407,12.7727103865864,12.0030234609541,11.2155578934212,12.3298178501487,12.73352698846,12.1622557650043,11.9914303186978,12.365580342135,11.8704898111145,12.6325136563424,12.6265518235771,11.494704422211,12.3634758125005,11.4156518391059,12.3272982321619,12.6442631677725,12.505200037166,12.9010466228866,13.100748437303,9.98364925143846,11.9568409784118,10.9057203083257,11.4879637005738,12.214525451576,11.7893592171833,11.8017144186496,12.1686172967886,12.0704636428586,10.3210784007469,9.48290242393085,9.81963922817863,9.02978985251883,9.4558611655001,11.4570780012991,10.5383184518971,11.4093217727457,11.7086115267686,22.8516743365324,11.4351540639923,11.1226342151735,10.6464457277158
,90,12.012327354175,12.9822282999343,10.4352918294782,10.8823177399136,10.1093485762904,10.9364568581711,10.4747204710813,10.6370950791342,11.452750812097,10.7202450039847,10.5672607082378,9.38122393860056,11.7014619291144,10.4797748325458,10.8156985821456,11.5455350059141,11.3309941492257,10.3194653865507,13.5374659449643,12.0978882695334,11.8292259802525,11.8323710274582,10.5944130965881,10.4084261414402,12.3740204252447,10.9258982088358,11.1244995847467,11.4861096372562,10.9919411979781,11.0854495790075,11.187135358521,11.6655018349855,11.3353455866594,10.8937569322721,10.2945822559823,11.2446367345872,11.3845745004259,8.72030598881958,10.9512293074825,10.4363290086151,10.7766993108893,11.0789376499437,10.5388515420609,11.330691846166,11.6172493776513,11.2516816017564,9.50815433614497,11.6953807180421,11.4197496688325,10.4895994390251,12.0183620562435,11.4530158810337,11.0275324077712,11.1303347793125,11.4387273527979,10.9119069193154,11.1991610059959,11.2238656227336,9.81560420328628,11.99906880741,10.782080867192,11.3845517064084,11.9678688079685,11.9407076726629,12.1897579075693,12.1963829728985,9.36794265748404,11.0510543420415,10.0402779268772,10.6257816145102,11.3618295205126,11.4180023224889,11.0692872402656,10.9983301884953,11.1123157958988,9.33819831903622,8.95566683429649,9.0215712109698,8.08328220619927,9.00471519381034,10.8585709011141,9.60606221135902,10.8197330779907,10.7613904731611,21.8379764054268,10.4671260565508,10.5794991427362,9.92879636916814
,90.5,11.451002283124,11.772880831812,10.1062304769388,10.4866463719476,9.03440891857446,10.6159554017971,10.1283013551108,10.3429461604021,10.564426576684,10.3726811906159,9.37671957376926,8.83987373065605,10.9467760291606,9.59548031241388,9.64253704343844,10.9057655406082,10.8510464294224,9.94262378379494,12.435101319043,11.2860133506567,10.8446182056987,11.0744538205387,9.67387854803559,10.0430926252375,11.2020095165996,10.7974384961494,9.83836105652239,11.012825618697,10.4418040948858,10.4433140207776,10.6006743090108,10.8645091703073,10.7943379044617,10.4455839390773,9.30101849468787,10.4561438083019,10.8129188784939,8.3901970009473,10.1799910551555,9.57296216437402,10.2412638503375,9.94149794402261,9.2074200999237,10.5062900362327,11.3520186075394,10.5969919263219,9.02312946518077,11.3324560456876,10.7041358987387,10.3085040299123,11.5415479885007,10.0536629421136,10.5744912717508,9.9360672616794,10.3822499871641,10.3610075496014,9.98516955218309,10.522841914898,9.11493824956062,11.2236873338202,10.5621039947029,10.8800709272871,11.117711748892,11.3389327989184,11.1683711481825,10.917447711375,8.83157397511218,10.2090292647785,9.39651660320783,9.84603212208469,10.1808316446562,10.6414767033341,9.71312236326202,10.4385424936463,10.122412320594,8.20952713710733,8.60314118769361,8.40980205078301,7.7723861609893,8.40755321314828,10.0664366009929,8.84570985795892,10.1228897961103,9.53475882860852,21.1190088045693,9.68922904492069,10.2190719272105,9.07887171432918
,91,10.5500447374993,10.482367488312,9.85119089286735,9.48698280374396,8.07942042724625,9.74585014992653,9.20090697312389,9.75718600712202,10.2809582822753,10.047405353758,8.51937897048896,7.81301834541893,10.212451332097,9.13063376721072,8.67097744801572,10.5199440993553,10.4794064446041,9.80438428436173,11.8740079569003,10.2663497013925,10.017677556235,10.5823392843358,9.137744525605,10.073659995732,10.3863391249419,10.514596077882,8.64116671755448,9.88893045760392,9.64746945333513,9.8489141036855,10.0317660211809,9.71737248685412,9.95343036820464,9.71405623925273,8.5109147417524,9.48436242801398,9.92926083916853,8.12483252236768,8.85850329804879,8.93058866638711,9.58760788462143,9.36041458202584,8.41603785272139,9.62619608687032,11.2413750547052,9.93472670693143,8.41514803180979,10.7737118550685,9.91967463777041,10.1617757424457,10.8895657526272,9.33780320428974,9.78849134136283,9.08462827212327,9.75260320725187,9.6241860328845,9.06911364623818,9.62860361901096,8.92656124649591,10.1020387853479,9.46212550827698,10.0317140287968,10.3252775196197,10.2114187037918,9.45645622411473,9.54049749370853,8.50626834409582,9.85701776286521,8.85517493569739,8.91395780652226,8.85132408399829,9.20941848270616,8.47396348010983,9.82551420941309,9.44576456138407,7.72618233120028,7.66152142646695,7.56268423803806,7.28006237510203,7.78191453226333,9.19677623582004,8.0450858964038,9.70340823608103,8.71026289602156,20.0906786755577,8.50394058303925,9.33503622805949,7.89058492528994
,91.5,9.76285096035394,9.68588158906323,8.89798145242622,8.46276030599324,7.92606708255391,8.85637682903729,7.84333259356242,8.321158385437,9.69357214556339,9.38308779904719,7.69040725940516,6.99330827988462,9.16734406230756,8.61103223841064,7.8013121566504,9.7609254177446,9.51613395351382,9.25432217096699,11.3902380412407,9.52290672356128,9.05102721903643,9.5409741106144,8.42203889697998,9.3252702481069,9.31348216125582,9.7618471672294,7.79399112712531,8.31086674569553,8.70451422737813,9.39625641476499,8.85084186533567,8.96429245234543,9.11115262698775,8.65439417762593,7.64773587492402,8.61307265127601,8.83007096974029,7.71344885381222,7.92737336454832,8.64993816820436,9.28805631261292,8.64327145937904,8.12332631670944,8.86793398469348,10.4124199838699,9.15152103146022,7.53597724482302,9.54308291459591,8.97636235480758,9.309262812697,9.43461088287989,9.22333890555967,8.88300572900437,8.42548694287296,8.8028936694447,9.03342255755308,8.22959365793059,8.21066061792868,8.14585788494981,9.28459709485207,8.25925124472315,9.02984990734024,9.33148767826276,8.93613747621259,8.11307206208494,8.5262325863917,8.32955249467182,9.0213706054185,8.41817940113737,7.73397947447842,7.8579459752616,8.28723763666994,7.38312148127392,8.5443065701208,8.65691052570003,7.3036129698034,7.22035814257873,6.83037183201435,6.605605976199,7.63040542439882,8.25065372390816,7.20422528054473,8.92508150776894,7.86028124779045,19.2741490297235,7.25289639638788,8.67763587089718,6.98209634725799
,92,9.28195213159893,8.72460717448951,8.14877385298297,8.11140976034216,7.93429205209907,8.18105356233457,7.40608673406012,7.04193868233392,8.97744119585713,8.77109228956226,6.83267975937218,6.47432216337268,8.35787986709022,8.05074228489696,7.26168596965613,8.73804597005687,8.93250010783447,8.51890485050006,10.2705047261942,8.98062299605363,7.83387806530794,8.54538523678548,7.56243502559408,8.36867044833247,7.90112686174314,8.75735313451008,6.88595371883412,7.10597517899072,7.98444513128601,8.8743196169313,7.64517561889954,7.91283429876592,8.60894736785144,8.16336471431293,6.56771945025179,7.7266461286149,7.84644382190208,7.67921650009924,7.78157192267292,8.47650908267599,9.07016481781119,7.91349952062512,7.98086504504568,8.01983948493864,9.21430448258155,8.5816960277607,7.46008643080131,8.67194005418787,7.81267545263876,8.40440176866963,7.83408150136796,8.80734849268822,8.64460205029468,7.74145552991388,7.97540524359454,8.88946960359459,7.27647764411711,7.67966754528669,7.82156324891071,8.3599534679845,7.8714146641932,8.32534468144797,8.15259966114212,8.66607111243025,7.56121935581109,8.04397073512558,7.87788313270238,7.93395040182799,7.9551515711841,7.32449426163993,7.11625696519297,7.53229263557273,6.15532858288088,7.59712937432545,7.76872702420667,6.45955684256438,7.07921824436153,6.73296534283952,6.12150814456282,7.34063597758274,7.55224327223243,6.75253609864967,7.74957661508887,6.88512541342652,18.6973603477093,6.41011580836016,8.37504791594421,6.49647025901231
,92.5,8.6736866774595,7.78680559185545,7.57774838992987,7.84897862939897,7.79898150166491,7.09669262010414,7.33647920327905,6.42536319355617,8.10126184612932,8.14864826825686,6.62222979300361,5.78788731639173,7.62177722700324,7.62416811223642,6.93461466629878,7.93909299979254,8.5762032461846,7.68942288703232,9.23984677253702,8.47970159260939,7.28138067766236,8.06014776358541,7.12466777395036,7.71945550802997,7.27002418737987,7.38033505102607,5.98128698975444,6.16114167820535,7.13478929309912,8.11290298615427,7.26344363486646,6.78204360566127,8.10495551354268,7.91270930785271,5.75651646885103,6.83531747902856,6.70824490118815,7.37861845547809,7.10235341661632,8.06671520932093,8.21155845408225,7.74151689563053,7.77154687844325,7.27079680760403,8.26434014075596,7.94276050352869,7.55237410264863,8.26653363494654,6.86038313019139,7.52027894535007,6.83185237506871,8.12941238579896,8.24934386067446,7.3192816398913,7.57860013834045,8.47507372780228,6.28523286625989,7.39289852372906,7.86707188150871,7.08262591230948,6.99326884457798,7.63390897053631,7.57223956954698,8.3031945631102,6.73763073372487,7.65134041673434,7.37470950959192,7.31308900442411,7.30597083238376,7.08427389519994,6.69132736621327,6.66283702696904,5.00389687900082,6.8669017542079,7.02373457375137,5.73680408676205,6.3058378562821,6.29216792267965,5.5580237248721,6.23822132945884,7.14513405950055,6.4371753358617,6.77307049528889,6.05235449638798,17.366502830138,5.84074642218997,7.47551623778662,6.12788528188185
,93,7.91577991995939,7.68559807764359,6.77846909747791,7.39560646478384,7.87887476124376,6.18544518656415,6.93285003894061,5.73869741909181,7.32758062209155,7.3083223264137,6.67866852294139,5.47221744329158,6.35442284304372,7.40586396268503,6.52520311817347,7.30896889017339,7.43124920579771,6.64291264678116,8.43374717878089,7.65906626103759,7.07708727307045,7.33501342162344,6.77348912674807,6.99608336300798,7.30698206138288,6.14429220183069,5.7078229287593,5.18202748550749,6.63557875048912,7.00642261300635,6.42748120544536,6.01781029002927,7.3579939570343,7.24662430110487,5.05162090795125,6.45921205720254,5.61504061499386,6.81639746052099,6.37126972890059,7.23952184993323,7.07766323205556,7.30471087407904,7.90165825361885,6.57925882608458,7.18227727418935,7.37166266623194,7.33730859751677,7.2376861136745,6.37827066088107,6.30131134686951,5.63961182561695,7.59307389955455,7.48207028275391,7.16244416605571,7.25448757156795,7.718251263409,5.43761861420023,6.4415310489087,7.12049134524136,6.20152296464124,6.0948726955354,6.71860971587262,6.72054777789924,7.90808664123682,6.08738670316797,7.25559475906783,6.460619406528,6.19390868036658,6.8629742867634,6.35717747641394,6.88762201442773,5.91141491926277,4.44024767454493,6.12185105009661,6.43547756630477,5.19645169851083,5.65718781466416,6.00533618192816,4.99541813620181,5.49140467430783,6.70907349803417,5.59000622154082,6.20942105307154,5.60606859869517,16.0596398573373,5.32213083735189,6.52719155737412,5.86540273822408
,93.5,6.93802584352238,7.35010525048557,5.12842245164205,7.1435643010945,7.68065712953393,5.29898271329819,7.07390817226724,5.86094419097111,6.07098715524654,6.43537634487785,6.82958661679049,5.3561720779079,5.07485087862369,6.63109982525856,5.96247954337122,5.89856401709011,6.30699458508639,5.72808991603921,7.27573197861619,6.60141463043061,7.25418767706634,6.44720771990615,6.15072666928171,5.51779604268222,6.59275639200109,4.96621468820149,5.55058083899422,4.48045722025228,5.97787154886981,5.81616346176509,5.86023983682526,5.76831896902775,6.28683162815304,6.06772492182654,4.80987933241352,6.24465183416976,4.48815078029037,6.09575779414808,5.46632611900179,6.26661701283501,6.42041063970822,6.77505001284516,7.65933552355358,6.1804968544626,5.81843639308312,6.6119200499283,7.06623814640813,6.0303497361399,5.81919818436188,5.64040629682165,5.52033127677487,6.82546167775871,6.62538117212642,6.89582827701605,5.98276745933816,7.04400756444829,5.05309343222746,5.77927795490154,6.186412852827,6.10139163138541,5.76166462659972,5.97691069900469,6.39445923770325,7.39122220695327,5.21253414761395,7.04130145566006,5.58849684218103,4.93851664808818,6.44890801091748,5.63740300896217,6.58612761068076,5.57900883714234,3.64264770953787,4.33375133358453,5.85794933033048,3.69067585774997,5.37172651613059,5.21081378138115,5.09505622439889,4.75510797523697,6.29989733460997,4.91033502377985,4.68800327986474,4.6026757416459,15.4958593021026,5.4131950060862,5.84608325376513,5.73785510258239
,94,6.551297610836,7.1670203001886,4.45381836349344,7.02733814416109,7.3601808392408,4.72830450064646,7.53728579423313,6.34100838397677,5.14805213260917,6.01636677301099,7.15809373308235,5.25356672691549,4.50302979280599,6.28062056760467,5.79922441932649,5.27893469124876,5.948828853387,5.2429291853835,6.57118130893076,6.0932788410035,7.53975313312054,6.16235432488537,5.95733287519721,5.00465998676907,6.42770277839907,4.1288775598394,5.22746686131319,4.43501173070081,5.48212956338989,5.20365481281203,6.1154783645772,5.60019285948232,5.98971087978174,5.75291417655603,4.64736550387579,5.99422133503572,3.93004722439446,5.62978270846247,4.77829423544677,5.60974234681879,5.87039567359892,6.64955388951057,7.13918991680316,6.02390521975485,5.19867258037897,6.22261630157811,7.08140492397143,5.83707128375363,5.7343878548262,5.28159863174358,5.63189594319761,5.98851325644955,6.16435124505927,6.81982248222607,5.57454234093024,6.53889221044642,4.47683674217149,5.78026373679506,6.01699318672291,5.86716908193898,5.36624094857279,5.77494755515039,6.51011981348017,7.20845428379158,4.76706555297892,6.76984280265953,4.90830696719178,4.52045981077271,6.2098505520205,5.56510867466301,6.57109804165231,5.37759366978679,3.07804802043734,3.71166121615619,5.630047939088,2.78621469302834,4.88022610212306,4.62090223764471,5.12137337774431,4.09153801505641,6.23648232109019,4.59247635613696,3.99205077997459,3.99759596001991,14.7000190548476,5.49793384285175,5.09553658149019,5.92736582133909
,94.5,5.60652707740002,7.17864810074479,2.45006354801109,7.12466284989699,7.05457052034069,3.9813135355347,8.73818248011202,8.50644472965865,3.8109920438763,5.80789848842574,8.45680775970783,5.01387340933314,3.87554451802401,5.6624955767083,5.49390774375252,4.03368198508963,5.95632024121358,5.14203766119255,6.08849824780208,5.50566166470509,9.7291438234966,6.2177893311943,6.12399562348952,3.89385559943992,6.0168986799348,3.47553198890665,5.27532392356994,4.43729612321658,4.65706444065313,4.63730078132619,7.43239906604839,6.89522232901703,4.89664696062431,4.36660828591107,5.4284910003089,6.15435993911137,2.75277221807437,4.90051440618186,2.92973224090042,5.11133845698822,5.83966845304889,7.36041587678437,6.39395219296898,6.5270531326355,4.65972879975419,4.99027146741321,6.72975939587542,5.38333657929024,5.6421537068926,6.02252394767254,7.91295247065659,5.61685007704864,5.1405422372751,7.27405308526909,3.72042370321782,6.25622935423894,5.26439442250273,5.87715829995807,5.54811448491665,7.21047722857725,4.73685447150729,5.67000961820025,8.42439382977807,5.96545246282591,2.83679962590509,6.63241504960462,5.25738486000574,4.59944993254811,6.45011524060078,4.80739144390151,6.03784336110203,5.89757687883656,1.68660106939774,0.819165458432451,5.80811015199657,1.36049074664379,4.86285391775687,2.56976136813,6.58907312956654,3.41246901940264,6.45178080845847,4.56402157504039,2.01528627807221,2.57878421643613,15.6995164294578,6.61818287483874,4.50189898064303,6.17282357566216
,95,1.9245800505135,2.95117726923672,-0.0493865191344298,3.06379903682358,2.89813550516772,1.38014888249143,4.25774670667414,4.66116843905689,0.93530241157697,2.35542895535832,4.20077198165205,2.039725469335,1.45244961935481,1.99649491654731,2.13192057110246,1.00097486921425,2.56993659407988,2.2494689534322,2.37420264500605,2.09905775411727,5.25385034433072,2.61832258232351,2.57939863183816,1.05098772181907,2.16331073333765,1.19480794846078,2.32159789740814,1.80871926160125,1.50206546824279,1.78357684708351,3.77802851201358,3.66798250852156,1.48396952656589,1.09555447960952,2.8072844688395,2.74694116688465,0.591688449239427,1.6874573644061,0.23854785252729,2.05053441072067,2.63577108952444,3.49646688596476,2.2768145751445,3.04515326198089,1.65214418173213,1.48362625223911,2.64751427659195,2.01209406006001,2.28602352362475,3.07529762306183,4.52934626467209,2.38086339830534,1.62096693193837,3.26480676219285,0.462442836418575,2.60027935123003,2.79620082987219,2.49613617726993,2.02148150637305,3.90629403873004,1.74943972973279,2.3489570643946,4.63294250748675,1.83665909298321,0.211587349816227,2.79084455831099,2.52989101487384,2.00697059228213,2.81863679650883,1.5989304537016,2.21276378074418,2.89764742317374,-0.044882532859674,-1.26997890518129,2.61246583410235,-0.0853137060098561,2.14025385529862,0.0324072303665162,3.64955908940766,1.2337782754617,2.84957324270511,1.98984463373193,-0.301553324544045,0.24810983075281,7.43573894090218,3.40052911788297,1.80976931292247,2.74684444977345
