,Temperature,A1,A2,A3,A4,A5,A6,A7,A8,A9,A10,A11,A12,B1,B2,B3,B4,B5,B6,B7,B8,B9,B10,B11,B12,C1,C2,C3,C4,C5,C6,C7,C8,C9,C10,C11,C12,D1,D2,D3,D4,D7,D8,D9,D10,D11,D12,E1,E2,E3,E4,E5,E6,E7,E8,E9,E10,E11,E12,F1,F2,F3,F4,F5,F6,F7,F8,F9,F10,F11,F12,G1,G2,G3,G4,G5,G6,G7,G8,G9,G10,G11,G12,H1,H2,H3,H4,H5,H6,H7,H8,H9,H10,H11,H12
,60,37.1158421159828,43.6682576997043,40.1722612757362,42.9345049753588,43.5616238394291,43.0087394819784,48.3206164932008,44.4671073922427,43.1163593839112,48.9519809922158,42.0579408869919,35.5759080933738,37.7102285828423,45.4916099303241,40.9213884267665,47.5882223711646,43.7355022827994,41.9418997959403,45.6778497765868,47.6534726497341,45.3197040479051,47.4530236101439,39.270273371463,37.2772184535218,43.8419586351768,45.6477529928477,43.4250281477121,44.4700871189468,42.5700384109289,45.4436144489614,45.957235973935,40.635458333878,41.1998588215472,39.6916834859549,36.6076733663369,39.1480141526099,48.2307049135848,52.950927978092,40.9003583802084,41.8258399088218,44.1075836450188,38.9811230782011,45.5228296684243,43.5702049729903,34.5862307637765,38.5180231609863,54.5814708167781,48.9121869555099,43.9101320048478,44.3003408168347,45.0672656395786,48.5282310435132,46.7396707886467,40.1233954236277,44.9928174399226,44.0012239689709,46.6836076336972,37.541438308285,55.7641228232379,53.0897983426582,45.6816250341362,47.0341872344468,46.5307262529398,43.6233889793075,39.5958580054526,49.148973998507,47.0891161613174,37.5697935557807,22.6545829386196,40.1925373693737,47.9840391788847,53.0759931010538,42.8443988322394,44.7290564644902,43.487332793748,42.8699735931539,42.4695900268414,45.3753101696627,41.1683708667572,44.7163666854667,44.1343388866203,34.3769895808653,46.3872376297323,52.1743910807129,39.2849030096129,41.2866643757277,43.4837435967524,38.7676165587811,44.2724248021536,42.959855169858,28.0238403472265,43.4573558955724,41.5946243264457,30.7423949580004
,60.5,80.4176579179632,94.6145583493596,87.0398994307618,93.024760779944,94.3835183187625,93.1856022109516,104.694669068601,96.3453993498611,93.4187786651389,106.062625483133,91.1255385884804,77.0811342023101,81.7054952628232,98.565154849035,88.6630082579925,103.107815137527,94.7602549460678,90.8741162245387,98.9686745159356,103.249190741089,98.1926921037937,102.814884488645,85.0855923048362,80.7673066492953,94.9909103762168,98.9034648178369,94.0875609867089,96.3518554243872,92.23508322368,98.4611646394169,99.5740112768578,88.0434930567349,89.2663607800187,85.9986475529022,79.3166256270647,84.8206973306535,104.499860646101,114.7270106192,88.617443157118,90.6226531357797,95.5664312308766,84.4591000027685,98.6327976149219,94.4021107748133,74.936833321517,83.4557168488061,118.259853436352,105.976405070272,95.1386193438377,95.9840717698062,97.6457422190881,105.14450059428,101.269286708734,86.9340234178587,97.4844377864988,95.3359852661067,101.14781653968,81.3397830012834,120.822266117015,115.027896409092,98.976854240628,101.907405674636,100.816573548034,94.517342788499,85.7910256784789,106.489443663434,102.026418349522,81.4012193708575,49.0849297003424,87.0838309669789,103.965418220918,114.997985052282,92.829530803185,96.9129556730629,94.222554386454,92.8849427851665,92.0174450581555,98.313172034269,89.1981368779752,96.8854611518445,95.6244009210109,74.4834774252083,100.505681531088,113.044514008211,85.1172898541615,89.4544394807428,94.2147777929631,83.996502544026,95.9235870713323,93.0796862013592,60.7183207523215,94.1576044404071,90.1216860406323,66.6085224089989
,61,74.2316842319642,87.3365153994089,80.344522551474,85.8690099507157,87.1232476788575,86.0174789639534,96.6412329864027,88.9342147844889,86.2327187678188,97.9039619844305,84.1158817739802,71.1518161867477,75.4204571656812,90.9832198606478,81.8427768535296,95.1764447423338,87.4710045656011,83.8837995918836,91.3556995531696,95.3069452994666,90.6394080958096,94.9060472202873,78.5405467429273,74.5544369070399,87.6839172703521,91.2955059856956,86.8500562954237,88.9401742378959,85.1400768218584,90.887228897923,91.9144719478686,81.2709166677571,82.3997176430923,79.3833669719097,73.2153467326768,78.2960283052184,96.4614098271699,105.901855956184,81.8007167604183,83.6516798176447,88.21516729004,77.9622461564018,91.0456593368508,87.1404099459833,69.1724615275559,77.0360463219749,109.162941633556,97.82437391102,87.8202640096963,88.6006816336655,90.13453127916,97.0564620870271,93.4793415772929,80.246790847254,89.9856348798435,88.0024479379465,93.3672152673992,75.0828766165691,111.528245646476,106.179596685317,91.3632500682736,94.0683744688947,93.0614525058759,87.2467779586161,79.1917160109035,98.2979479970163,94.1782323226394,75.1395871115606,45.3091658772391,80.3850747387496,95.96807835777,106.151986202106,85.6887976644803,89.4581129289811,86.9746655874942,85.7399471863091,84.9391800536819,90.7506203393234,82.3367417335173,89.4327333709334,88.268677773239,68.7539791617305,92.7744752594666,104.348782161424,78.569806019226,82.5733287514568,86.9674871935044,77.5352331175607,88.5448496043068,85.9197103397162,56.0476806944489,86.914711791145,83.1892486528898,61.4847899159988
,61.5,74.2316842319592,87.3365153994205,80.3445225514736,85.8690099507271,87.1232476788548,86.0174789639466,96.6412329863947,88.9342147844879,86.2327187678245,97.9039619844252,84.1158817739831,71.1518161867371,75.4204571656744,90.9832198606493,81.8427768535287,95.1764447423459,87.4710045656057,83.8837995918882,91.3556995531767,95.3069452994744,90.6394080957948,94.9060472202964,78.5405467429346,74.5544369070301,87.6839172703369,91.2955059856938,86.8500562954243,88.9401742379107,85.1400768218571,90.8872288979387,91.9144719478638,81.2709166677651,82.3997176430817,79.383366971899,73.2153467326837,78.2960283052141,96.4614098271732,105.901855956186,81.8007167604103,83.6516798176456,88.2151672900341,77.9622461563997,91.0456593368415,87.1404099459944,69.1724615275537,77.0360463219665,109.162941633551,97.8243739110137,87.820264009704,88.6006816336585,90.1345312791564,97.0564620870243,93.479341577289,80.2467908472497,89.9856348798426,88.002447937949,93.3672152673994,75.0828766165664,111.528245646482,106.179596685324,91.3632500682811,94.0683744688913,93.0614525058702,87.2467779586027,79.1917160108912,98.2979479970027,94.1782323226312,75.1395871115567,45.3091658772405,80.3850747387366,95.9680783577749,106.151986202109,85.6887976644828,89.4581129289872,86.9746655874785,85.7399471863059,84.9391800536787,90.7506203393255,82.336741733508,89.4327333709441,88.2686777732285,68.7539791617232,92.7744752594592,104.348782161436,78.5698060192119,82.5733287514402,86.9674871935001,77.5352331175766,88.544849604295,85.919710339723,56.0476806944589,86.9147117911448,83.189248652888,61.4847899159927
,62,74.2316842319983,87.3365153993277,80.3445225514749,85.8690099506377,87.1232476788764,86.0174789640175,96.641232986455,88.9342147844764,86.2327187677897,97.9039619844859,84.1158817739702,71.1518161868203,75.4204571657453,90.9832198606371,81.8427768535526,95.1764447422452,87.4710045655568,83.8837995918352,91.3556995531285,95.3069452994339,90.6394080959049,94.9060472202173,78.5405467428725,74.5544369071254,87.6839172704658,91.2955059857049,86.8500562954066,88.9401742377797,85.1400768218662,90.8872288978109,91.9144719479227,81.2709166676973,82.3997176431649,79.3833669719845,73.2153467326148,78.2960283052637,96.4614098271459,105.901855956169,81.8007167604678,83.6516798176365,88.2151672900793,77.9622461564056,91.0456593369092,87.1404099458841,69.1724615275552,77.0360463220211,109.1629416336,97.8243739110669,87.8202640096467,88.6006816337317,90.1345312791627,97.0564620870462,93.4793415773158,80.2467908472952,89.9856348798478,88.0024479379149,93.3672152673955,75.0828766165819,111.528245646428,106.179596685272,91.3632500682108,94.0683744689225,93.0614525059325,87.2467779586998,79.1917160110036,98.2979479971032,94.1782323226869,75.1395871116001,45.3091658772296,80.3850747388342,95.9680783577346,106.151986202094,85.6887976644589,89.4581129289422,86.9746655876081,85.7399471863316,84.9391800537253,90.7506203393132,82.3367417335614,89.4327333708504,88.268677773312,68.7539791617814,92.7744752595225,104.348782161352,78.5698060193229,82.5733287515673,86.9674871935288,77.5352331174518,88.5448496043814,85.9197103396682,56.0476806943975,86.914711791153,83.1892486529005,61.4847899160543
,62.5,74.4080877093213,87.4789128017096,80.4729516941156,85.9460339624009,87.305812933206,86.1544577209961,96.7440707394342,89.0750770754244,86.2762595873603,97.9503993684009,84.2773458766287,71.3349670234543,75.6732924554087,91.1535296245065,82.0606579745547,95.426202933867,87.6666094054162,83.9867841195353,91.5127890795402,95.5759781017598,90.8460587572265,95.0744901658863,78.5820413992226,74.6716589722098,87.986636277494,91.6956695135787,87.126507730633,89.1732873119356,85.3745102029834,91.1387610274035,92.1529391463237,81.4625370745812,82.5765547401379,79.5707423026665,73.3380062895819,78.4874669954395,97.2834430366553,106.821253597378,81.956432611707,83.8229755761099,88.3427091749493,78.1078545662504,91.1875990523938,87.3297555581971,69.3093001507962,77.2042521372048,110.313285207634,99.0093917115981,88.0063182076549,88.8443879804659,90.3167412763801,97.3131091050795,93.657771358407,80.3340177033424,90.1429147091321,88.1754581954158,93.5008469327111,75.2303908181218,112.701695052394,107.326934594764,91.5565933259834,94.2563604547947,93.0985097978662,87.376850615881,79.3257231339694,98.4060476404823,94.4097020326949,75.3549825976372,45.6135786754883,80.5868422764902,97.0725502039595,107.320046305668,85.9080397669889,89.606144623215,87.1722669499202,85.9573550680532,85.0180618450261,90.8636319512786,82.432691357172,89.6115083523273,88.3820245960117,68.9600549064651,93.887538242198,105.536948346946,78.7420754910638,82.8162383424742,87.1522096337094,77.8148339260983,88.8323628299902,86.0945330836339,56.1946117097036,87.0977540505683,83.3217371745682,61.7589008634704
,63,73.4163842912817,86.6503761501497,79.6848277493505,85.693161069318,86.2110673750312,85.4208595361597,96.1598591402653,88.285104983026,86.0886195456831,97.7653608771136,83.3944377287041,70.2943230833414,74.1299640188745,90.1166690445018,80.7338634792079,93.8633262555168,86.4918625030225,83.4121104805131,90.6702453242694,93.9814230099489,89.4694382450975,94.1155792264024,78.4526717068129,74.0357488109476,86.2015029359407,89.2590900734133,85.4612080267414,87.8045678986425,84.0373768507143,89.7036203185785,90.7780845430016,80.4542740245968,81.5871891456998,78.423173882476,72.6897844259411,77.3797413953794,92.3522780447045,101.301308803085,81.0964761885766,82.8571123690317,87.6939114427357,77.375951429372,90.4239630235538,86.2231196646128,68.5373099166034,76.3482663771629,103.349151826731,91.6923437543405,86.9989468594129,87.4615672267989,89.3326921070052,95.829216472383,92.7232482296354,79.8510375039918,89.3592593357364,87.2459585350664,92.8286851881967,74.3826814596703,105.463832609022,100.315252948997,90.4081969681824,93.1627658638395,92.9447933771119,86.6648908859106,78.6346105233797,97.8738781889838,93.0675273000656,74.0907122890987,42.9690918469073,79.4112534648129,90.2853977186471,100.120900646271,84.5692302546584,88.7704356765917,85.9371569792349,84.6151701800802,84.6070710293177,90.2860957594924,81.8584175787535,88.4750303198268,87.720205319373,67.7240720973646,87.0281045498493,98.2014885536641,77.6321573074754,81.2677758069067,86.0650456026128,75.9788011179676,87.0378441211053,85.0735818009748,55.3834958291957,85.91233117042,82.5074022365786,60.0416346109057
,63.5,70.6225022849555,84.6421520748434,78.0898782559211,83.2094321270506,83.8127917073095,83.0541627514988,94.7023183399883,86.0600737463408,85.1460672657088,96.6254522132833,80.7550609680413,67.6084076582624,70.9887562919307,87.9812760401694,77.9321739400596,91.0256404488387,83.8935772286518,81.6772262011045,87.9145132448541,90.1966237721012,87.6686262259327,91.63374538474,77.235222073152,72.122790732343,81.933660389835,84.1973227785672,81.8790398876415,84.5514151614468,80.4803991272183,85.8163578324177,87.2166484019729,76.972184719232,78.7998732567467,76.1303722150878,70.5404823958459,74.6760892631416,81.5072380086287,89.1878791756984,78.5570029159564,80.1323595634324,85.213565698203,74.5779818856381,87.9686121026427,83.5394980420092,66.4802284975856,73.1400413787412,88.4819673369196,77.4085023627985,83.7772436982682,83.6705574569892,86.302833985965,92.0475499224215,89.4311277199038,78.4728720422813,86.2329597961259,84.2954840119214,90.2159174688052,72.2548638132059,91.3028269830894,85.9936108534188,87.8219106578242,90.4656136418982,92.1585581763743,84.5678876088932,76.1367239778647,95.7753523343595,89.7218479650694,71.0838778097823,43.9477690359713,76.5553668670814,76.8196032253931,85.9738268948737,81.8569882579902,86.5998628959276,83.7913158732551,82.1117364567399,83.3095647301864,88.215320966053,80.7356801673827,86.5783334466166,86.1298662920428,65.1099427543861,73.4390461988053,83.8676581431855,75.9422056162684,78.6142631407174,83.6205270259366,73.3952892901934,83.7110425700421,82.5505242332044,53.1276699052266,84.1113182580007,80.8577121716783,56.9258714219643
,64,68.2941688069259,82.5383239380608,77.0246268473982,80.9861216939667,81.7127957606003,80.6091425819204,92.5167719053393,84.0328756013355,82.7718136231349,94.6294619476387,77.8568643267383,64.2917756197608,68.3971009614393,86.2568429025337,76.1314966745119,88.6462832614222,81.9149142936035,80.9109050573275,85.4032953050589,87.8140587037553,86.531923726599,88.7309816839013,74.9493232991247,69.7082493732494,78.8256285388204,80.2562750124291,78.7393448060229,81.5049507754118,77.219639089097,82.8922178744563,84.3746256471011,73.6501098992642,76.0041039967409,74.1201153242735,68.03478609696,71.527032801152,72.4364494418245,79.219481829613,76.1476119867234,78.0529805615545,82.961321295272,71.3561631279638,85.5910677479933,81.0825656697164,64.128742899595,69.6478749520663,77.0440280905237,66.4980057168259,81.0257846465709,80.5740352802172,82.7188310119675,88.871793130005,86.4113160275631,76.9136555031866,82.9506748991148,81.0876718793052,87.593011934302,69.8880803931427,80.1380057630532,74.7136050477387,85.4367010517551,88.0443869688761,90.1892102695876,82.0684953817881,73.6263879854466,92.9002787696004,86.6637831514963,68.4394817901225,50.7900790812928,73.8015185880411,65.9015921541919,74.9374074960023,79.6314415184311,83.5741057250766,81.1155597618636,79.3341781647032,80.8342043448135,85.4877309773674,78.6659983654356,84.9976037606582,84.5474327844524,62.1703483058111,63.6520929529295,72.9236379509198,74.2832927256179,77.1636577173965,80.535207939856,71.465743506629,81.1162364063418,80.6033917599154,50.0822309113062,82.7406648656702,79.8134730597944,54.4078255640277
,64.5,66.4013707622851,81.0140726252073,75.7065604449806,80.2797183042987,80.0429819042904,78.6043142030194,90.4326236649611,82.5057012206237,84.0455566903029,93.2019864965825,75.2057665892928,61.1755697913748,65.5282287278835,84.2665768020277,74.6484167211815,86.6059209044117,80.560822128218,79.6118535932731,83.8767871730768,85.9226183130072,85.0791377274231,86.3729111816122,72.4318852925089,67.3711019789837,76.2878337497411,77.1184362250367,76.3294325507759,79.7005697983643,75.3852526369565,81.166981090003,82.5464258481302,71.6404951295872,74.2463462016885,72.3497377084811,66.1539190325652,69.1937622153334,65.054118723553,71.0279443663724,74.30623327431,76.8171011288512,81.3555548298161,68.2742566681993,84.0252203224968,79.525746692686,61.3780015210361,67.5983793054547,68.5613042545828,56.7867432018217,79.4644999340712,78.7121452198244,79.5084060877582,86.8319319869049,85.0090419860708,75.376490616479,80.9326951503931,78.4935152324515,85.2814998102133,67.5486885393675,70.6345759630036,65.9954329366069,82.5834591841351,86.0073296397711,87.4721804047063,79.708885402579,71.000446192128,90.3674601135194,84.0783734966701,65.9847956808403,56.356827174526,71.2686173549689,56.4027615253856,65.4312291977744,76.7557232168101,81.4072821892491,79.1302631484934,76.5648946169806,78.541881929486,83.3464683143902,76.486490995771,83.0987679798293,83.4305338909044,59.1044810443459,55.0433044756478,63.4113683486479,72.2401170204801,75.6498927730506,77.5518555728029,68.8391902046715,79.1899503127245,79.2254207827673,46.0562575814911,80.7236194230898,78.7907106241728,52.282559540547
,65,63.5364973498567,79.6303666260173,73.9261521531935,77.8544392678875,77.7693058757063,76.3599518643625,87.9588525123829,80.5444730748536,85.3876648901016,91.0365364952659,72.1764325196539,59.940103610634,63.3845119550535,81.4233360897538,72.4530611235166,85.0184016064554,78.784308170548,77.0384714087631,82.1554428238753,84.0982245217565,84.0466419483585,85.1420402504095,70.1986769180398,66.2353286368846,73.8224431693816,73.8836916858982,74.2064822292102,77.9598669840107,74.0622118778695,78.7862811587675,80.3720293029442,70.2593195574036,73.6401068927712,70.926339966875,65.2863924818464,67.4686512678593,59.2005430700806,63.3437096341585,71.6414013470869,74.8320240415865,79.0680689226765,65.397869597293,82.5362828997229,78.1469367807254,59.4805684961273,66.4015239504099,61.0123274565367,48.6660738496302,77.3059067919951,76.6986219886171,75.2830876586186,83.5775334456011,83.3061265460535,73.9126892764039,79.4157830348302,75.6849652172327,81.8563705413317,65.7731355348387,62.4764888937005,58.0125296454997,79.2648301102324,83.9806881812967,84.7594380742098,77.706778987568,68.1918026996098,87.7825467332921,81.9103839186109,59.6086647710308,62.2744386953066,69.1741063608742,48.3675172984649,56.766158998772,73.3831297669838,78.8467355646765,76.5441067277616,73.1476364537964,76.4886585269646,80.7039132534298,74.2286613359151,80.6209547750495,80.994172006895,56.388835696149,47.5274462662408,55.5641169611771,69.6438176548475,74.1233641522415,74.8914446189249,66.6497053833184,76.6794739846675,76.7048702433424,40.207503686722,78.3979249969991,77.8065092228724,51.5480121275079
,65.5,61.5020438810325,78.2088841578829,72.1434766034981,74.5201224341622,75.525901481255,73.8743470898739,84.5512594366144,78.3463815125256,82.650104496925,88.4544581266493,69.9006074194785,61.344085226302,62.865931219284,78.0718586277997,70.5243176605939,83.3848610353998,76.8328364818474,74.9429351688539,79.0493784314515,83.5075779228744,83.341739889175,84.2757914640256,68.1192890158904,66.72455561942,71.0518950359487,70.3698257652709,72.2545842883674,75.7000698532747,72.3590028385242,75.9200245079937,78.1428865145313,69.59562652247,73.9257319184724,70.8447333605268,65.609147036444,66.3303268229001,53.723077064617,56.4967925350301,68.5584534351744,72.8206878108226,76.8228259931188,63.7339429978772,81.4413044106109,77.0069496344945,59.3369712150184,67.0678658248435,54.2650190591412,41.6191412895889,75.0566833852417,74.8182505806506,70.8524801966521,80.662418946509,81.2204664252849,72.9404733496654,78.1381179223777,73.709446293617,78.5238821817704,66.1345799114386,54.8535491540725,50.3632064395283,76.2423054333335,81.8054718996179,81.2365295579118,75.5919867979806,66.6084203132777,84.7598398941091,80.8429059951359,51.9144913816458,67.7819348423834,68.3657481498296,41.1296489146229,49.3240429768924,70.300639640858,75.1764603074769,72.5154564468908,69.7355526103804,74.1539293128551,77.5637269118333,71.7442181878196,78.6247875356821,77.8138337908306,55.8373642219983,42.7752414085176,49.5629131614031,67.3526028636645,73.4670417669684,72.5588876557854,65.6961300210305,75.0634266311986,74.6471625585123,33.7957336585441,76.6317008018054,77.4733228020839,53.9737077019397
,66,62.3594155955032,76.7830916327162,71.3586618170859,73.5832604485511,75.297683645706,72.9099047726968,82.2346461062502,77.8370653460881,81.996332792882,88.2813261503413,70.0424237141845,65.7836487172265,64.6395916937604,76.5302918251064,71.3754667937362,83.3794800098094,76.8457903825017,74.7927787270576,77.8046273050281,84.2411526905962,83.7235607242296,85.5017045889244,68.8280004436447,70.7074213590008,69.5716509755393,69.3103739995956,72.9473260313928,75.7706044621646,72.851393688054,76.3536431249765,78.6847265523531,72.5249843224344,77.562669259738,74.8808259380028,68.445316438361,68.4080219760824,50.1558733605077,52.7792544338452,68.5596652758657,73.5159674442568,76.9565808191642,66.310477631564,82.4858545803891,78.6873933435468,62.3176093279569,72.7753135641528,49.5946714800265,36.1648873608377,75.5876664191849,75.2318402925264,70.4946175829416,81.779773006223,82.1669156801727,74.8189858992987,79.9594325046853,76.341303340246,78.1605598332876,71.2013253259543,48.841737964502,44.8256031917759,75.8385500367019,81.8713441620641,79.0168876778093,75.6158885983618,68.8381657482864,83.7379939092048,82.0933809321573,49.0452618858658,72.1570355721458,70.2217578056591,36.8994474143641,44.0280259682424,69.2337525278074,74.4722314257058,71.4299099286386,69.5371745766945,74.467419848756,77.8571993060516,70.5006559257097,78.4939563870134,77.0243888340829,59.7807730447901,41.0806337465229,44.7760265084129,66.3589330525822,73.8358610464959,72.1131963767184,65.7755006863713,76.1991161578048,75.4990635427719,28.2330044876935,76.7526047949659,77.7841085367525,61.3674562330518
,66.5,66.4223811867412,76.8005302444217,72.6616155887343,75.0689179779902,77.5490436333071,74.5346648457723,82.8177903870087,80.0369456888718,84.7844694275336,90.7221558569972,72.5066049506916,75.8204555659565,71.0768241645828,78.4913473770889,75.1893687987138,87.5799676095239,80.474136129737,77.7741323495579,81.2329353067882,87.7435287779817,87.2097915958107,90.8677346102388,74.5926409022454,80.7945479429056,71.030394421532,71.706206312308,77.3731595157985,79.9252929704496,76.8799282996772,81.0718487966358,82.5319750070059,80.1470221951952,85.7520334613839,83.2341266838464,75.5431965641019,75.0877625235382,50.4680363020337,52.7163882728111,73.7212540765167,78.4207348490293,81.6855231785005,75.1349112222472,86.6799164101285,84.0595809369636,70.6609434522366,84.2732339827216,47.1874103220808,34.8801772608025,79.7215987884156,79.3011422806153,75.2891607117874,86.9555433432868,87.5143297920167,82.1675387689127,86.6679847498006,84.9334977429819,81.8814055329881,82.5684287272829,45.1123889011827,41.9831850493249,79.7426982798836,85.8859508528167,80.7964144667367,80.7785943502108,76.0728551292691,86.3497668872337,86.8138115048846,51.4985628840675,79.572626193341,76.6799713816956,37.0141428130838,41.1747228616392,72.2344440165202,78.6597610167585,75.5370748084913,73.4889075093768,80.0933456696007,82.999994779897,73.2422277455109,81.6825620495333,79.9832786654968,68.852900747125,41.8842020511424,41.4157774032979,68.3285572300674,76.4942900391081,76.1934137618607,69.0976008608279,80.5452368523527,79.3996872713922,24.4833480852826,80.0174994314125,79.9835168769307,74.348340152332
,67,75.0737679924346,80.3263710165463,77.668292108528,79.6754635448888,83.1910546410691,79.965834719023,86.2853401490154,85.4176196278279,89.3324109861828,96.1190503106575,77.8330079283005,91.9172822657831,83.1307454931325,84.1627555286041,83.4543628384358,96.4709920043854,88.5087339043437,86.1589777789441,89.1145737611159,95.75681640985,95.7227962695224,99.9339615602705,85.8672564646727,96.7970962161382,76.3661918993953,77.8783569004966,86.5357526920639,88.5929718087432,85.1847699490077,89.774121437415,90.4928458965674,93.0774096828404,99.1290240789558,96.8023357407553,88.1487911762229,86.5491066693874,53.8888415934632,55.950016536518,84.1194681908371,88.0632169269172,91.6941290224213,89.6483571757904,95.8488568928512,93.3955716135551,84.5043770986847,100.519044623456,47.1999760050364,37.9158322568633,88.5199146929617,87.6787520379894,84.9889824684669,96.4747723663388,96.4626969871765,95.0058169479507,97.6752610384376,99.0158735443038,90.6143725420673,99.3666954091609,44.1414714117169,41.6422752653904,89.4063820058259,95.4681928198481,86.5685795483814,91.8969699557881,88.1618133657034,92.8469272387204,96.4983570110496,59.3033534631113,93.0291016503752,88.9877576900667,40.2983113871433,41.8143908999471,81.0224619791966,87.6110092126196,85.1511853239206,82.5775509332632,91.4854110664146,93.2841269452406,82.4014595860822,90.9793029753871,87.9416039919947,83.8070423503127,45.7111163558691,40.9815415229581,75.5467041949255,84.3191359312523,85.5120602328623,77.8039479617607,89.6345784838275,88.0222986541196,27.0503395788669,88.2866204286574,87.0975504288981,92.6423187114083
,67.5,88.9591210887579,88.3746695040336,87.8544821736871,90.9639268456031,94.683023400009,91.1978508593033,94.4349224142859,95.5990211418271,98.4905800875904,106.690207069735,85.6319948956125,111.291078143103,98.6181312139554,94.8762761734981,97.6347496187077,110.06866379704,102.584604426172,101.130506720048,102.655598101106,108.674877959261,108.676308936449,113.23358645082,101.892545973458,116.278393409662,85.9305625814011,88.8844750999738,102.171278991003,102.820382794339,98.9807305694897,104.861172117068,104.028894223407,110.986997248567,117.294364104418,115.933038206837,105.476525223734,103.772924815873,60.8130509046975,63.4818786685724,100.958553682645,104.69617655681,107.740934826927,109.600408886518,111.03764141103,109.28954501884,103.098817998043,120.64781940043,50.2902414845288,43.9281236792273,103.96042614411,103.251340447298,102.727198114032,113.467578549521,112.165783518907,113.161769529255,114.553851614925,119.596460478957,106.459066533085,121.224833208561,46.4622474997946,45.2176583648936,105.781976441409,111.905856354339,97.4992276135974,109.494776119436,105.605629796155,105.449135999059,112.4312203066,80.3685583399115,112.040704826672,106.887207736629,46.434693972669,46.0474696401649,95.9216056554612,103.051498925536,100.599849346479,98.3540443560562,107.90149711172,110.476598881122,97.7653471700164,106.51511832507,102.380418982951,104.995362281044,52.1218259428325,43.3278578825833,88.4807197057035,97.8620335667129,100.415686217166,92.0262932738283,104.705496196775,103.332456084376,39.0307670011252,102.235936518391,99.807033996766,114.05522356396
,68,106.517931672463,100.363420528546,103.487056892135,108.926937700272,111.89390407594,108.264975817717,108.331773055535,111.279589774703,114.993244193945,122.659122074167,96.6738491656372,131.947208179277,116.045290774282,110.930980041119,116.643647305118,129.896623740535,123.009491539306,121.207157361808,123.180926491414,126.643359130631,125.905829030596,131.072638759884,121.711680581064,137.989956196244,99.4209975686817,103.94046764186,123.43048273786,123.31969629893,118.540957656786,126.549003162259,123.028051812339,132.772863883102,138.430519547587,137.931209499208,125.915838007761,125.642892469306,70.9499934718664,73.8702761896701,123.962548311215,127.546935681368,128.964356109696,133.95780261999,130.986861776279,130.598971864598,124.925735017882,143.092539297753,56.5167401164681,53.9139262092358,125.747838427948,125.444817550655,127.170852534862,137.304035880715,134.080521672025,135.556239132943,137.609497332095,145.328642300302,128.277702573755,145.529443771212,52.1142804066701,52.3654258766326,128.2359662593,134.267263089683,115.427388548734,132.770356804154,126.41796232305,123.808628410348,133.546833063487,112.445034844169,136.207272424047,129.500529731285,54.8878509274604,53.0429299459081,117.03070577495,125.381563157593,123.325636316657,120.757830610947,129.371062095202,133.440690163488,119.108404975108,127.33458201141,122.954467400287,129.154261827031,59.0316587615815,48.2774440774725,107.283966660868,116.812686730073,121.291928562955,111.971182769606,125.183946236699,123.887602965726,60.6210427538203,121.20927941961,117.931483583349,137.097961340992
,68.5,125.530109794117,116.263199980179,124.114360346176,131.307450546589,132.884743091935,129.854266978148,126.837975506965,130.833693237935,135.877166257678,142.479492140245,112.320174208465,153.743810504668,133.343958648534,129.152025065635,138.410345810323,154.22114782926,147.544713161462,144.852392711262,148.643943979823,149.844043686646,147.354953312511,152.301298189031,140.080835916396,160.860273945723,116.281600954629,120.387485845248,147.630063128878,147.455533036601,142.646342397539,151.865859035195,145.456099388538,156.792375006793,161.177612799669,159.742222075997,149.016134610781,149.242238550725,82.0628184225243,84.4799076082348,149.119879664277,152.65227711964,153.92573789986,159.106366562002,155.023445475899,154.38720116918,148.334464012291,165.141567586799,64.7834588406031,65.5252781310029,151.500407985217,151.580372900595,153.607675818788,163.164938804926,158.569545645737,159.22895866393,163.252225876058,171.694281954904,153.259669469063,168.63112528797,60.3981966604443,60.550525623399,154.228402876968,160.387049044398,137.952958489623,158.40817592087,146.955225215331,145.558962255764,158.002475979466,143.283551887042,161.562460326493,155.044969182301,62.5004723090565,61.2898517425809,141.993312413315,150.416404572687,148.60845028364,146.0573979783,153.443598255101,158.588552228896,145.337402253318,152.457851554817,147.741119829553,152.508860946527,65.0145558431457,54.9312081092801,130.354111610224,139.891584768293,145.476137171301,135.436940774998,147.905912429353,146.622677207392,91.1549028386794,143.29289349629,140.876171243005,159.22380463278
,69,142.644112867264,133.986228910691,147.339158119468,155.493904872385,156.413399951937,154.148473098999,148.395815435495,152.408902031245,159.356782605307,165.319879266894,131.256458719025,173.639741132847,146.712540386858,145.505623362275,160.242233114734,177.987398934857,172.30678651788,168.745328354903,173.930632129754,174.767721672625,170.176809236326,174.968413761383,154.684832852013,181.235351671406,132.398438198541,134.889460946906,171.583257850695,171.485144480798,167.089820525502,176.540615171267,168.349471172482,179.149285966068,182.837277491572,180.460975502867,168.77205013173,172.934471120306,90.8543744258484,93.0623680009504,172.419773296649,176.625035992052,177.766722075921,180.804287636509,180.096156339974,178.484947851656,170.270397784584,184.524030991831,72.3939562796318,73.8561115109957,176.812798721233,177.942899129038,178.891823545594,187.921254353969,181.915240073821,180.770392934628,187.51430719464,195.767440524348,179.074274268838,188.999819204803,68.3673068539593,67.8292697802991,179.263167361047,185.682975302756,161.447243352878,182.45734436664,165.4799318146,169.175104853298,183.11487465725,171.151559596068,184.143832247114,179.753368218828,67.2662618539665,68.292906154361,165.51522395766,174.663835423159,171.590401323269,170.21553429841,174.997029568853,182.441497974042,172.018457041633,178.222657494192,172.915169272458,174.201713127234,69.4340474353352,62.0967000509373,154.461061309188,163.5484755975,169.391750461742,158.956517339653,170.070205364869,169.190654531345,127.805398198888,166.114499404566,166.319003085627,178.297685872797
,69.5,155.859195986698,149.441300566749,170.328391309884,179.770648323165,180.454074258233,178.383105288354,171.454184103263,174.839491264359,183.825994633745,189.595819619297,152.943702218838,190.668177489949,155.443685152767,159.625745552155,180.462331292623,199.933622487103,195.694872041728,191.393285134283,197.641457398222,198.542017682307,191.322123526013,197.465876456135,167.981394058603,198.04391901848,145.951232511593,146.534761956229,193.332409506408,194.063275962404,190.281926487079,199.939879384306,190.248616106442,198.022266549246,201.929060385846,199.011837797,183.305265825487,195.106460192512,97.3330480166104,99.6840948062975,193.401712847511,198.600438281119,198.893718412692,200.17621920021,202.6614731228,201.166872907484,186.770164343119,201.51390633026,78.6628985090076,79.5101456713904,199.50092247086,202.369973815387,202.325250164024,211.132591214962,203.374813918743,199.835610978011,210.141968428791,217.720851091527,204.152899996139,206.867964952603,74.8065997165036,73.9747600427461,202.279034331153,208.637927510114,186.099391316431,204.399113964926,183.257998174288,193.364732717791,206.805798379226,197.310167643522,204.68729346766,201.797687738357,70.6932149599007,73.9078420315548,186.810727461447,197.213673431098,191.816565288377,192.292226514786,193.923095008227,204.326955401101,196.316201665218,201.800945110024,195.848593579737,193.228707474772,72.6184152508268,68.7056722899717,176.904851795128,185.561094203675,191.356293129869,180.670932417016,190.95300354714,189.798016107076,164.373488822939,187.849878491737,190.704009535868,195.07698271543
,70,165.875043873862,161.806773282437,191.662361152361,202.347523071296,202.641185560178,200.456622208638,194.253187690478,196.094104420893,206.876495659846,213.1092445243,180.207087517631,206.748716939671,161.721671671681,170.628526770013,198.308597497508,220.630342115774,216.946792274588,211.378674664049,219.490204184679,221.382055177077,211.247001344326,218.633773627123,179.90560224702,213.529741643236,156.945199496064,155.604650025005,212.156985190505,214.175433096194,211.767291059001,221.479291063743,210.371596191782,215.04384372817,219.520449943756,214.787949084119,197.007495830453,214.450140844613,102.872888457091,105.060022088556,212.173077372136,218.174813550953,218.266447948603,218.232293624578,223.427579533111,221.212115684188,199.073462602518,217.089395715856,84.7182935623931,84.407396228244,220.363246909377,224.435670544857,222.98504981793,232.100731894444,222.336063252656,216.96417675005,230.855130812429,237.552722062245,226.412921718559,221.955057003923,80.9405375238138,78.8140330871356,222.888759715965,229.351353338015,209.690196947307,223.374532543599,199.019516813288,215.146113025148,227.619173259025,217.573994369397,222.817573172754,221.336084754559,73.1819554527002,78.9008975955049,206.244803036453,216.484592899846,209.369861177342,211.548072953146,211.547621937911,223.00194273561,218.263358494427,223.031851150401,216.496926736903,208.515696572984,74.8541834293661,73.9714832319413,197.139149101916,205.011227737963,210.783127412497,199.561705072298,209.164759546114,207.362070174681,196.092770380584,207.54297948598,212.569049303288,210.353977093456
,70.5,171.931567849068,171.159162333361,210.705167612215,222.059239338756,222.033790692311,220.047395294862,215.271419248543,214.777298672921,227.028094192192,234.491220452902,209.145731946154,221.962577976556,165.803752229614,177.433247443983,214.008435211002,237.695725161197,234.725012369453,228.525719378982,238.058063817216,241.468354757308,230.040303384128,237.51829180471,191.0149114704,228.085421243631,165.181920207743,162.272661646509,228.349619332296,231.345419698584,230.348762192606,239.506766803499,228.04789424061,230.800272983803,236.151128889331,229.216749785149,210.010989971837,231.984963009744,107.266929570356,109.196353082575,227.82198730799,234.818641838388,234.799167739892,233.402174344315,241.935429939637,238.874323628403,211.137583938439,231.829335366386,89.5819361352995,87.4572292961946,238.828182975926,243.266095159183,240.800995368571,249.760001318013,238.264605063362,231.956242183247,248.882520132815,254.567479482002,245.465259034497,235.340233637305,86.0329288247444,81.9933272117936,240.400641341674,247.181709851672,229.365363001638,239.543065108042,212.38380035147,234.022507130487,245.341173949129,231.282774356436,237.907129294502,235.132740788563,75.0054420071035,82.4169718290323,222.270500810505,232.258489371268,223.621591031543,227.217736140584,226.533543914219,238.42476056116,237.043671275927,241.401302875614,234.759721738451,222.270236734021,77.2093471353012,78.1687277310805,214.385509786469,221.39558092273,227.437606293241,215.609131345524,223.91049649209,222.326231018471,221.748428364269,225.353759391155,232.540515224192,224.080295393255
,71,174.915291321443,177.709865849643,227.492124416415,240.185691828622,239.695183148756,237.510618693971,234.479737518874,232.042265666672,245.519249139096,254.476666980038,234.814884680878,236.877309835234,167.749041331673,181.385007313391,228.090745166583,252.081407452129,250.802519433005,244.693935357643,254.264712031191,258.631155425088,246.079566550167,254.312598236935,209.172109666415,241.968147374349,170.192425500532,167.159521006245,243.463146246736,247.507308658829,246.876410685087,255.512844357531,243.944287432436,244.251892814175,251.860093673179,243.328277982945,222.132686177647,246.741928434844,110.728793986005,112.931480969583,242.512093329474,250.866571848893,249.473025063671,247.234420689482,257.896699072284,255.041892966073,222.931198703632,246.891379125438,93.2380841523542,89.3254804791575,255.23089294264,260.217758221423,257.384467449997,266.308537739509,253.190637301817,246.585338293933,266.036415369275,271.718418564002,263.378865520033,249.803513020095,89.5443277676898,84.9986842650231,257.221256392271,263.674821096817,247.729637828535,255.812725566482,226.270768924942,251.976131216725,262.538227668431,245.9945194641,253.03519461359,245.042991081212,77.5717871727092,85.2267599859309,236.264006170211,247.39234872022,236.740845328207,241.158577496899,240.023064106463,253.292140875345,254.203590727222,258.164682617915,251.550093411944,236.808743067356,79.4330573987313,81.9598619268563,229.546526326052,236.319701759172,243.498147424057,230.505446074609,238.106025225147,236.047821247762,241.380545372777,242.380995103545,251.06083084074,238.225881681118
,71.5,177.338766022715,181.562031884729,243.36097255033,258.577858032454,256.601382341752,254.356900470175,252.560060503757,248.815562415561,263.625395348997,274.335704709832,260.183781209153,252.644767158454,170.421782477332,184.704644999197,243.213033819009,268.135891556404,268.135519040214,262.18075071462,271.636026333082,276.34298034162,262.273547671164,271.060331071641,235.140028230389,257.908948096041,173.737836874919,171.349896480114,260.266680324969,264.952582679723,265.007206943321,274.056496282069,260.49834477837,259.279550373028,269.363774707567,257.015988783754,242.937160933904,260.377190717562,114.651639750211,117.355981934654,259.840209439264,269.569325079009,266.164329354707,263.979040959876,275.352685731243,272.602212623475,236.808404199233,264.494477123952,97.0332627076215,92.037821413351,274.082487581352,279.548302089625,275.891598043645,285.17383695621,270.509649100559,263.425123226708,286.206118846676,292.3031542207,282.613687765676,266.883059273772,92.7135291608055,88.1135120240616,276.619966296143,283.592044015414,267.272758992245,274.328716077607,242.20715039803,270.505430411779,281.270735374311,264.103066364104,271.550750575813,257.832594872692,80.3629560129748,88.5425100466327,252.523816337011,263.611638302735,252.052255396578,256.795653298453,256.049903367217,270.550690798224,273.0291488012,276.934751474468,269.493613903134,252.815533152749,81.0269243750845,84.9704052571003,245.565264902909,252.775104292105,260.381733611211,246.318277983262,254.234383164285,250.949722581284,258.735908864556,260.256966026175,269.909692253994,255.145078646856
,72,180.651429640217,184.937825267933,261.482691197499,279.087701553942,275.561168765576,274.337203842839,271.296537006005,266.729542923738,283.358316260439,296.632665327063,286.748587287799,271.769607450431,174.511487183668,187.854854067582,260.622677013619,287.087669765095,288.687950879142,281.777470807705,292.14195333593,297.531673137917,282.124606114971,291.081217244083,263.423718687933,277.925041290253,176.29235377685,174.90393236584,280.407174612298,285.166209395011,286.00529165386,296.089294456376,279.370630171228,278.891045784297,290.368242793907,272.984150852398,273.644810280632,278.655905230441,118.367116555919,121.093922807469,280.742557976105,292.204757211868,286.607750287631,284.064673069848,296.885606588324,294.496245048551,260.740118927087,285.948666699762,99.5154610599176,94.4297776915805,298.129143024027,303.639144268043,298.141684495418,308.223296389147,291.762601842989,283.686361103525,310.585470011962,317.048421866084,304.94837788725,287.356017012796,95.0279294063188,89.9492014626504,299.440082307118,307.908041496682,288.829644593825,296.058931030071,259.922192614596,290.793833147126,302.873199708603,285.371505742932,293.568717723306,275.373061494814,81.7084657350212,90.1845807932641,272.0074694843,282.568282344733,270.702683109575,275.567211759599,275.217793030959,290.975843638297,295.73098812787,299.309288673619,291.479242596588,272.895180986021,81.9710424854828,86.2975430222612,265.450001668819,272.555787353544,280.4479706866,265.58626216418,272.850931726211,269.268886690117,277.374418387997,281.331423729647,292.511266059455,275.928004628588
,72.5,185.185736659543,189.849693905264,283.712174047409,303.99178494948,299.080558669313,298.923680485667,293.152534685058,288.822483995019,308.231847617898,324.148368190455,313.685595458926,295.353402728132,179.348398553352,192.770021671633,282.020769396959,310.331759405649,313.678005244568,306.099614282846,317.374332652755,322.976985572899,306.032297024756,315.716954526437,295.792843373836,302.661866499778,178.810784991724,178.317404648091,305.335716166183,309.924467124127,311.244094051274,322.039241192053,303.109240734687,302.518350399232,315.54553406501,294.990778965288,307.793299443077,303.281785411211,119.425492900137,122.064606517451,306.118231636478,319.306695140707,311.101931518525,307.415768760136,322.746493532043,320.962791033959,294.152210248495,312.034752970815,99.2781998163895,94.8380905517806,326.312659249555,332.031388228923,324.533045042485,335.845190510659,317.233823196185,308.069802944315,339.954400198407,347.093819961643,332.296201417288,313.137448914826,94.5737325865216,89.820636246856,327.149907480485,336.43490212116,315.470551251883,323.455867100528,282.281638664173,315.927717761806,329.822572485343,310.967002136375,320.013849372139,298.411627082744,81.5481264002575,89.4877038046244,295.355059457158,306.795481584925,294.089838087138,298.748658347316,298.636613933878,316.493593203965,323.642106101591,326.962827197157,318.860446825603,298.407149021836,81.6901515834695,86.1345795479115,289.817556580284,297.36317155357,305.792586493907,289.880775254119,296.479783049435,292.54648888832,299.886972088364,306.955526525864,320.494105212526,301.707702351507
,73,193.77722740291,198.944918533764,310.254649418908,333.805365719522,327.827345011529,328.294016480574,319.779004453288,315.701976844633,338.801125161117,356.976317193633,343.316062804222,323.445959616329,187.445510890582,201.888859344744,307.753962749198,339.66803677998,343.955348020541,336.196892595477,348.353901011666,354.125829360189,334.685608978114,345.542231585949,331.72898082158,331.84873369915,183.576694520362,183.358763031271,334.953515451559,339.562135960521,341.934554576423,353.77427321169,331.925467050471,329.712213371616,345.158072457761,321.847471183783,346.522945133395,332.880916160737,118.916297036586,122.069287482151,336.898739342734,351.377708045329,340.890107584352,335.782045889795,353.749623302617,351.912270713588,330.771146835091,342.841656754822,97.8285094204217,93.777547651951,358.427985583504,365.455939762391,355.736873728574,368.175991288027,347.686666478469,337.311537766484,374.20582534813,383.082423505208,364.772869018154,344.381948700263,92.5256767921589,88.9670981870147,359.221322082245,369.983435574559,347.600595147299,356.820943887786,310.3220731117,346.813278491197,362.227435954677,341.527288373673,351.365684263991,333.210157688456,79.0388768429582,88.3939936543233,322.981914117982,335.878955634427,321.860627881182,327.11572527957,327.117385159583,347.257330297313,356.528547237257,360.366833501019,350.362375216041,327.701361917756,79.00278601479,84.5503724568434,317.035974424914,326.609946152884,335.13231428492,317.817927915158,325.463168764159,320.027392465974,326.67896107694,336.223123446051,351.783404701556,331.765402052054
,73.5,205.901653194377,213.085618319708,338.166532310466,365.328012488355,358.658827978606,360.217281728947,348.568600022624,344.226887031735,370.723100587772,391.743527651468,376.087770338964,354.025136725234,199.297413850264,216.951349949862,335.737650176668,372.106262228758,376.337673058728,368.046826851823,381.419161012701,388.323328889316,366.982749818814,379.069624891419,365.655767391372,363.100286066865,192.315610101806,192.340794063937,365.762081941783,371.041896589998,374.858756493859,388.155849803942,362.823779989904,360.165136048298,376.710747348625,351.855869777568,386.727013051546,369.811019628584,119.428107541069,122.729033689636,369.235727487192,384.951830635515,372.726378832136,367.233800822043,387.078982059962,385.509609039489,368.654336859487,375.533670640712,96.2961517852661,92.8941256941641,392.066253720386,400.678709118558,389.209717889632,402.728748953773,379.926562576135,368.2864744209,409.590388260466,420.222095283075,398.629994095153,376.358285761175,90.8001895358326,87.6856201100373,390.610352114396,403.901724648714,380.499116776919,391.073542085941,339.718505375505,378.936602869499,394.943373148322,373.459722565329,383.830057527257,375.310876959642,75.2445376875734,87.3569406182206,351.681966438018,365.926371926284,350.952076465869,357.287830543259,357.142527878672,378.666343087648,389.947689771725,394.514083543174,382.008586748124,358.063817428903,77.2083911327157,82.9295899259495,344.787804967882,356.299831232625,364.326361930222,346.59679042608,355.127058713495,349.020713839288,354.753403636271,366.210735981333,383.425368093124,362.269068650028
,74,222.673223051563,234.199834252833,363.852921242621,394.516866840281,387.573777525522,389.50751047201,375.943126087146,371.605131118073,400.372519303594,423.941487116989,406.47653348912,383.925709743264,215.857226543968,240.098461810703,362.718725751524,403.208257889614,406.584756889304,397.495038508923,411.955169378061,420.091681656656,397.854683482104,411.579172585168,394.233901714888,392.633381588167,208.149832105555,208.85381482335,394.070860694678,400.257315066888,405.167854425724,419.201909725114,392.382662414637,389.202922138214,405.723549798308,384.769982246622,419.549334275047,408.802552731986,123.342020773192,126.439403845648,397.907244115079,414.488397728583,402.027158931613,396.149385696376,417.254315496828,416.445721680376,403.294003252949,405.503498768559,97.2353772400633,94.8129218547532,420.882085343706,430.74534498102,419.287446608543,434.170189424812,409.387090173273,396.290251384072,440.077154839467,451.757542103336,428.493029431291,404.604692244508,92.6725540206771,89.0068306053709,417.285423010276,432.096013572097,410.000873921989,422.031214777579,366.78299911187,408.11811891826,424.512519544399,401.829891724891,412.361584571815,413.196398668588,75.4205073674083,89.2096637480869,377.844672824415,394.257522705647,377.637519877992,385.35431147457,384.9257372335,406.889658493789,418.667210313087,423.635444261907,410.894650281019,385.771103505379,80.386604087812,84.865729012194,368.990172775777,382.187364379251,390.823752308623,372.458485554204,382.384814705738,376.051000268574,379.854749879624,393.005249973137,411.197750738494,388.71081819611
,74.5,248.095789465903,264.832613630804,383.392716785715,416.82658106998,409.742123207589,410.922477680493,398.924163223909,394.043067579547,423.296621898277,447.777014278862,429.31226497411,407.50661204236,241.121199770847,272.245388279607,385.004298096605,429.459144405681,429.670746095895,420.703905016563,435.81819786005,444.728726131689,422.476801649486,437.529614145733,416.679989880058,416.205006460599,234.011357973412,235.782512907458,415.868817999451,422.634137166145,427.70588066271,442.354312263695,416.033925040105,411.116534538828,427.933239900469,413.908163257145,440.292276239583,437.644371514894,134.513424267619,138.124902045364,418.34826609142,435.45898260993,424.492071379579,417.645586639026,440.428068945166,439.456918820482,427.128151782674,428.387241898036,105.892677213595,103.704188471239,439.447545529821,450.556279070075,440.727505692686,456.784872907011,432.08638842808,417.740327581525,460.407949403263,473.219166120911,449.911680453998,425.965698502448,102.62058591906,98.3528876868648,434.931308953939,450.87199679442,430.50492913722,444.770279892301,387.128802616097,430.188724529439,446.983995030491,422.508664827684,432.676176159496,442.786202320887,83.6475333099653,99.7078744845629,396.968667474162,416.63903192559,397.96442001924,406.870580798652,405.64454950221,427.961834669015,437.534048176211,443.253896390686,431.615728769955,405.028362836805,90.5487428645951,95.0389388382306,384.06323712775,399.764429457413,409.389593371627,390.032386281755,403.495594420041,396.286078385128,397.453519373987,411.841572815708,429.233823537421,406.140891620666
,75,281.91678208427,303.418734151665,392.015726402291,427.017469647096,419.37503943546,420.542127881947,412.828369133769,406.620054675163,433.501081327839,457.769337594734,441.070653097579,420.05276193265,275.782189396357,312.767904644769,398.176860945278,445.670544602733,441.103399522336,432.341582226449,447.822778073588,457.387521471974,437.410448444725,453.26790722436,428.834908769477,429.173447646821,270.756460828068,273.710039417831,426.547551270809,433.921427038309,438.233591400692,453.864910473925,427.882618265746,422.470907357874,438.674315140025,430.634914387317,448.027539820826,452.382782173356,157.065557401348,162.591890456872,425.910289590016,443.341160298651,436.382016595978,429.060309142163,451.559051631521,450.815985919897,435.976009100194,439.648374053643,126.501827642572,123.654100765943,444.903822557387,457.086901011872,449.975723243004,466.291597911256,444.067003568307,428.939994948947,466.596231927209,479.459522332534,459.271718177803,436.249522346048,125.062662735556,120.040909055763,439.848509674782,457.16438787276,436.757269171694,453.455789923204,395.991254340478,440.64700462374,457.142515164895,431.929669925485,441.892962931031,460.255190478206,102.999067196274,122.129826833595,405.705684863134,428.421888208462,408.031658140548,418.168545316741,415.339267106877,437.853866754764,442.535906334854,448.818974627697,439.388581695277,412.622312760688,111.457694689852,117.431757232812,387.311778687016,405.268374505379,415.037515011469,396.212644098205,413.652616278992,405.82747737615,404.880621562337,419.593727845227,434.291775131561,411.131997153729
,75.5,322.735566733476,347.816180031394,389.02831723158,424.39223136352,415.410365681099,416.901979888999,415.224712355166,408.959239612484,430.531169154951,454.294141021554,441.401755029008,421.705170602865,318.856756952656,361.632752738262,401.868825936744,450.312012731749,440.403201186457,431.036141605579,446.760791850301,456.904313945328,440.970442750204,458.247543152038,430.777402514166,431.506792451281,318.421142194767,323.570230955074,426.140621146108,433.72029802869,436.400974039674,452.500240688321,428.187175113188,423.667445655124,438.236936755304,435.980971789516,441.783732745252,453.57973950237,194.81696420385,202.666534747933,420.976731124372,437.654941317393,437.328756627151,429.642006423072,450.674607228566,450.592737537251,432.74340444783,438.093770782637,162.51754404771,159.080201314644,438.368254217485,450.067257575364,446.325759791293,463.298187953252,445.051289396007,428.997941629998,459.083623428135,470.582259847645,457.331162045336,434.647383065073,164.566037257994,157.436812094198,435.240554630759,452.231583420643,430.437188668867,447.347478157438,393.624727012281,438.788812315292,455.731384408185,430.812324953693,440.809277363988,462.750880774541,140.615553488791,160.576257754892,407.076314504524,431.211580715763,408.714014733187,419.340410832033,415.143833991327,437.120593737269,435.020278913635,440.80542302468,436.664329421854,410.414531461635,149.217982972048,156.609452338225,382.744183466588,400.643853414601,410.216661070146,391.957214557304,413.365781062043,405.706794372379,402.965346327875,417.819954623988,429.44784937482,406.11725410567
,76,378.242682434129,402.469151182349,381.647648358906,416.02497266934,404.411803307151,405.869411911641,412.750525758879,407.512522817032,421.896136554184,445.3286526581,437.102091690492,418.185976437768,378.296710877299,423.013947936547,402.739751018937,451.440408019978,434.140189040117,424.385299070552,440.669400121992,450.832638666098,439.794550419165,459.021259438792,429.506487311148,430.293075395008,382.105589569012,389.798604542743,422.958085477888,429.342523934169,428.592517577584,444.692347731467,424.72479234156,420.834479373722,434.807774984015,437.335247554006,430.110278254584,446.083242927245,253.368613495264,265.515610219326,411.952730532371,427.185665182519,434.192134858736,426.098474464012,446.526599952625,446.224990857381,425.610598461168,431.750523798615,220.563034727562,216.464002898695,427.921255710743,437.940117033039,437.766698459654,455.616888489016,443.095023900053,425.664918728232,446.555762421907,456.306259573771,453.100595879302,430.735062067447,226.770678862276,217.424086912188,430.810958815072,446.457053368307,418.934893794685,435.605420824284,388.099467718223,433.253340407862,452.088069190628,426.98890123016,437.433950991333,459.939708873466,201.533718268515,221.553785408129,409.133084958846,433.325840642686,408.078981946256,417.805265781579,412.819611569542,434.288233978805,423.593757609758,428.931927647204,432.245544777745,405.693578465228,207.265278366671,217.540769859602,377.376792438252,393.853562064904,403.208085346109,384.147705298669,410.938473166343,403.263585449684,398.658204530149,413.841634241234,422.451847145271,399.158521721803
,76.5,452.942666046086,472.086515203329,378.230249361492,411.199616527362,395.501665269201,397.445798125413,414.768889720876,409.943000351631,415.268628543786,438.945002563438,437.091407383351,417.580637673979,456.056174137119,499.139205355321,406.875795272064,456.73991209552,430.939373158945,421.185456561531,438.457418142468,448.461450858662,442.646430694155,463.573289022272,432.653302192025,433.032333890337,463.719467820996,474.198320030346,424.159236787947,429.253457256753,423.424168499015,439.666619579734,424.586865558669,421.528337773032,435.781436885444,439.985036483218,421.398753488401,438.337550781631,333.310702273175,351.752546049064,404.855775415868,419.667637964368,435.325357140892,426.961097867762,446.48838770395,445.521736010412,421.693136460762,429.473316890705,299.54396843281,293.811919210984,420.292870854883,428.711279823827,433.123798063829,451.295129771454,444.73718046027,426.731170151482,436.929933199161,445.737334212184,454.190550205395,432.236562015217,306.607733328854,295.341122852763,430.576924712912,445.693143433578,408.549639003628,425.328588665431,385.669852099166,430.708590992258,452.641714333668,426.984414473231,438.308810699893,461.742385256454,277.010780440258,298.46146368624,413.645255393607,438.371032541014,411.916705391967,420.344327959449,414.025120712061,435.815684882584,415.155049624933,420.369107873806,430.752545148237,404.191987753541,277.79370408922,292.422903432701,373.247252758625,389.379771751399,399.116093034275,379.600442906924,411.575233386442,404.258284121989,397.235717381152,413.84128138582,418.913438599502,395.463436920865
,77,528.779317215869,541.826735339751,375.960186755551,408.393608192289,387.969181682221,390.626673353509,417.712634559018,413.40357738712,409.271610232638,433.242870962661,437.871785719012,417.682059698244,531.856059849085,574.072788540951,410.36681281066,460.902222505289,428.521542138834,418.670566350955,436.702548371085,446.189464335081,445.395789356545,467.206450023644,435.470592189824,435.653942012156,545.772285840869,558.75080223673,424.71771348164,429.966491648216,419.546748769759,435.642549429266,424.747683013235,422.082889987708,436.596269807311,439.965449917448,412.695173828757,430.753799387912,416.746291070763,440.51913080852,396.845546352952,411.325693862686,437.182854332757,428.241756014345,445.684052868745,444.52738300318,417.403684703229,427.055777534022,379.725660317681,371.380569180884,411.578646446487,418.798120268054,428.763790532226,447.390497946428,445.954729488564,426.75645142261,427.380656956325,435.071414642299,455.334631956128,434.015053803156,382.671542115112,369.13558677711,428.641081922636,443.4787749972,397.846310217503,413.905479851028,382.985986500022,427.116714394769,451.812345850884,425.892392506483,438.213648300437,462.09490305418,347.219434319718,369.600400098306,414.509506021788,439.817414960364,414.46465101814,422.664979033847,415.42885067219,436.609258717731,406.505676755296,411.298637056595,427.000061324605,401.454721409724,342.777183758746,360.741308889909,366.278798188334,382.930999663452,394.666366148202,375.937177986731,411.956024824471,404.929440756602,395.414762902007,412.783657581445,415.189614584253,391.119396020729
,77.5,584.744112936082,590.603432224054,369.51564434225,401.623796002401,377.379017602945,380.075065906177,414.272432816337,411.114707372461,399.178544326792,423.19492807946,431.96344377412,411.928830004527,584.427515168544,624.885518500581,406.71840150297,456.851756172388,421.1415021626,410.792396118321,429.112940944883,438.214333177673,440.351356748316,462.616625295199,431.175950255068,430.994465110111,604.466851288275,619.095479831568,418.757185977576,424.490785356761,410.298908141462,425.976600199228,419.661613137011,416.128861360075,431.085096766228,432.90512018136,399.648787360281,417.876734795925,481.45687054362,508.394803890065,384.627794156787,398.218397522528,432.142451627725,422.611531554064,438.619975084606,436.678133821677,408.022260512827,418.603450949718,440.13214621115,429.209906409697,397.638583045008,403.673728618758,418.542282838212,438.463908925956,440.595943933668,419.286198178523,413.412583253569,420.1640369866,449.803287569631,428.856867383652,436.237523367894,420.612793807308,420.038561059866,434.478091621526,383.491358644418,398.412237158864,375.026480575868,417.129505535354,443.749353968476,418.232020342675,430.778646432519,454.953851407481,395.828014950549,418.395344140367,407.26146953294,432.756205580467,410.016399508307,417.887098721463,410.323982552727,429.947423783952,393.294028188534,397.673765565781,416.9351130561,392.542091994537,386.890030858425,406.213413019734,354.027944556239,370.952543857076,385.92566562798,367.838505284556,406.548925030277,399.618265572865,387.723309558044,404.46912996187,405.97957256335,381.691259334549
,78,609.255337147121,607.979218955614,356.32576307328,388.246765229841,361.1568928162,363.711655403737,402.107798420348,399.18089937096,381.689736078157,405.213154404159,416.323023736748,397.17075859849,602.756449476052,639.795108471052,392.551146152741,442.059832060056,405.616635208745,395.784320933768,413.395934664165,421.816650664795,425.288851543459,446.819325778698,416.75144094153,416.47459027539,626.647440377365,641.670964877108,403.618916302037,409.718392305577,392.966249876496,408.157540831342,405.609240939343,400.836486821801,415.575839897587,416.036685472935,380.180084266149,397.55168639135,512.863908087647,541.169726240435,365.083938403653,378.892538297544,417.244370674042,407.452973612161,422.370143820063,419.291177076612,390.884226857526,402.854258756591,467.507327427552,454.189319383351,375.899668257658,382.019146304889,400.69462779559,421.449634100315,424.922663371348,402.660009831901,392.533391231619,399.166851649722,434.106333020034,414.282059769366,454.396201257458,438.385964476418,399.850574297247,415.227604265732,361.945700743466,377.34546220775,358.995337326645,398.36794783911,425.935150957173,400.404604758274,412.570042347205,437.1750477824,410.078150811294,432.209912316803,386.637874500697,413.182649128634,395.159893413183,402.572708449822,394.592696260685,413.090433172075,372.884670530496,376.680887198329,396.718782850273,373.980583879575,397.892921487134,416.449459213129,331.89282434638,350.19617843395,368.784455970078,352.248701169363,391.160704910739,384.843514349732,370.934806011163,385.929263680628,386.318019714731,363.380870204731
,78.5,586.927577597868,580.722119214849,328.192982670435,359.259111803757,332.295481926692,334.784583155514,372.736170266569,369.302889631654,349.493963032425,369.881069651627,381.109438612054,365.023169804737,571.627337939043,604.518968751577,358.583699911177,405.669449023514,372.763893877942,364.392573780246,380.013010283059,387.074065334573,390.551639145523,408.88152438293,381.573368191498,382.565296463242,596.37962005753,610.539924365823,368.348439585334,375.697146725887,359.609770183807,373.882209687949,372.240301275982,366.465353625614,379.489858523342,378.855964812356,344.455873506826,360.314088342523,493.584171615921,519.102398202367,328.065101825276,342.502569462887,383.221362977561,372.818550823136,385.59670172514,381.945541928575,355.458917899943,369.093966308753,445.165535364921,429.198507102849,335.666218267471,343.264355813308,364.334306879997,385.061186799168,388.274489347521,366.690119411504,353.994612758053,360.601524076023,395.719852710988,379.541314288032,420.582488973548,405.847787947246,356.067907039515,372.847625418954,324.781255794676,340.303593941877,325.725419097854,360.359717966052,386.516589973645,361.592771383228,372.493641503762,396.494386200736,375.264679479314,394.985064170891,341.113150741688,369.178698550916,358.588917483865,367.312751668544,358.571540748889,375.285942285916,335.182906855978,337.702761990927,355.110690138484,335.534480052712,362.108344839298,377.163903763089,289.85611369418,310.75770541154,333.39819322162,320.905872141447,356.358622528795,350.579026492491,336.676576083789,347.277602236475,346.244473738489,326.643240754458
,79,503.246021562493,494.440268376932,276.959802058101,304.489199781729,281.32113275681,283.65443232567,315.397044321659,311.917194927234,294.094831080006,309.12238504628,317.430855825521,305.861039489578,480.166234090684,507.218250516854,298.005891366749,338.533822424217,313.435380882138,306.79226298229,319.031799399252,324.547637141565,326.330889385576,339.924398390349,317.34330681968,319.724165564845,502.056903963003,513.550899185724,305.51800017934,313.58000221458,300.907533063696,313.482691531111,311.718012838242,305.055881553037,315.576038362724,313.424185018949,285.314687919216,298.578232281975,415.771433798361,434.307765684897,269.48213093266,282.31797571228,320.97027124063,310.377405263822,320.60242595789,316.985546349404,295.331310059628,308.114534026612,368.826971029293,352.153204599949,273.438329033897,281.573145604986,301.948265469768,321.66053213551,323.320098953453,303.275786054538,292.252607020679,297.527106914963,327.910994114626,316.666497217673,337.368629889632,325.314856975627,287.558474183112,303.917497660078,267.32043450565,281.230341717363,269.091057531931,296.8785175508,318.301265305791,296.602471507146,305.301762871806,326.626689849397,297.77639093435,313.358400820996,272.037647198799,298.929486404909,294.991230666342,304.433631048338,296.502966606409,309.621454522993,275.276899164147,276.22501074061,288.820026511293,273.368573932378,286.419347869323,296.521892192256,230.374055309327,251.23256324653,275.457196732716,267.924452922585,296.439119927549,290.893573938286,279.456515096575,283.772408892291,282.793355065271,267.781100066692
,79.5,380.021755482328,370.171657997211,212.74105834269,234.689682192636,216.748958252698,219.03981069907,241.37396827614,238.581352214585,225.186984102642,235.517797247867,240.338819051338,231.979206227844,354.454750404091,373.803336501995,224.555022275111,256.266123476712,240.208465408963,234.946226559197,243.742511306663,247.844989314154,247.484124003152,256.853751974652,239.822001718683,241.989445146043,370.171680410467,378.404892987497,230.793609405851,237.884715152102,229.194893515108,239.834612777836,237.344162791776,231.242329021001,238.809166305381,236.0202226281,216.625024792367,226.540619818787,306.095698671527,317.855025995086,203.73489304528,213.726038586087,244.61236316873,235.033452199189,243.107493440378,239.661987446459,224.265985463414,234.457893284646,267.291869547387,252.875973815414,205.718199374438,213.046949128571,229.339335670975,246.295248299259,245.070870225958,228.630160814784,222.470511301452,225.973532721412,248.709381029701,240.597367277275,237.920270543498,229.172109148399,213.747844858193,228.251439164846,202.394804402194,214.040318694924,203.379182228304,223.887522330186,239.789927026549,222.379913603762,228.914692418544,246.058966180685,208.174462971482,218.780906642996,199.37154195569,221.758357757832,221.594576193028,229.40116212091,223.49560352138,233.088077070153,208.569389545352,208.105920098831,215.87557878976,204.01081935272,199.599752626401,205.100006879124,169.937493713403,187.527646696414,209.294144869733,205.161892587466,224.663808686175,220.168631854709,213.643119315679,212.371844752157,212.072620224929,202.245455305375
,80,255.745282078298,247.667042625444,152.704619825507,168.959809796739,156.364154284343,158.534922983304,171.645091439379,169.018543625895,161.368353012549,167.275150968084,169.889060904711,163.782657986396,233.037624809963,245.722604250202,157.353893586296,180.52380513985,171.752506514452,168.594031740382,174.218627592558,176.566133713606,175.190143883419,180.808953649467,168.96104827999,170.695066633812,241.865834315863,247.633989077394,163.090010559646,168.464071486742,164.042312564681,172.452313864354,168.17449845259,163.837165205913,168.689650882407,166.243739080959,154.68598186416,161.727919135769,199.011021862966,205.152449500086,144.625900745499,152.535836191893,174.108007563719,165.913602779216,172.643195994543,169.649477524233,159.832732720218,166.998348676222,171.167707297617,159.90442021282,146.154102002008,152.775218979362,164.10153463507,176.930147139618,173.160845708748,161.614280829263,159.521823858932,162.330606051292,176.372382948023,170.947934302213,147.741946504788,142.083513364401,149.043583306042,161.506238344856,144.224196435712,153.080687857438,144.314554766072,158.168471064562,169.301726663924,155.815087649907,160.441003892985,173.179773220982,128.199457823914,133.626181416282,135.905828439972,153.295545219027,155.286174681281,161.447797398598,157.147836044872,164.191564578588,149.570363322807,147.858311408712,151.277177346069,142.353641987721,121.820796523664,123.801015772803,117.668566723404,131.807455433585,149.54632057714,147.495018471622,158.385014871601,155.229304763768,154.896385456696,149.223450895838,149.261596479159,144.135688078433
,80.5,150.273140098447,144.814149142716,103.223414125539,113.453533972831,106.847505441447,108.340126387234,113.249727895382,111.010773116432,108.995056601824,110.966294431034,111.519907973267,107.185178666525,132.737863313253,139.732674820036,102.470437003073,117.82830060546,114.584694023363,113.138885592567,116.298806652261,117.418313657183,115.206888383033,117.535165540619,110.148450589301,111.582603774419,135.553182181014,138.919241688814,107.530098869056,111.353385263228,110.480496698855,116.448496711032,110.51178904886,107.80359619187,111.199107856278,108.797555125871,104.254848154521,108.680817911674,109.766685522038,111.253612535218,96.281125064992,102.258563190817,115.266610200903,108.75350273421,114.346090695932,111.833515720388,107.005884094266,110.852461656282,92.5700126273317,84.7156749822729,97.9343232723652,103.463807926942,110.35337998457,118.836309756474,113.337382300216,106.105474100596,108.089950561411,109.509714089628,115.935347532602,113.623224825062,75.8249238453523,73.003721841412,97.239893047354,107.006282328317,96.914402865464,102.753856353787,95.9400009501531,104.114910642333,110.889304141659,101.585918400896,104.38865990146,112.859599039474,65.2354466734618,67.4704226756746,85.4713290981659,98.087849901704,100.6804680686,105.36925966625,102.818631848769,107.244788987821,101.292772251519,98.9187542963251,98.864949846036,92.2860133324135,61.2581377927422,61.3709175119895,76.2391178204645,86.7075581766957,100.553209054683,100.139620639316,104.249643474507,101.393020193667,106.668734663962,97.8800072146958,98.6803420240564,96.5745507767849
,81,73.2813077512239,69.9296792346465,67.5804549982537,72.974460546434,70.8680054088887,71.5650420541349,70.6371689954665,68.9709433862268,70.6059830827305,70.9847315817113,70.671282599446,66.2151927409087,61.6006389147764,64.7061828677935,64.2490882963338,73.2430723071103,73.7330332198536,72.6637368769931,74.4598555738909,75.1291913666051,72.1567809672081,72.9200158770494,68.5794598837622,68.7361277994959,61.168851743911,62.5169512692372,68.5921881684131,70.995169129757,71.7624068579522,76.018676913907,69.4683008024972,67.8386239454587,70.9032502027399,68.3784300180866,69.0748343183154,71.2779277887177,48.7863397802656,48.1680441889116,63.5324983712951,67.4394789049065,73.4563492752305,68.5534936025895,73.0761825133134,70.9936520337647,70.2061359093138,71.1339826590145,40.9573159093525,37.0911162808314,66.1121052943886,69.8909789148041,73.1418872317429,78.0882164998579,71.1889966333665,66.8361682441001,73.4434851815206,73.131302668512,74.2603008683631,72.6433090894332,32.0188138859025,30.9082284537148,63.9806316370633,70.8568003362456,64.6221588680083,68.0553657780296,62.0483146322831,66.6248791621298,70.6593723468166,65.021131924257,66.6361693778586,71.1951650955421,28.0686108062415,28.964273455842,54.4609854715903,62.0956799340496,63.3313804515412,65.8032873943007,65.1723495094558,67.3813631068122,68.4221191191062,65.9260049353346,63.9527043382139,59.3384496144895,25.9049064218902,25.6522870293749,51.1129972144181,57.5454100236109,67.0007201747401,66.8876118984468,66.3421389462305,63.8837008177258,73.3493893748499,63.4482360978247,65.3696971254312,64.1511407909687
,81.5,32.7834992816631,31.3230279950444,48.2179850031448,51.3449469637946,51.4572144060091,51.5586132897071,48.2102861311957,46.8416849002131,49.9619804193221,50.2536553061242,50.2820063650139,45.4290384354759,26.7673598333165,28.2385820261453,45.3045115359209,50.7270132635243,52.6808301743401,51.6519871632376,52.6260996268994,52.9008775756363,50.804682763799,51.1668529676319,48.3347279497644,46.7660931771306,25.6785100529705,25.9970171434132,49.3035588814184,50.8297246359201,52.27820885658,55.61716226864,48.4300242830288,47.5569575701367,50.3718567605999,48.8029066765515,51.2404943652145,52.4935391182383,20.7711189544286,20.9281882811065,47.9817167383725,51.0594743296159,51.9724828742969,48.459456728137,52.6575057570459,50.6640142291526,51.708411161819,51.2903382795245,19.4461112849539,18.2239401578656,51.4910273942749,54.3078694465395,54.9484450957093,57.4440730709106,50.8231771185918,47.6194694980823,56.4880845022536,55.5777858575025,53.8895120601595,51.5245087215989,16.7737541426926,15.9161794543114,49.4061768245307,54.1547097512756,48.7785202735341,51.1887577488554,45.2431847274576,48.477282093076,51.8196334927243,48.1939022958861,48.9170340102386,51.2693926400894,15.4874959600838,15.6874771940841,41.6004859163273,45.4584508188576,45.6285309887955,46.9178859356185,46.9132947253395,47.9771839358697,52.6380796699651,50.307884036108,47.6614692370669,44.5295922348506,13.9731332981033,13.9772571650606,40.4856019441498,44.2978333285577,50.5589394596014,49.3520500995768,47.0262163390649,45.009703262789,57.8432192292137,47.1908495777791,49.7515741969387,48.3346710583401
,82,20.5338524791426,20.3434801849141,40.0582484726239,42.6595097346973,44.0295652443014,43.3900919307167,39.8940102193949,38.4033823098531,42.2422640328297,42.0480608824126,42.1127785088103,38.1183016304232,17.9955168639835,18.8807006581267,38.4327592546412,42.7635308175717,44.3371672905502,43.8259810507299,43.854059593624,44.2009964540763,42.8731105606025,43.0635489693722,41.1461333066386,39.1715384627663,17.2761060527252,16.95911056003,42.6516750690498,43.3280672940758,45.2605388866408,47.587771634752,40.4262760597711,39.6625728223654,42.4034519184297,41.6867638397433,44.1499827693361,45.0973332517465,14.1448260926965,14.9901063444311,41.3971453357073,44.6492252650302,43.3572246915066,40.7505171404982,45.3312826305075,42.8222209072453,44.2676960174927,43.484820618942,15.241355605382,14.9377006396316,44.9696628245486,47.8497304660177,47.3057230801814,48.446964489165,43.3543244999538,40.3470238476483,48.9556230215504,48.3413208378598,44.9044706611609,43.4491413818905,14.1404718367315,13.4754921355284,43.4340572677871,46.6178958356949,42.244142534957,44.0458980418974,38.1232900119761,41.0141061233575,44.5127907383038,41.7045655671881,41.5787829190953,43.2946932533173,13.4296126430483,13.9300482790961,35.7538448965678,38.6865123226184,38.8723711123056,40.2716869107646,39.628640917688,40.646561826948,45.3313398440438,43.5455093847453,40.9318845864768,39.0348208318659,12.4550248985245,12.3457231819515,35.1269506460528,37.9665680304035,43.6516723487726,41.7705732718549,39.3985085231595,37.7981190974047,51.8256750244766,40.1712095130006,43.1376042513706,40.8424760154397
,82.5,18.5497934528378,18.2405990672256,35.3069412659177,37.353649365299,39.1351884032797,38.4901889960065,35.286191882215,33.8564553059355,37.0653487561112,37.3393993089282,36.9319386486013,33.5858207805157,16.9003728414228,17.1072673363385,33.9798605018143,38.1139900674528,39.4211949419665,38.8167294151384,38.2283256722571,38.7844098858017,37.3777282717022,37.4399597934804,36.1678301262163,34.949332652595,16.4470340946156,15.5793582453562,37.8441270778288,38.47247702454,40.1563648622027,41.5536635083815,35.3410052152767,34.1919728110252,37.485474953987,36.6286304226277,39.3094626646547,39.7980473176106,13.5376317363095,14.6315014313063,36.7109559945719,39.439332232049,38.2816989546627,35.9039965493166,39.7820691170556,37.3234636801628,39.0981528601841,38.3085744365819,14.7016487200247,14.8843333814584,39.8011201131359,42.6155988968178,41.3109173758045,42.3227713117802,38.2580611546554,35.1203425665528,43.3650511657478,42.6515205640596,39.0470539981172,38.3510409290881,13.3333249030375,13.2966376629902,38.5029440984916,40.6853580968008,37.1655257666966,39.2496160664256,32.9190790566205,35.6923111353496,39.3516565342049,36.5272821769859,36.2155119321207,37.8217750623932,12.7822883632882,14.1983248879514,31.5698109860011,33.9193104592043,34.1144127146913,35.2487029912469,34.7604691846832,35.6668042206202,39.5170723105296,38.0211843736792,35.5673530594025,34.975695425007,12.5869821987311,12.1155472883902,30.640811352131,32.8129690798228,38.205084347535,36.8216734729506,34.9147522736072,33.4561336297375,47.0345382494957,35.0570939847312,37.8516817608603,35.0565652506468
,83,17.9398180634046,17.1525748170337,30.8080896089818,32.49555428944,33.6675433284883,33.894219071855,31.1008551019219,29.8012331853794,31.9916523172716,33.1317391429167,32.3072404115312,29.4069808678696,16.4462993773046,16.1578352315482,29.6515966657292,33.4251582634753,34.97582083272,34.0726186481763,33.0389369689924,33.383516820615,32.3270557991947,32.3893137772525,31.6263622299563,30.6698401640336,16.0323760815016,15.5694375619797,32.5817407699225,33.4992704612552,34.9852148933167,36.0711280837663,30.7502136534439,29.3350279834619,32.3013697919689,31.9232391099928,34.1091084384497,34.3795086196249,13.6657756532684,15.104368268881,32.4669967201888,34.3738708135997,33.8237126706298,31.3860385486602,33.9575011082133,32.3751787569058,33.9661054579332,33.5990899596756,14.6249200288972,14.4781409613253,34.7465820286093,37.5228128068317,35.4541039584554,36.6057890513721,33.9316682736147,30.5998108986702,37.4631722964436,37.3674144369915,34.2573352722853,33.1912072008571,13.6528087884454,13.2145593292561,33.6924511788536,35.2273926797499,32.5405379029194,34.6845173666454,28.4158460613791,30.7999791023705,34.5780885569899,31.9893217206306,31.6783415815653,33.1567072722272,12.9329667196767,14.1881612050809,28.3130771814568,29.2500450793462,29.4540230640932,30.9219484422281,30.5365486309899,31.1904453278154,34.3004436512554,32.949384854548,30.8797161413063,31.0360245469089,12.8860527001109,11.9637196510054,26.9538618739042,28.7462622532983,33.1418966528479,32.0479717883825,30.428788134318,29.2349701948149,42.9811771771483,30.4484796451729,33.0186091526984,30.2981936919624
,83.5,17.1207292157262,16.4991251681343,26.6177172941305,27.8015271424572,28.557171684773,29.1037397583993,27.0230385946381,25.8170268255591,27.7885516745167,28.6713396268337,27.4614464072995,25.6436276367958,16.0848690902242,15.8375997810815,25.7318575013125,28.8797003891327,30.6848567122711,29.9318789123897,28.1098609279599,28.4122941057752,27.7125885192416,28.0216062804863,27.814733197477,26.9946166011979,15.8004811396048,15.6223479816985,28.6290709086663,28.8637683290144,30.5621794939803,31.3787382025309,26.9502695963015,25.4934526384635,27.3643282070279,27.7502494762705,29.0349500125923,29.6455837119371,13.7536657267059,15.2563536019561,28.4045616448012,29.9073802708825,29.4035194887539,27.108826159447,29.5160103133139,28.4193816638901,28.9241615768559,29.260810168435,14.3182572292678,13.8224382003678,29.9424094729778,32.7770963365865,30.1159039797457,31.3583135790417,29.7033996585873,27.1408619517255,31.494973489702,32.671478672179,29.6154514167019,29.2516509892916,14.1501408692553,12.9911958774505,29.2625751838,30.1698388568293,28.4390083101984,30.047294900671,24.5098048515541,26.7660516815351,30.0070395587248,27.7794094084852,27.4933133001403,29.3934149370486,13.6116001803927,14.3220973777164,24.8950830950353,25.2546908223183,25.4479773392904,27.2483798078418,26.788628557133,27.5055628771324,29.3323056222768,28.4188067834986,27.2016302117336,26.9339841854168,13.3374211063686,12.1232869380249,23.6873930859923,24.8713614487638,28.8314142636971,27.4404416725155,26.2922810425511,25.4987362350485,39.1839206097887,26.0285932783651,28.9504623030115,26.0486869083844
,84,16.4454582526522,15.9878603959742,23.3766304677279,23.8971865125695,24.5723190012218,25.074251926946,23.3236790957019,22.4781835352399,24.3161425581832,25.1315440364689,23.6796150799044,22.2212286924163,15.9481932295871,15.7160376201973,22.1520944828882,25.0400426989904,26.8421984416485,26.135925031812,24.3297362071407,24.7407640397379,23.3872346259527,24.1903312845133,24.1900448220011,24.4384099868633,15.5035934571641,15.4921278449137,25.4415050677409,25.1734589839484,26.79227019443,26.8046810766699,23.4356037324021,22.2358825227054,24.1252314792272,23.9079793050738,25.4698432963376,26.0075933559517,14.2045874161992,14.7996408388181,24.6982953641565,25.9835820679262,25.6976197300225,23.5741025091261,25.5250322190873,25.0997219056599,24.9428923182272,25.3232878067529,14.0023504607389,13.6778695005928,25.697954251492,28.6875553223056,25.8139096475934,27.1514390588283,25.3547312479516,24.2064369706689,26.7009949575638,28.4328175070171,25.9920209620578,26.2973138173591,13.8706485034622,13.0525910625921,25.2404515940475,26.1565061434376,24.7445109715483,25.6062706532295,21.3204246830264,23.4056063547744,25.7753847617381,23.5731498045873,23.9802591454564,26.3469666479505,13.5695191550465,14.3113327908964,21.681886612717,22.2862157952682,22.2395881093952,23.541181628145,23.2896217847704,24.5965736670443,25.3605240192589,24.7714589407166,23.9246718967802,23.1197355529065,13.3802074206235,11.8626129308399,20.5025601971944,21.3138984765908,24.8284539230044,23.8855612787987,22.9912034835057,22.6311627618782,35.2491172590711,22.7112153831341,25.2909686985098,22.7809888536441
,84.5,15.7959268245665,15.3239968471695,21.3957039104606,20.9128599999336,21.2739340184572,22.2043173408941,20.5512938614305,19.9303764689266,21.2501255394444,22.3673486718122,21.2872670112018,19.4748681383364,15.6885529748807,15.5690189822392,19.3100341262308,21.8781280749081,23.7149054909365,22.8475331318849,21.7074831845021,22.2064483622182,20.0967793236901,21.2445113949278,21.133662755319,22.082328344814,15.1251466738041,15.3064835190995,22.0517225295922,22.24781490471,23.6038991090063,23.0550775430816,20.5959568330193,19.4398976070438,21.6375718991082,20.9130505982793,22.6478878325793,23.0349574983994,14.4338397090728,14.588626691511,21.9726411418488,22.8337879510559,22.6285010651748,20.858571757758,21.3014380108894,22.2531187899303,22.4635226666576,22.5407316297098,13.8654612992004,13.2559875345082,22.3705711344007,25.1718696094203,22.370998056361,23.835962282594,21.86148804629,21.3995706027876,22.9777641718993,24.4171699705099,23.5831226771267,23.4703292810039,13.6784625133504,13.2032132834691,21.690517712902,23.3543605136051,21.4620392439165,22.4273682345668,18.925325693208,20.5949535218972,22.1727060989627,20.5940079845507,21.7004775800654,23.5413882746022,13.0241971492736,13.7165326455403,19.6539006298891,20.0648346265894,19.397644930442,20.4951765783791,20.6388981617209,21.900739242997,22.3981661990017,21.7736511571328,21.1807726132659,19.6280943213377,12.7824098978749,11.7728892901551,18.1022353367687,19.2902927508868,21.4177530420958,21.1273497893026,20.2901490655834,19.8277203921508,32.2377309145929,20.574890727023,22.202078586503,20.4346627988526
,85,15.3284527309545,14.7825410356008,19.2856352015648,18.604637262174,19.087597480862,19.4795057587259,18.2490790333312,18.2317053224987,18.9549563034908,19.4494733399809,18.8455131623346,17.4885864542451,15.3744184980556,15.6973524868174,17.5127873971986,19.0966421231391,20.9379316593386,20.2488022273646,19.3014037624965,20.3315719599633,17.9543341207798,19.1887839420067,19.2781501420534,19.3624685678524,15.2557134908623,15.4084230783083,19.7283643961246,19.8510634082937,21.024506526708,20.6593669461436,18.6213019997327,17.5701916538853,18.784947615339,19.0730471811694,19.9014611383283,20.6839323546971,14.3228449789605,14.2824774800411,19.8167455818888,20.6682948017366,19.962395299836,18.6563383757139,19.0854600696132,20.1557337195723,20.2043695254258,20.7300079126383,13.8898179425629,12.7120222851883,19.8594706835072,22.1692363010868,19.686517531045,20.9819269426122,19.209581755209,19.0833146054684,20.2723306492888,21.1947339678245,21.4263419808235,21.1765129279102,13.6833347247673,12.8363393765989,19.146515759949,20.7619546627139,19.2110975562951,20.1251088771858,16.9437370581251,18.324052723604,19.6366052731501,18.7485044162863,20.1354353001475,21.1049166597618,12.9736428805526,13.2747816738001,17.833765568313,18.0643383052402,17.0024894582017,18.5175907715816,18.5354437977516,19.6486750537688,19.6453532397842,19.2793633651323,19.1749357752345,16.9361904520949,12.0930466540989,12.3577338581059,16.4755408792529,17.6278559446994,19.3023043556026,18.6878719080175,17.7299557387711,17.5297196163419,30.0331540361599,18.6156769216295,19.8387032455797,18.338288562583
,85.5,14.6883805413437,14.4803055277802,16.9191732900957,17.1375757755244,17.926407189431,17.2461369454805,16.1511856983984,16.7541064688774,17.3980825538487,17.0765358912321,17.0592804052024,15.8637364149534,15.1641077292833,15.9810957118273,16.362615369512,17.4521797766679,18.6283992425966,18.1816444334758,17.5700055768824,18.9312848622053,16.3272916577334,17.6531654684603,17.6937947368257,17.3522791577523,15.4182346905735,15.1843286609949,18.1793679558754,18.1253988999375,18.8761282173303,18.7569170374527,16.9950626426792,16.1597456054053,17.3535128580463,17.6835950068216,18.146607538493,18.8463646178766,13.8930865690626,13.7088345653713,17.884091533018,18.9874311183568,17.952065187545,17.2276730397696,18.2483849816541,18.6106229750804,18.358718260439,18.8749057931724,13.8763775297781,12.6852345651388,17.9815689176139,20.1868372411279,17.8069093548951,19.1238122323803,17.4136721278031,17.0722832766451,18.593293817416,18.88709440958,19.4375403598075,19.3774991161316,13.1060716868132,12.5821229056149,17.5379200072633,18.4977051152755,17.5495218923172,18.0742711216824,14.7981740171847,16.9296152523024,17.7794974293431,16.7794952691115,18.4175874607766,19.2766634957993,12.4877535190336,13.0638907172946,15.808441127029,16.5142204404929,15.5154372982498,17.0293348348551,16.723642890121,17.9088604464389,17.2595021688677,17.2718825474363,17.1093368886824,15.61232335634,11.7330480919094,12.6490320976715,14.9707720060507,15.7930924800776,17.7473685532217,16.9735994085398,15.8911972033519,16.2427145750349,28.0347072071766,16.8243072011249,17.5208300523074,16.4907442186621
,86,14.0936507156125,14.139522156084,15.3113758872006,16.143215400184,16.496240415658,16.1133568495301,14.7536020123912,15.4215994248826,15.974999569642,15.886763398353,16.1362608442691,14.5648188240458,15.0677659153492,15.6212906363418,15.197917685991,16.5314997741944,16.9254786247692,16.567702091341,16.5309042404539,17.8003200805993,15.6543894263338,16.5925237796775,16.0717343731872,15.9810918361253,15.1253737211129,14.8517774633295,16.4068285252947,17.1496976145607,17.222050703689,17.0464120261832,15.5523289687465,15.1440101098889,16.7267417285904,16.5106198582166,17.4476084428367,17.3047869477861,13.5639664102573,13.1924980288235,16.5758851371928,17.4268987403968,16.4260304430687,16.1773390756465,16.5953095701288,16.7771429575282,17.4261518266196,16.94931844958,13.9591987512975,12.5425647634896,16.6204142540083,18.6476738288891,16.4502542429938,17.6465571856164,16.3110448928967,15.3345790021702,17.4433929629455,16.7895408659417,17.959381190242,17.4499664544267,12.7558353516865,12.7590244151735,16.2255286419053,17.0828794220643,15.8642308715091,16.8476491014965,13.4533041782489,15.684261310348,16.101939234314,15.2022914962685,16.7561591082921,17.3574107261355,11.2801252630263,12.4958965263519,14.2613188728777,15.4239352166234,14.381501245797,15.8082084427766,15.2993596925334,16.3764146410375,15.952060271011,15.8519315745938,15.2463789437101,14.7268227729294,11.548994701565,12.2196661890629,13.6507215118496,14.6557741891971,15.9553905753504,15.5920881576096,14.8537505518781,14.9146495537643,26.6861162993818,15.6565438973393,15.0618588625219,15.2293977570798
,86.5,13.9925447923183,13.7642454206874,14.0259156857045,15.4055610600086,15.0875919138493,15.0791287740655,13.7048291543058,14.0713000514945,14.799182274338,14.743408151437,15.0177509540352,13.6150513015769,14.3197652309531,14.9471727156627,14.3876675252974,15.7418239186155,15.4127475740535,15.607748343502,15.4634660522524,16.6001237655517,15.3684542339781,15.6915508537796,14.8466031857052,14.4845688970744,14.8032097106828,14.7638609503343,15.4469292927339,16.038298767884,15.6126739717342,16.1758982617824,14.7383895638357,14.4420424719621,15.3584828438198,15.7909786346924,16.4848496523313,15.937391182654,13.226187665928,12.8589211736548,15.5746460936899,15.9101652663991,15.5378408653965,14.997257722711,15.3665862151396,15.0907684243808,16.4405312952958,15.7805201097356,13.8634552181721,12.0982342514491,15.6101032807375,17.1581418043085,15.4154765645475,16.1688930654632,15.5179410702841,14.1776367728013,16.2197394976893,15.4574881082571,16.3598756559906,15.7731850182203,12.5455960308149,12.1126666535787,15.1901067794619,16.0002644565027,14.7221880725054,15.9284489783116,12.7395687961421,14.4445890641853,15.0266955816522,14.3572186511154,15.4618625599681,15.4202981667616,11.1070883063823,11.880950588013,13.331235861958,14.4721125373656,13.1735594097448,14.6218622582376,14.134170728216,15.0293171349262,14.73810136687,14.3164754571721,13.9647288415935,13.9802329705668,11.3939424637634,12.1872409898774,12.8998401439176,13.4718345517215,14.4483434704403,14.0954023228129,13.8078488203917,13.8836848681146,25.6754825595057,14.565322831278,13.6892699717816,14.0633645655882
,87,13.9303817698586,13.9616917677357,12.6397373667969,14.7920293970991,14.4054148741267,13.9595967064225,12.6134435674862,13.1100026886455,13.5957089189355,13.8097487338613,14.0123983717357,12.5479626485422,13.5456801607701,14.6939392433933,14.1686119755114,14.7411787171196,14.3516260597709,14.92362704453,14.4211331014628,14.8431923928316,14.7425279328388,15.0310190870097,13.7133972997918,13.0751120980277,14.5131838500177,14.6040853583776,14.6192091419488,14.9168535013504,13.8076980207993,15.5375349835192,14.0193155731088,13.6412004168075,14.3952698521665,15.1133475612268,15.1293434704843,14.6220226353938,12.7058397926056,12.4889629636856,14.2105222874667,14.4738645095495,15.1304365518778,14.201071786162,15.1561576777368,14.1566661778239,14.7874286269008,14.9716354686901,13.1346039452373,11.6730811798847,14.7285848045977,16.0384030280716,14.8931507181226,15.288724731596,14.8903142709241,13.5606172254401,15.095008243382,14.6926150113065,15.0739202145106,14.4387039665886,12.2940666644594,11.2118821740553,14.1786789544234,14.5992750211736,14.1748923216601,14.480012437349,11.8447816859143,13.7001129843526,14.3531925195294,13.3650724330922,13.9944390173665,14.3510721990039,11.3762357326292,11.8182857252709,12.512946018498,13.4908977314205,12.515248210529,13.4550650631309,12.9778158426994,14.078559349759,13.5651199172053,12.9034249606767,12.7699904647899,13.6450560988359,11.1412198931665,11.864033532317,12.0330769428061,11.860749211344,13.2255286441718,12.938931209594,13.0719361998794,13.2959774908365,24.5206303250983,13.2624384561135,12.649337469401,13.0914760996399
,87.5,13.2676528775613,13.8880267533087,12.068717016279,14.213349493852,13.4045350367902,13.3278965824113,11.7490310347074,11.9327604748943,12.7395463783242,13.7209563013963,13.3906982769268,11.2645302208574,12.8985382994856,13.8270496719945,13.4624777858127,13.8386155444733,13.5689569849804,14.0824407270958,14.1014719304633,13.3270426840041,13.9711346403907,14.6781763077353,12.5616135557748,12.2981840649023,13.8868920505186,13.8004187053028,13.5572103746597,14.170297574888,12.7765691161768,14.6423633538221,13.4112492052503,12.8775543923169,14.3227018064582,13.759653930169,14.2615495597867,13.5751587467427,12.3114653513348,12.3039608156022,12.896955269065,13.1907723736578,14.4770620014014,13.5929170950131,14.2057535807829,13.0877512279698,13.454404468899,13.7421266461412,12.2478230941153,11.5611755516808,13.6618544479435,15.0119408229534,14.256228414048,14.9448667500781,14.1241893922157,13.1804826236845,13.8998822991803,13.6054491075299,13.9933496075393,13.155918246939,11.8471402070151,11.0377627222355,12.9342694346268,13.5782316935632,13.4422931358936,13.1648980077692,11.296026410895,13.0851330643106,13.6986781795418,12.4745328128596,12.6035123599364,13.7180057200384,10.8339151027878,11.3347948770294,11.6421615489423,12.8361624439032,11.9554538863115,12.4131808344614,11.9126560007655,13.3222645250244,12.9672079945782,12.1893720736176,12.2209059297157,13.2171894168904,10.7371629291885,10.6683698721537,11.002100436524,10.9500455523792,11.9818583290072,11.9694023401935,12.7358024205034,12.1771944081323,23.5496494229548,12.3383825763118,11.5458784121445,12.3413085940277
,88,13.0018633402135,13.0269614670525,12.0553843143509,13.4455011155968,11.8550408341615,12.776928030579,11.3542833963394,10.6638577986664,12.1499001356779,13.3432062830997,12.3634161682543,10.2223137716604,12.0947733936517,12.9256154145951,12.345411906866,13.0367303827983,12.7900275811611,13.158325630652,13.6991024271919,12.5545427724375,13.4052080826235,13.901640377665,11.9220734963723,11.8818039672456,13.2334846255091,12.9616821970059,13.1100790175744,13.3061079404845,12.2417097821456,13.8753527585279,13.0217262169516,12.3109543083762,13.6524963387882,12.4893355358651,13.3568563109431,13.0859358918033,12.0729025453374,11.9919379808688,12.0677662436557,12.026496086524,13.7649761415811,12.5222621542732,13.0372188907893,11.8230222881023,12.5726189970511,12.6290853717219,11.3250477972896,11.6023579477888,12.7752661319588,13.7766984678061,13.2673892974505,14.2710053172888,13.08927686802,12.8345800078532,12.8812251691227,12.7092895194702,13.0758395166386,12.2237684565836,11.4382670232554,10.7408118047351,11.7103414097139,13.0980258032311,12.5415884804122,12.7611958419947,11.2811638189045,12.163141666605,13.1231218795065,11.9169266653695,11.9646301820691,12.847820071847,10.5603047263177,10.6205464727475,11.2955904692171,12.4883097215433,11.5592249071613,11.3191678622859,11.0620322312143,12.5576346980249,12.4985435549028,11.7811327979196,12.1248615905473,11.9518966185228,10.0678210645341,9.77847581958093,10.3338952094286,10.6227848945088,10.8223578585504,10.8361683272807,12.1550504264699,11.0015709069555,22.6926544917577,11.6600985735665,11.6166697704914,11.5260776205736
,88.5,12.6985675870254,12.1781576262164,11.2988345973215,12.4910135278707,11.1153482108136,11.9094221345409,10.7054713062357,10.2108260710526,11.6224081584859,12.5040082678354,11.3689629636317,9.23243367639691,11.4571548658994,12.4929243183444,11.6342958071716,12.4440875524432,11.7876243062053,12.2576565816769,13.1085774557111,11.9326966920422,12.3668712567707,12.750897342802,11.465392255658,11.6118392113425,12.772348610412,12.3761884112254,12.6234747469863,11.9916727031729,11.3623740616382,13.072953565204,12.3848159778541,11.6023774285099,12.7940673408255,11.8902867421825,11.8660886089251,12.4661441218101,11.5840718175392,11.427380837108,11.1286440202641,11.2583123333829,13.2514975841568,11.4338066275373,12.5350894133702,11.2506896186496,11.4772426070721,12.2147946860989,10.4259903460492,11.498084886826,12.1688986466187,12.5881640268814,12.5775935833553,13.4022088145169,12.1922725127371,12.0985106313613,12.2749038254507,12.2750317946508,12.3277875465291,11.7326351374119,10.6515275105954,9.87075317256398,11.0138856897774,12.2925942839871,11.8845607980714,12.0673810799194,10.7023594814681,11.4574084572905,12.7276906275831,11.3000741780301,11.7260828545713,12.2232264309536,10.4624585760513,10.3363071327446,10.9532689790174,11.732368596181,11.3851306286446,10.290732744316,10.2702833991634,12.1867262609347,11.4492943054329,11.1781353976186,11.6646498384881,10.8009185707764,9.19546309541437,9.4970617125295,9.47594497343033,10.1368915495877,10.3650190508923,10.2610270334393,11.0643679255068,10.4664374879826,21.6267700001824,10.8115264381137,11.7100128747882,10.6337412206731
,89,11.5869065931924,11.850321598071,10.386324662048,11.4382587568155,10.5105102015124,11.2315357394863,10.2635387596821,10.4935799811367,10.8174274586948,11.9095081785962,10.8320655521206,8.11331317001049,11.2911060197046,12.0414468789006,11.056545301277,11.8490384162746,11.0278313106701,10.9154658910529,12.5775885207008,11.4548803815335,11.2649577884588,12.0472983683168,10.9547311643461,11.1384629513743,12.2411708745287,11.7594206088359,11.2256048455666,11.0302078893872,10.8963025857121,12.0817388875373,11.637539500222,10.9073070566872,12.1729061055899,10.9741155816828,10.4662163351938,11.6362248294651,10.9691806685767,11.012034947237,10.2357225661832,10.8714279076627,12.0657507921624,10.7781207207981,11.9257955553441,10.7965010104949,10.3688644205193,11.4354961051305,9.67464008413612,11.0408900107783,11.6952671927248,11.5923403420635,11.7194673462511,12.795661589513,11.2007586585101,11.1733424181755,11.7164671083699,11.4565079020173,11.6376322640762,11.3569849779816,10.0226727423171,9.51104252078687,10.4689718934704,11.3187591900539,10.9658301796769,11.2703811295934,9.73954592575024,10.9461443651933,12.0884771665207,10.7604103472531,11.2507412545272,11.6607486588908,9.50845556442084,10.2566782340131,10.0276987003017,10.9021847543208,10.7562691307872,9.73505892780412,9.64123756152708,11.6464723475259,10.4381552419781,10.5867629642789,11.2880690146224,10.0156637480543,8.32181179036866,8.7114874591698,8.6260529311914,9.94256023841086,10.2677661146897,9.88925309721185,10.3417235683605,9.62290384995941,20.6740326548836,9.88550809024599,10.8026047851006,10.0006124831183
,89.5,10.4282881305808,10.9147350981287,9.52446035198949,10.3676136394864,9.44492680564679,10.7373347327947,9.90588978207501,10.104303408852,10.3445038678079,11.3282435911985,10.0293011974891,7.44388826381629,10.9795377453348,11.2712051024364,9.80334025075854,11.3442153327134,10.2179758099279,9.83008813513356,11.779044652816,11.341649890751,10.7541278983398,10.7614940553769,10.4757581500372,10.7678036122803,11.5116261503171,11.3693242831217,10.2901573536157,10.1526175018754,10.7780884434023,11.3463170169499,10.9193305752626,10.4846261992529,10.9429768601634,9.75134231637651,9.77128538955151,10.8873457424615,10.5622668004642,10.2586377084868,9.70176325532105,10.4787203672978,10.5751662692858,10.073921078665,11.0531649918748,9.86856270746966,9.45815651032962,10.2206369491895,9.31514155967255,10.7947006161066,10.9856918868459,10.7726514537442,10.4203247628047,11.8794351244832,10.262450326901,10.3701019206123,10.9468170495859,10.630807847705,10.8422759473763,10.7148640149011,9.45222766615609,9.40263262383166,10.2419361971083,10.4901636449597,10.0389270213739,11.0669358046405,9.42764240127269,10.2400826848914,11.1155070138628,10.2218176185559,10.7043565129861,10.7659719556586,8.52554787293184,9.49254763645848,9.11571880636569,10.0837520829429,9.7454788107691,9.37532446815993,9.26713817686749,10.6470168563708,10.0095954151757,10.1910076982912,10.7832233938454,9.09975629998166,7.7507427862169,8.06618591666034,8.17115086884979,9.73137351855115,9.81066467602091,8.82020468253927,9.6617538804353,8.60629298323488,19.7935207926778,9.07948737087094,10.3046417770409,9.41250248943987
,90,9.93081157671992,9.94567553014451,8.26237005215177,9.30427937061472,8.86452125228629,9.98782568013553,9.37135741531608,9.48094718393435,9.79604391455911,10.5024342316003,9.20655018495427,6.96520195341725,10.4282581472041,10.8461808688659,8.6868590117486,10.9301291699591,9.4262414873009,9.48492146466265,10.4477240025309,11.065866979928,9.98481923804201,9.36389047756887,9.64884465756222,10.5920040160744,10.6877705247019,10.9424583356727,9.61924472623735,9.19992894721867,9.95346659396273,10.8221767962957,10.0145261488428,9.94403016667997,9.61886423531445,9.33233215327749,8.97895072316771,9.8994255409981,9.79967345177806,9.16939601318779,9.0419720779845,10.0584759686736,9.52394296799292,9.30927756145513,10.2156419345419,9.45796678272325,8.85527828310734,9.84985030414867,8.59269533190422,9.93050763642322,10.3553083387736,10.1938489690211,9.72705042242819,10.6092710277353,9.78866969710509,9.46162312835708,10.4827219690805,10.229057207466,10.133491310708,10.0968527623533,8.93410526066378,8.72215859098424,10.1034667321787,9.80680714710797,9.29961799163129,10.5997895859666,8.78056623193675,9.61561238665053,9.84138465495607,9.55488732071416,10.1119331268039,9.7865862751317,7.92014343717534,8.74068589013609,8.66343228235093,9.37609227291227,9.25353952022374,8.85918000658711,9.01253752466943,9.64539942511186,9.08536866283396,9.45630310435809,9.6151404257605,8.38253232162401,7.60407068944158,7.69590925527069,7.75152186368774,9.10118512295008,9.17775862675722,7.96892257961917,8.78168849883986,8.23624264702704,19.1062923374247,8.51087179301885,10.1871137279059,8.60294471758152
,90.5,9.24779744488006,9.95453761835364,6.98783091435001,8.43437608146786,8.73021464629551,9.27150282109886,8.9293685393269,9.32387700943804,8.78804862006149,9.90556220745657,8.76731640477584,6.24931003626983,10.1139090155687,10.2334803425145,8.06296513341272,9.9435444822513,8.74331205505456,9.12824381524683,8.85005715870687,10.1809154592552,8.99766866320027,9.18380111665761,8.65504492877375,9.68681183607208,9.96910211518457,10.3461957347653,8.45329498907972,8.6616258977096,8.98011423328717,9.84383726225184,9.08622638325409,8.96380393824336,8.60613076920112,9.08059369129296,7.97011268115398,8.65590099691639,8.93099017568147,8.45172950591041,8.54422603091865,9.61861564646171,8.44106563691952,8.73442637945016,9.25397092961583,9.18294465099228,8.25776916574512,9.74267149369882,7.78666503945323,8.40824288459112,9.76498970003564,9.51040451903867,9.59788030259131,9.72758044635793,9.34719217294946,8.59124171355984,9.76032474885955,9.32810495167121,9.49149608884841,9.65394880835356,8.43790400792545,7.92246239393035,9.48670882954883,9.13660612461644,8.47825593186184,9.24241795738646,7.73137162722577,8.97254194833044,8.59127928558462,9.0392175966951,8.84793733702884,9.08076401669285,7.11179096709117,8.03525567156697,7.98591103964128,8.7132717667057,8.38694134087194,8.13045836976704,8.39957208480996,8.86851713251514,8.02438984726945,8.58131267194636,8.5043278611131,7.90926474731276,7.33119715234471,7.16545009938551,7.21027287089424,8.12969022157313,8.86471069781072,7.44091799350622,8.10048473127966,7.92257618699665,18.7968582605164,8.19662237593002,9.24716687100641,8.11640430481117
,91,8.71659520845702,9.74660088210106,6.3603093594345,7.63676432030178,8.16906913019005,8.36820834986389,8.47110702219766,8.45672305699122,7.79486325120865,9.39986079414325,8.14289296642181,5.98685084362472,9.21964278983273,9.47618636354036,7.41066870063128,8.68460933127375,8.31957196173562,8.38305492215528,7.5349313925355,9.30520888883865,8.26990647594238,8.64516347702215,7.84918228887767,8.2995021627973,9.11162787153552,9.49246411708214,7.4075657522846,8.21209434379085,8.40079853766321,8.91246680621634,8.34592525644672,8.20618059682789,7.69360192855237,8.12228630746449,7.37191798925744,7.9318895299657,8.04518695146788,7.84603679905644,8.18829771216724,8.90759306506885,7.08842658838341,8.18818948133196,8.40716845883958,8.31550244578074,7.40707835169388,8.98402423539267,7.49158444774088,7.16270760486577,8.48072384445578,8.82157635263729,9.10367818557006,9.2706667292033,8.80553580616493,8.05330524285631,8.69656896825717,8.09131093221663,8.8552395269935,8.85123546671838,7.79379241811762,7.60200448058646,8.79590786137618,8.6319280912968,7.88225669838261,8.08994756016841,7.24524019388952,8.19513017903813,7.91991361246147,8.49374758530081,7.52622293553191,8.37763435684394,6.60493338264018,7.10059298599504,7.34864391918467,7.85740642293985,7.18296082962257,7.48921818921667,8.01042076701719,8.02012085128121,7.5479870377556,7.99571451378978,7.71935152629499,7.54616635988037,6.7640416916463,6.62188403320857,6.51567470270254,7.01336994790273,8.08241505269939,6.53130677589644,7.54679455238147,7.42393493346191,18.4102646423681,7.78783776130302,8.33211916683564,7.62883636837859
,91.5,8.67442158498085,8.92859685499866,6.12084551809704,7.01490249688896,7.55721264142591,7.42152882133809,7.58681243734259,6.88618732503397,7.10081139825371,8.53039039067477,7.07410114564942,5.72192413133803,8.10930480204684,8.86918160456679,6.89697936565193,7.94548005854739,7.91134770653025,8.17226141220107,6.56804705949384,8.40671759939869,7.29503086405907,7.36755460485989,7.15884638056986,7.4291273461144,8.30301902579481,8.25645594845298,6.8684532877034,7.68328514935678,7.51929391398062,7.94147662622885,7.44188008886891,7.52677242369936,7.24813030637927,7.34051520102622,6.96415670667233,7.23527302513429,7.2103712100261,6.86052088551952,7.27550722102791,7.82547460663187,6.41976479024777,7.52594401946828,7.91544968785269,7.58339894605427,6.62495255739935,8.61437373941078,7.06215170979675,6.35837081726635,6.89473253654774,8.24653546022245,8.31690358959941,8.34643628906264,8.29329509196509,7.3249924734348,7.92467897985642,7.27006958882419,8.47748754391881,7.77694657158094,6.87708485096124,7.5291404198033,8.13859120473103,7.96992643974988,7.37581344659412,7.7139811805788,6.75041822672819,7.52225606315091,7.29118184343457,7.59360656907592,6.59724645689585,7.64787173823447,6.53645593434629,6.07788257182807,7.08854995930824,7.20938973710412,6.49457544179904,6.99022776418923,7.80033813121821,7.17076998314855,6.96393787306948,7.45764580243866,6.63843907958886,6.99834591697595,6.10832304621198,6.3829471947767,5.97879625531755,6.4105590392482,6.84385394606483,6.08813507208703,6.74382388917797,6.77759785705649,17.8896723075433,7.51640571029907,7.90364790611244,6.79365144203825
,92,8.64453130794004,8.16919551300788,5.77111566824311,6.6511975972403,7.1710031179357,6.58626962816015,6.92452446143602,6.10186264072058,6.63722307417743,7.56469068698794,6.06484140938534,4.94624131150539,7.36733117372279,8.17846384490963,6.68374218826688,7.4057562898326,7.45216197955301,7.71697064823269,5.81584176289113,7.11677860645432,6.25065224339812,7.11556706595337,6.55342468828871,6.71075967388839,7.54528781478263,6.84384900521991,6.3502784378698,7.19517405123452,6.56519512787742,6.66676469995537,6.84973408131259,6.77397763309733,7.49879085861744,6.93213165603515,6.15813358375112,6.60114769775049,6.39213972271318,5.95893357568229,6.72347669218567,6.98811225563554,6.2378146049129,6.77592558831287,7.28322761858334,7.08769489639786,6.44777488079893,8.20385880971111,6.36548837871851,5.62177535217717,6.07924197061402,7.47567226039587,7.7371934492233,7.3149537341564,7.63230401004665,6.28007917818837,7.38139104240258,6.53866624397364,7.63115666083735,7.30211256238431,5.91678087511269,6.82250170148478,7.20192342861225,7.31004009339364,6.44672806242698,7.17504425405332,5.74952218305208,6.85332628276467,7.02026006161935,6.96969780890555,5.82270563656863,7.09199635125077,6.08519579952622,5.185701540222,6.74055882294584,6.65794311395138,5.94914653217455,6.31167484266507,6.96911348553766,6.59123753280119,5.85153416943336,6.80815739376862,5.7983853059402,6.53519481057816,5.5155157446236,5.71686012333021,5.62664378038477,5.72366379590704,6.19001920740192,5.95123262932128,5.98131792095546,6.24738164112074,17.4682537299415,7.49548504096845,7.33186477778099,5.78409137369681
,92.5,8.04996029312656,7.50017831664599,5.51178826673004,6.30733814505703,6.58497967192437,5.9605456714317,6.41484443943489,5.7985475950718,6.14478938971689,6.50977739325822,5.40055777972606,4.50525266208263,6.62329020080432,7.13710609604323,6.68822634022973,6.44877380495092,6.94763337246991,6.25540066835771,5.20689500764814,5.9640522193738,5.88794095585166,6.73756526901428,6.08627295329893,5.79693791229488,6.70385786304087,5.91919575530653,5.7406583629363,6.49958545890013,5.88261294956141,5.43777040425465,6.10164402942831,6.37923898367507,7.51526885572042,6.11637248429355,5.42515873995904,6.18107217659502,5.53927196080627,5.39700427031607,6.43229097817544,5.97438786124093,5.88680748214188,6.09220278633478,6.07455203615319,6.06075691151477,6.14838807156406,6.86267618111197,6.25024244267928,5.05500886885244,5.23092016269368,6.68804827318513,7.16606400302885,6.77648348582233,6.94099460307962,5.54219840366363,6.66982011117784,5.66001145532243,6.72401482569717,6.90153143174894,5.21346462258879,5.76884293543736,6.27849214471286,6.58075256757007,5.8821226441973,6.36798219821685,5.27702925982663,6.06826337002167,6.98423962015153,6.38167632346716,5.22101887977328,6.55276832439722,5.50664342239469,4.67955949318872,6.17079474491584,6.07219474656171,5.3767523457505,5.91804745744554,6.32673388289055,6.35441713325145,5.52273598136679,6.28214706793779,5.29982702460734,5.95815600368587,4.51903331173054,4.85736933889427,4.91197561300828,4.64275405283917,5.8253871771476,5.44922618260233,5.31371072642952,5.8453748046432,16.7826730711635,6.61233397576723,6.62783250169309,5.16043416375203
,93,7.14615084787437,6.57806792317575,5.15153567143147,5.95578620254076,6.18498046667202,5.43834164789502,5.71644333963161,5.47309278725731,5.77142820019782,5.33937443688347,4.6531277729307,4.21721091047652,5.74382498966645,6.19247540613719,6.0834263578206,6.0907117734601,6.33053492358323,5.39725130789719,5.24027388181588,5.17238629232185,5.50135157987847,5.7454642527801,5.79730291988585,5.8364418093413,6.05158568584807,5.41339673017978,5.19969095733944,5.58540159417976,5.38948665394111,4.93012033382917,5.25292868157999,6.0647349952373,7.51357219497146,5.35721285847836,5.04202786245764,5.61539310628103,5.08331674455337,4.7489083940863,5.51641205693136,5.11883042845074,5.85761480054538,5.5750441473424,5.18221195235486,5.36395723767691,5.59260977912544,5.6414566315093,6.10636445571049,5.06968551586692,4.50624861541741,6.36233673318804,6.06413531762661,5.91202654960108,6.34846919300634,4.84672871983781,5.84958994246227,5.22157576833757,6.26452953263379,5.90549429803019,4.38187439219314,5.07044163797713,5.76494906434704,5.6662276883099,5.34844614348987,6.14902447648052,5.16500957725208,5.64355600122303,6.78270278660671,5.72433921597252,5.00891255770597,6.15944510624735,5.27980121674278,4.27544746595913,5.26075470888406,5.66658791096,4.75645069076404,6.00029546749562,5.95859160381616,6.01259282538928,5.52265432394159,5.23119615921161,4.83773811202121,5.14108237017285,3.7141356887858,4.15091765116296,4.39388843709878,3.88815722062714,4.93129095141472,4.9863741262692,4.6192203306037,5.10888513740554,15.6856099751859,5.60757752159475,6.12597323414752,4.60317903114043
,93.5,6.07525745147098,6.00355652122749,4.68046597587579,5.53581548986028,5.75247745708657,4.85632230968776,4.86386937014908,5.65153852826899,5.39549934276903,4.26594489609056,4.24597609007907,3.90453476118637,5.57114374228274,4.75302515446049,5.43818004091003,4.78802441611543,5.36441354628511,4.66458660233758,4.99692132804483,4.34451336737334,4.72282387511899,5.47362482573817,5.03257095761825,5.65275856300337,4.95726123142595,4.93339334736993,4.80626894322103,4.99772691969525,4.49262767287337,4.73689686909091,3.83663298766959,5.3617854070128,7.16078147095476,4.94370512643428,4.42649401530269,4.6375310973329,3.90180682895362,4.40282951122072,4.11927185567009,3.94498676945415,6.13992258817854,4.97717296925003,2.855846371589,4.93416779466884,5.50330447437136,5.03710897441198,5.53666582748104,4.28599959718576,4.26776921282794,6.07241669144628,4.88652192296286,5.35935797211914,5.80423579839095,4.35920162900698,4.87755037352321,4.56001290943908,6.055544422911,5.04606543479503,3.28969115156127,4.04769921802432,4.77039153563516,4.79617188706089,4.65708396982183,5.58232819098765,4.52974445163335,4.89757569273985,6.21274521138298,4.63720075134074,4.98340937087124,5.61037943856888,4.79977652690468,4.05881023384148,4.77189481269102,5.81048157428,4.58114647520216,5.57168974827505,6.11724112409001,5.49565110100156,5.36025018689935,3.92165391852677,4.58243383001337,3.7483385857206,2.9850249194397,3.56424172567006,4.36219885533728,3.34290142227542,4.55374926936867,4.83581325358278,3.61907647651236,4.20387092311404,15.2211247980507,4.15037862821964,5.73770915520441,4.23962123198231
,94,5.09258191134597,5.75301445476003,4.2961637410952,5.32276632761534,5.59156452397514,4.71921105584858,4.51159973669212,5.88864865910409,5.2998731853682,3.69103708909643,4.20760448570724,3.79528115994151,5.51462270799868,3.69146983166968,5.22401630392596,3.78368451830323,4.75996951524553,3.80805421070676,4.62039741575512,3.80802099524936,4.74130739097353,5.38088921061495,4.55775114119734,5.53370598033672,4.30662642067614,4.83137350176611,4.65161658290702,4.51067048099259,4.01667028598382,4.5791301612108,3.06092869533154,5.11537172650452,6.93639481595488,4.70676185173232,4.06019295067409,4.05532976048738,3.16614930340381,4.49154046704251,3.8269121409009,3.29229089751038,6.20480769319164,4.68604354977032,1.10999459508247,4.42969288342232,5.48344755963944,4.25353268288359,5.39742040555046,3.91130070230679,4.1789364757301,5.83889963500013,4.55881292683102,5.30446250096924,5.57400801775634,4.13286505631976,4.30377472267577,4.00872003460967,5.7415201478837,4.68252179637096,2.874219930386,2.93627002126362,4.16670076041117,4.27919073461931,4.52555495655474,4.77849016242209,4.42609517522652,4.51560542831652,5.86136524528496,4.29350745299399,4.77402277644802,5.38785587571692,4.19655058195661,3.8544843149474,4.49071401547894,5.86072276038772,4.61131320740719,5.34081266565516,6.07683323878291,5.49033048572056,5.56677931670396,3.32388004694184,4.49551809332525,2.99722138010048,2.53850113341338,3.11724460721609,4.09063524406389,2.4763086117951,4.61932883573166,4.41647851152288,3.17024616597399,3.91463922512662,14.9180424933837,2.9938773463665,5.55187007282581,4.18870666411658
,94.5,4.12735301513806,6.2940192107904,4.32893813783522,4.79080584172891,5.42878462611219,4.14853329573413,3.70714179118079,6.73778493517329,5.07468693182415,3.26997935591271,4.90040192432895,4.70514735969016,6.13408066898012,1.77305515881392,5.2409868286768,1.01791323303172,3.938615506009,2.84951484222387,4.38010048497966,3.7672124499166,4.22445710705387,5.50113508204146,3.55915780344714,4.84419908442379,2.93027659696077,4.90684452389058,4.7345590614463,4.58228981035683,3.25094644290908,5.29278243120785,0.865221753261949,4.86056015001378,6.22379834008149,4.68565205440535,3.77990496426384,3.30375003450257,0.968852066411614,5.43677155792983,2.263896967059,1.7331509221533,6.76309443641338,4.32921810417992,-3.09415106156104,4.04292097512774,5.65575595972314,4.4333000310678,5.69077138768188,2.30419466428907,3.91494157378793,6.0127897290983,4.08428101346794,6.72760772840678,5.88482743929558,4.8425946350132,3.43765462937375,3.02136620153482,6.82762479029617,4.06624635108386,1.60369435222077,2.07103291735069,3.3533747316157,4.0897828470263,4.8689909400789,3.65315917550544,4.33665783014641,3.79958241967228,5.64540395722219,2.86900896113531,5.32928038875122,5.10346317282574,4.00203931647906,4.47052061051215,5.07820460388643,6.73623246630837,5.44564053515319,4.6875762702013,8.26337687581236,5.71453229039236,6.49577622825558,2.49743769083551,5.10673802198789,1.3301476610207,1.73355498421557,3.55890434956257,4.13008928297955,2.07388432443037,5.13407192848985,4.81266821213853,1.90768891717352,3.54646472698664,16.4372844166559,0.540080482489543,5.47426783048655,4.80361835858639
,95,1.34542502183569,3.00870804698394,1.95498267549766,1.72601856709582,2.21131216279031,1.44802336209119,1.07816934354071,3.2063939740674,2.03516490252474,1.23966841978518,2.42372837964655,2.42543642916041,3.03771213356379,-0.225141275038254,2.32978933264712,-0.974841547379185,1.27250008692658,0.905032353501099,1.75407983240524,1.62333678228953,1.358553628587,2.40239490200025,0.961993158287271,1.59041927507843,0.541307446001383,1.99499535625381,2.15936184925835,2.12742879563012,0.991245751792633,2.63668023659835,-0.797998210509149,1.85625858083796,2.31405613784005,2.03875939436711,1.49125070422525,0.971991217793345,-0.783409948962458,2.86777722946152,0.0449701782060288,-0.0765202573818442,3.20693880848665,1.65902865582865,-3.42572914649446,1.59203813703192,2.46721637179508,2.28099904714441,2.5267843817648,0.0982785929602414,1.5202388086982,2.64303857678459,1.46545284567333,3.65809618019551,2.64530171315869,2.42812999981669,1.05306716103854,0.753241400242985,3.57182930363825,1.43995123117151,-0.113847031395892,0.638353568946911,1.01862693611764,1.66070511411931,2.19618041590297,1.05934417729014,1.66455017436402,1.27560316027979,2.23134683442908,0.441676787792687,2.5819956725955,2.00438771080144,1.60133277867402,2.1598327851251,2.61343461353158,3.34556914957625,2.78752108217054,1.52763175517356,4.77886399094086,2.47872791809988,3.13267572215221,0.710024827239693,2.50151006887063,-0.284317795611685,0.355276752523935,1.96806119744053,1.96633072100218,0.908801184851256,2.47101291593521,2.45160526481618,0.123084428132813,1.23553072205618,7.88332886925662,-0.927352413308085,2.28389538014568,2.36277113117376
