,Temperature,A1,A2,A3,A4,A5,A6,A7,A8,A9,A10,B1,B2,B3,B4,B5,B6,B7,B8,B9,B10,B11,B12,C1,C2,C3,C4,C5,C6,C7,C8,C9,C10,C11,C12,D1,D2,D3,D4,D5,D6,D7,D8,D9,D10,D11,D12,E3,E4,E5,E6,E7,E8,E9,E10,E11,E12,F3,F4,F7,F8,F9,F10,F11,F12,G3,G4,G5,G6,G7,G8,G9,G10,G11,G12,H1,H2,H3,H4,H5,H6,H7,H8,H9,H10,H11,H12
,60,7226.27114091256,7543.89574428944,7010.61879205931,7338.98539121926,7306.99568090759,7374.45670173443,7497.13606410895,7197.2141455056,7467.50700538175,7645.61133413995,7393.56494762332,7554.59962010261,7054.20413179078,7694.20789004414,7787.45504024935,7639.42654778771,7728.95848235234,7783.49779582412,7766.72176051479,7650.66145231709,7419.05380843439,7481.33034548998,7294.11888113166,7218.61724392491,7392.19087377277,7563.33857775586,7553.65959144614,7695.37620710037,7551.32754737381,7882.74097699826,7761.21331926005,7764.07647344251,7168.08202901673,7479.51710833852,6811.60653752697,6754.53356119284,7267.60572016666,7556.32137016151,7794.25431771124,7776.34990767816,7714.60701488902,7992.99973389228,7774.13945834245,7785.02971220231,7509.56583397819,7466.30143333497,7509.54314706222,7648.63116286799,7354.68396041056,7982.12417040208,7779.68786258508,7323.95213259367,7798.27600977221,7884.53848636859,7486.00808311923,7881.22091995461,7611.70960182918,7843.18460260105,7476.85259743681,7333.98329939073,7736.68613976892,7560.11646635969,7614.65891313944,7624.5722453497,7377.61166024725,7523.36252144508,7437.18782376708,7580.58347336966,7478.23049977301,7718.6672842583,7356.4730491578,7634.86698178265,7496.21362812034,7116.43822731055,5584.87772308683,6124.28912689777,7080.93276270015,7097.12423008544,7366.3648549223,7161.2182646207,7431.77705080107,7285.40437216496,8028.21368183854,7388.68917829842,7454.59438866077,7119.75230713969
,60.5,7187.46201176591,7496.50942395006,6966.83305039148,7292.63467120467,7260.98757848765,7324.74335760742,7449.0100570146,7151.76280920783,7420.67012747976,7595.08298223873,7347.29454656568,7505.80913368241,7010.19442667457,7644.21963847746,7736.67516676468,7591.33844350977,7678.01282206157,7733.12103265902,7716.79570809972,7603.28345945728,7375.90133766213,7439.22668418433,7246.4080139504,7170.14722878381,7344.66177828201,7515.4374599822,7509.36268265418,7649.34849039679,7508.0216379298,7829.93046115135,7713.33913274279,7715.36630217049,7129.94693551639,7437.40704198953,6758.38909832887,6703.99554947254,7220.86948163271,7506.97545598296,7744.0674788967,7726.22962223848,7665.37963435565,7944.95912397551,7725.38916975066,7734.1347514081,7464.37270171013,7424.79670911848,7460.12736461875,7599.05482518984,7315.78913071314,7931.61677940297,7729.23577786834,7284.29571207962,7746.56732244712,7835.54810457995,7442.91224696513,7831.69781824653,7562.8966518803,7790.87060742296,7432.38982573438,7296.21982463172,7688.0119630768,7510.86283752223,7573.14520974957,7579.18798783016,7327.5335449643,7473.01391765235,7390.10347643452,7534.48175274691,7432.75215415097,7668.82464177015,7311.48407867906,7585.59787437752,7448.88789843718,7077.09834222816,5543.52504871692,6071.80756043995,7034.65617939055,7053.10748260966,7320.78420592529,7119.59102706551,7383.75153887396,7239.42568518929,7994.80060806533,7342.33155498927,7407.96386931448,7082.9072413854
,61,7148.65288261925,7449.12310361067,6923.04730872365,7246.28395119008,7214.97947606772,7275.03001348042,7400.88404992025,7106.31147291005,7373.83324957777,7544.5546303375,7301.02414550804,7457.01864726221,6966.18472155836,7594.23138691077,7685.89529328002,7543.25033923182,7627.0671617708,7682.74426949392,7666.86965568465,7555.90546659747,7332.74886688986,7397.12302287867,7198.69714676915,7121.6772136427,7297.13268279126,7467.53634220853,7465.06577386223,7603.32077369321,7464.7157284858,7777.11994530444,7665.46494622553,7666.65613089845,7091.81184201605,7395.29697564052,6705.17165913078,6653.45753775224,7174.13324309875,7457.6295418044,7693.88064008217,7676.10933679881,7616.15225382229,7896.91851405874,7676.63888115887,7683.2397906139,7419.17956944206,7383.291984902,7410.71158217529,7549.47848751169,7276.89430101571,7881.10938840385,7678.7836931516,7244.63929156557,7694.85863512203,7786.55772279131,7399.81641081103,7782.17471653846,7514.08370193142,7738.55661224487,7387.92705403195,7258.45634987271,7639.33778638467,7461.60920868477,7531.6315063597,7533.80373031061,7277.45542968136,7422.66531385963,7343.01912910196,7488.38003212415,7387.27380852894,7618.98199928201,7266.49510820033,7536.3287669724,7401.56216875401,7037.75845714576,5502.17237434701,6019.32599398212,6988.37959608095,7009.09073513389,7275.20355692828,7077.96378951031,7335.72602694685,7193.44699821362,7961.38753429213,7295.97393168012,7361.33334996819,7046.0621756311
,61.5,7109.8437534726,7401.73678327128,6879.26156705581,7199.93323117549,7168.97137364778,7225.31666935341,7352.7580428259,7060.86013661228,7326.99637167578,7494.02627843628,7254.7537444504,7408.22816084201,6922.17501644215,7544.24313534409,7635.11541979536,7495.16223495388,7576.12150148003,7632.36750632882,7616.94360326958,7508.52747373766,7289.5963961176,7355.01936157302,7150.98627958789,7073.20719850159,7249.6035873005,7419.63522443487,7420.76886507028,7557.29305698963,7421.4098190418,7724.30942945753,7617.59075970828,7617.94595962643,7053.6767485157,7353.18690929152,6651.95421993269,6602.91952603194,7127.3970045648,7408.28362762585,7643.69380126764,7625.98905135914,7566.92487328893,7848.87790414197,7627.88859256709,7632.34482981969,7373.986437174,7341.78726068551,7361.29579973182,7499.90214983355,7237.99947131829,7830.60199740474,7628.33160843486,7204.98287105152,7643.14994779694,7737.56734100266,7356.72057465693,7732.65161483038,7465.27075198254,7686.24261706677,7343.46428232953,7220.6928751137,7590.66360969254,7412.35557984731,7490.11780296984,7488.41947279106,7227.37731439842,7372.31671006691,7295.9347817694,7442.27831150139,7341.7954629069,7569.13935679387,7221.5061377216,7487.05965956727,7354.23643907085,6998.41857206336,5460.8196999771,5966.8444275243,6942.10301277135,6965.07398765811,7229.62290793127,7036.33655195511,7287.70051501974,7147.46831123795,7927.97446051892,7249.61630837097,7314.7028306219,7009.21710987681
,62,7071.03462432595,7354.3504629319,6835.47582538798,7153.58251116089,7122.96327122784,7175.60332522641,7304.63203573155,7015.40880031451,7280.15949377379,7443.49792653505,7208.48334339277,7359.43767442181,6878.16531132594,7494.2548837774,7584.3355463107,7447.07413067594,7525.17584118926,7581.99074316373,7567.01755085451,7461.14948087785,7246.44392534533,7312.91570026736,7103.27541240663,7024.73718336048,7202.07449180975,7371.7341066612,7376.47195627832,7511.26534028605,7378.1039095978,7671.49891361062,7569.71657319102,7569.2357883544,7015.54165501536,7311.07684294252,6598.73678073459,6552.38151431163,7080.66076603084,7358.9377134473,7593.5069624531,7575.86876591947,7517.69749275557,7800.8372942252,7579.1383039753,7581.44986902549,7328.79330490593,7300.28253646903,7311.88001728836,7450.3258121554,7199.10464162086,7780.09460640562,7577.87952371812,7165.32645053748,7591.44126047185,7688.57695921402,7313.62473850283,7683.1285131223,7416.45780203366,7633.92862188868,7299.0015106271,7182.92940035469,7541.98943300041,7363.10195100984,7448.60409957997,7443.03521527152,7177.29919911547,7321.96810627419,7248.85043443683,7396.17659087863,7296.31711728486,7519.29671430573,7176.51716724286,7437.79055216215,7306.91070938769,6959.07868698096,5419.46702560719,5914.36286106647,6895.82642946174,6921.05724018234,7184.04225893427,6994.70931439992,7239.67500309263,7101.48962426228,7894.56138674571,7203.25868506183,7268.07231127561,6972.37204412251
,62.5,7032.22549517935,7306.96414259245,6791.69008372017,7107.23179114628,7076.95516880788,7125.88998109941,7256.50602863712,6969.95746401668,7233.32261587187,7392.96957463382,7162.21294233512,7310.6471880016,6834.15560620966,7444.26663221074,7533.55567282596,7398.98602639798,7474.23018089855,7531.61397999858,7517.09149843938,7413.77148801798,7203.29145457305,7270.81203896171,7055.5645452253,6976.26716821937,7154.54539631898,7323.83298888753,7332.17504748637,7465.23762358246,7334.7980001538,7618.68839776371,7521.84238667382,7520.52561708236,6977.4065615149,7268.96677659361,6545.51934153651,6501.84350259125,7033.92452749686,7309.59179926878,7543.32012363851,7525.74848047983,7468.47011222223,7752.79668430842,7530.3880153835,7530.55490823133,7283.60017263779,7258.7778122526,7262.46423484492,7400.74947447723,7160.20981192347,7729.58721540646,7527.42743900136,7125.67003002346,7539.73257314666,7639.58657742535,7270.52890234872,7633.60541141423,7367.64485208485,7581.61462671058,7254.5387389246,7145.16592559565,7493.31525630824,7313.84832217244,7407.09039619005,7397.65095775199,7127.22108383253,7271.61950248143,7201.76608710422,7350.07487025591,7250.83877166279,7469.45407181761,7131.5281967642,7388.52144475702,7259.58497970461,6919.73880189857,5378.11435123732,5861.88129460858,6849.54984615212,6877.0404927066,7138.46160993725,6953.08207684474,7191.64949116543,7055.51093728662,7861.14831297251,7156.90106175272,7221.44179192929,6935.52697836825
,63,6993.4163660327,7259.57782225306,6747.90434205233,7060.88107113169,7030.94706638794,7076.17663697241,7208.38002154277,6924.50612771891,7186.48573796989,7342.4412227326,7115.94254127748,7261.8567015814,6790.14590109345,7394.27838064406,7482.7757993413,7350.89792212004,7423.28452060778,7481.23721683348,7467.16544602431,7366.39349515817,7160.13898380079,7228.70837765605,7007.85367804404,6927.79715307826,7107.01630082823,7275.93187111387,7287.87813869442,7419.20990687888,7291.4920907098,7565.8778819168,7473.96820015656,7471.81544581033,6939.27146801456,7226.85671024461,6492.30190233842,6451.30549087094,6987.18828896291,7260.24588509023,7493.13328482397,7475.62819504016,7419.24273168887,7704.75607439165,7481.63772679172,7479.65994743712,7238.40704036973,7217.27308803611,7213.04845240145,7351.17313679908,7121.31498222605,7679.07982440734,7476.97535428462,7086.01360950941,7488.02388582157,7590.59619563671,7227.43306619462,7584.08230970615,7318.83190213596,7529.30063153249,7210.07596722218,7107.40245083664,7444.64107961612,7264.59469333498,7365.57669280018,7352.26670023245,7077.14296854959,7221.27089868871,7154.68173977166,7303.97314963315,7205.36042604076,7419.61142932947,7086.53922628546,7339.25233735189,7212.25925002145,6880.39891681617,5336.7616768674,5809.39972815076,6803.27326284252,6833.02374523083,7092.88096094024,6911.45483928955,7143.62397923832,7009.53225031095,7827.7352391993,7110.54343844357,7174.811272583,6898.68191261396
,63.5,6955.97020971154,7213.18354812517,6705.3942106443,7015.26258471724,6985.56078783895,7027.57039354036,7161.32697829194,6880.6332365915,7140.28392351347,7293.08011456064,7070.61769880815,7214.98636501386,6747.31033973582,7345.63651919247,7433.81614679225,7304.21215585309,7373.43323425994,7432.3080433639,7418.38524671652,7320.52296941325,7118.28233182491,7188.05575496995,6962.75451437684,6881.86307861041,7060.94173896314,7229.74406143872,7245.73120158194,7374.69474072516,7249.49594728191,7514.86680678974,7427.63774810586,7424.3421997705,6902.69761700823,7186.00586046282,6443.74866975469,6405.48258609517,6942.28056874223,7213.02123340688,7445.26897094877,7427.53876689676,7371.94541368431,7658.33127413023,7433.91819755817,7430.22728341361,7194.49355847015,7177.23239870855,7165.14373423005,7303.60685693341,7084.36796583126,7629.88535919821,7427.99097292437,7047.01608066334,7437.65147802207,7543.09219750388,7185.77277619445,7535.86507145211,7271.54938772324,7478.82237532088,7167.59399490076,7073.97175986858,7397.69243050168,7216.95583852405,7323.24513983545,7308.73546855322,7029.08006833842,7172.61358155423,7109.1593240684,7259.50054017425,7160.88425574349,7371.18015518326,7043.27072493252,7290.82580383628,7166.37011136023,6842.91165823172,5301.99598931713,5762.41925878231,6758.48089079371,6790.6101172429,7048.70372928298,6871.06700428527,7096.77242296328,6964.84676384355,7795.83646592975,7064.55107944732,7128.97289890729,6863.54002865681
,64,6920.12403860961,7167.23404552654,6663.89979801891,6970.53540316257,6941.46837781265,6979.83723301411,7114.81818909252,6837.62936172752,7095.02272529571,7245.08298715629,7026.41920943729,7169.38893976129,6705.54174489345,7298.59926334944,7386.40853455728,7258.63598292221,7324.28825496317,7384.72136354264,7370.55227027453,7275.96618745892,7077.40186009903,7148.72147932773,6919.88356977172,6838.25063645342,7016.06578203359,7184.9336080362,7204.48650836776,7331.77948479976,7209.29763709382,7466.15825366393,7382.62957027062,7378.29620434258,6867.61282931926,7146.67462430863,6398.93919649645,6363.33108140382,6898.34207010602,7167.32515307605,7398.98104037294,7380.84082890582,7325.57725412613,7613.17868434684,7387.79789243061,7382.27097519858,7151.67737395266,7138.38273264735,7118.3067039375,7257.38994825679,7048.74541932238,7582.15348465894,7380.91552986339,7008.96878316747,7389.53047350219,7497.73341538705,7145.83722195135,7489.82856555322,7225.91240851259,7429.97761804733,7126.92911324306,7044.78740658249,7352.96344132079,7171.23083445256,7281.11474373393,7267.25949226414,6982.04146779124,7125.76617936422,7065.41964083364,7216.94803864424,7117.81939160959,7324.56536380834,7001.85074985776,7244.20714822028,7122.40650963049,6807.25459569036,5272.86073011337,5720.79953751054,6714.93099686924,6749.18067372189,7005.87409440713,6832.08176905774,7051.73574254895,6921.51372816136,7766.33785070979,7019.55061388814,7083.98703167502,6829.77336026506
,64.5,6885.7718951207,7122.36515083512,6622.77872017913,6926.83727068537,6898.49583121326,6933.03443679181,7068.95643587487,6795.8448384599,7050.84160340439,7198.55382029674,6982.85788571968,7124.38642900743,6664.56014174995,7252.87570727372,7339.9505193444,7214.08987060217,7275.5494706971,7338.76094890387,7323.8768288179,7232.78753143893,7037.96041000884,7110.55708191711,6878.71937212692,6796.44900016713,6972.24035627683,7141.1246520265,7164.14258207255,7290.36103055028,7170.77990292327,7419.07901618286,7338.73938489368,7332.7474177959,6833.96950860937,7108.74802322378,6357.4860516372,6325.0748078632,6855.46771842229,7122.76392194817,7353.8440230258,7335.39251843805,7280.48567761238,7568.83608823472,7343.02306503671,7335.85625531731,7110.55555093875,7100.08778548042,7072.16017111372,7212.01425392979,7013.95960746018,7535.43221910351,7335.03088753149,6972.35897438835,7342.72021216751,7453.10791672763,7106.85237552046,7444.56295537609,7180.36063771807,7381.62905511938,7086.95776622002,7018.56818363643,7309.27878084208,7126.27158847378,7240.04447565873,7226.88368243349,6935.37631082568,7078.9935058813,7021.44405923011,7174.74619786252,7075.20882233238,7278.43878139753,6961.13458071364,7198.18960913979,7078.83529802808,6772.07613378291,5248.52191940107,5683.06507894562,6671.42523161668,6707.49231916465,6962.64085499196,6792.74606374736,7006.84257764897,6878.49222337207,7737.13401928525,6974.0925051731,7038.73592473369,6795.99356878878
,65,6851.88983157502,7077.01863119738,6580.69075320953,6882.99909479028,6854.69709898066,6885.86008041972,7022.42795252512,6753.71332114976,7006.33478094861,7151.20453046854,6939.25437234063,7079.52025021336,6623.90049813793,7207.06763978007,7293.74802727751,7169.20544507205,7226.45694246789,7292.54141318501,7277.35786856446,7189.32926721196,6999.79576121498,7073.17279306547,6838.9806355273,6755.30248301912,6928.59396880949,7097.27330422603,7123.89876911415,7249.11551056485,7133.21388233646,7372.71405524085,7294.85273697249,7287.35237638526,6801.09651377955,7071.66124341827,6318.12138709944,6289.29252177487,6812.41644301065,7078.33146662365,7308.50653249298,7289.87234433155,7234.56426768145,7524.15077566138,7297.53784033969,7289.40720313992,7069.09855548575,7062.11845912492,7025.59152832357,7166.61176610639,6979.72450203523,7488.67670018993,7289.33965784696,6936.75959757204,7296.18108205743,7408.72022536438,7068.44733489838,7399.11956761746,7134.10704080129,7333.17354854889,7047.38610693394,6994.36166012337,7265.4696986909,7080.63657834267,7199.26863015628,7186.86775283873,6888.74268506925,7032.11569328361,6977.24663899032,7132.09967730173,7032.18584325224,7232.70489216089,6919.92429979365,7151.82462588121,7035.19696437138,6737.26302647752,5227.76345506005,5648.48760973182,6627.52900939164,6665.52096512747,6918.95413768072,6753.11302623763,6961.76105170291,6835.4008515347,7708.46742759734,6928.36634502923,6992.99505809985,6762.20695178401
,65.5,6818.13145875502,7031.30516216613,6538.17097209173,6838.92934491348,6810.76322368834,6839.00005541323,6975.39740783854,6711.1296727804,6961.35510551845,7104.07443182878,6895.47800014929,7034.49550356893,6582.97070492824,7160.66897709736,7247.73872268499,7124.35887682553,7177.56119576398,7246.16855197017,7230.88739177072,7145.9970057764,6962.41696620049,7035.72406389822,6799.78424891776,6714.95939470606,6884.80042217798,7053.09159060401,7083.77580249179,7207.91782238598,7096.42870904131,7326.88172504691,7251.24302374151,7242.00003661296,6768.93819857719,7034.7747635006,6280.59493968636,6255.69780225406,6769.17310511674,7034.13094739792,7263.40794427149,7244.60576261752,7188.68802383002,7479.22097680512,7251.77674734648,7242.60802496401,7027.21526862826,7024.31925058404,6978.52024592423,7120.45939545611,6946.1265271042,7441.74836498846,7243.87020399714,6901.30061984502,7249.85894785548,7364.25637542929,7030.66517483489,7353.53650688991,7087.11285405927,7284.23944449859,7008.20974883164,6967.77029380328,7222.01021705059,7034.76966543661,7158.48592311862,7147.53134206959,6842.33212222801,6984.68704987514,6932.73030124703,7089.52554415721,6989.12273011998,7186.58063424113,6878.21173545918,7105.42938493066,6991.13287315798,6702.77731137629,5208.6705023319,5616.80034254878,6582.92856200912,6622.63698159009,6874.88992073322,6712.49190142246,6915.96165354642,6791.95833884918,7680.43149281006,6881.33871664872,6946.24344823005,6728.54481769865
,66,6784.38485642228,6985.19993565898,6494.82733476919,6794.64944025632,6766.52880100447,6791.66786543424,6927.65206512526,6667.84279747061,6916.08931894326,7056.08203947845,6851.72754460716,6989.05659326902,6541.86480815642,7113.45055144819,7201.29925260728,7079.37947053644,7128.15287792507,7199.23536974211,7183.64232258266,7102.27330923547,6925.06403900499,6997.56946802053,6760.81618677442,6675.74967241323,6841.01269598963,7008.26618804063,7042.29373359134,7166.39660223494,7059.93880988785,7280.84659618821,7207.74836510038,7196.25365717264,6736.33613370046,6997.62208890721,6244.64216264478,6223.78304620437,6725.37785883182,6989.73249394471,7217.94913155115,7198.7589326237,7141.80770629269,7433.03592983375,7205.82839883982,7195.24420577918,6984.42950482496,6985.70143661436,6931.08919034231,7073.54749878476,6911.60728437115,7394.74057780918,7198.43674925586,6866.32794364358,7203.93059441923,7319.33315007668,6992.53125956017,7307.74693696746,7039.27612897604,7234.7624165519,6968.62225665158,6937.71768281286,7178.47799323339,6988.36661891549,7116.89714724534,7108.18317325578,6795.62090077787,6936.89919608317,6887.92292706427,7046.81094890614,6946.12367210501,7140.49705905002,6835.75416878923,7059.6439867984,6946.90091810888,6668.05196614487,5189.63462375698,5587.49665817519,6537.7306335673,6578.90587455991,6830.4359440905,6671.82944032508,6869.99674591237,6748.45627696661,7653.96471704607,6834.47436417895,6899.25629978123,6694.53652237591
,66.5,6749.10787934213,6939.15471918382,6450.79701439877,6750.07621867154,6722.30460991832,6744.96417581675,6879.48745403415,6624.69817254097,6870.68048692519,7007.56441055136,6808.33437376213,6943.67984400164,6500.66056422172,7065.58306553305,7154.61855008487,7034.26494330814,7078.2272529144,7151.75829655575,7135.67902621328,7057.61758816213,6886.37416551051,6957.36723123572,6721.99618307701,6637.15634428756,6796.98846850197,6962.77853967376,6999.7022094159,7123.19809571205,7021.40653206391,7233.7521048715,7163.10509377348,7149.44042776738,6701.96078172029,6958.33746594614,6210.05299388126,6192.99991148494,6681.05061515388,6944.28993817839,7171.113392271,7152.2798124818,7094.61660502544,7383.72298020571,7158.71823255711,7147.00705127374,6940.9682144133,6944.8180608239,6882.86794442379,7025.23001405999,6874.14425841157,7345.90277426124,7152.43088301457,6830.27523041676,7157.09135099667,7272.50064737159,6952.10695321266,7260.16163146646,6990.08118240458,7183.92087297394,6926.56487651801,6902.33457639608,7132.43329108218,6940.8536931505,7072.72333971434,7066.79073051798,6748.43748314291,6887.85873466361,6841.23095298354,7003.06147934108,6902.12212161285,7093.35005077078,6792.17813857623,7012.48675270661,6901.56398294682,6630.97524985559,5168.42735233948,5559.79797580308,6491.43514208452,6534.23769259914,6784.82581358387,6629.96757795734,6822.96165809244,6704.20946671984,7628.26444625227,6786.60439135978,6851.27340110948,6658.55158164494
,67,6709.98920197806,6892.8324684184,6406.09045858416,6704.34104619639,6677.09022761902,6697.28492805724,6829.36966743688,6580.14986560136,6823.79394359868,6957.61929843726,6765.30170467783,6897.36136856634,6457.80518179989,7015.20077209234,7105.6803105637,6986.59364392002,7026.20560673206,7101.62867380129,7084.77495850823,7009.42283305753,6843.58412402742,6912.32884905933,6682.08018160828,6597.82374858193,6750.67827226762,6914.60630797681,6953.48666693494,7075.75634331267,6977.73551877051,7183.43282439857,7115.01704036017,7099.71273737052,6662.9266507088,6914.16581344383,6176.34807287306,6162.36430777753,6634.64144301174,6895.79920865135,7121.02537608747,7102.90263311119,7044.4093420814,7328.66264219688,7107.99512590088,7095.36119263052,6895.00670015699,6899.05077005529,6832.81847235818,6973.70822544905,6831.53863415845,7293.3929311246,7103.79428755684,6790.19621650991,7108.30969738618,7222.56758091072,6907.32092581241,7210.44347178634,6940.17503817952,7131.73890946086,6881.15036126792,6860.4120904154,7082.99962037313,6892.35065049665,7025.47631639431,7021.72159463438,6700.68951090784,6838.2467348895,6793.37234111682,6958.40913942178,6856.36766144368,7044.41062777258,6747.81385744442,6964.26449087426,6854.61728500914,6590.79040190157,5143.53068583854,5534.09585062774,6444.88807249574,6489.32738162703,6738.63672231224,6587.5488244494,6774.52373156215,6658.55471346841,7605.48700300066,6738.9801635554,6803.48087910122,6619.7538328284
,67.5,6665.91205679662,6846.38746531719,6360.51082906175,6657.13372549845,6630.63243113986,6648.77298329226,6777.38776291508,6533.91285106727,6775.59371886828,6906.57316113352,6721.60999346454,6849.39752139375,6412.07845946087,6961.59478928757,7053.39279724409,6935.71767154048,6971.06800493549,7048.53912971545,7030.53074377961,6957.12785729067,6794.51977042256,6860.46938346041,6639.68289759226,6557.2580811165,6701.0995383078,6862.89149307669,6902.04550260144,7023.01251831942,6927.14684875196,7128.72795332065,7061.91736260264,7045.66615065018,6617.57663809701,6863.20798895559,6143.29605090452,6131.39511585417,6585.3603656963,6843.86325819101,7067.047988659,7049.70310628902,6991.30582452214,7266.906740118,7053.74769723949,7039.62156992036,6846.4964121553,6846.62609930872,6779.67235153562,6918.07733421677,6780.95809389598,7235.57807543611,7051.39554554258,6743.51669628165,7055.72540784066,7167.57174045988,6855.3753627009,7156.68508124157,6887.39234188556,7076.01042000953,6829.76510699236,6809.85746096869,7028.11709456421,6841.14944976195,6972.77466706671,6970.62019034778,6649.97817063214,6785.90963275811,6741.93529540928,6910.38493832159,6807.14468777443,6991.14087029758,6700.14651570316,6912.91181921109,6803.89787890896,6545.06727077824,5113.75402634903,5508.97221797839,6395.673350136,6441.47481310831,6688.96599946115,6542.19197967601,6722.51607172694,6609.34994218976,7581.45719198004,6689.00116492375,6753.59044144758,6575.29295815078
,68,6614.62873525447,6797.94199996241,6311.18346393432,6605.92121724026,6579.70291883232,6596.43664953996,6720.5901758077,6483.84453198327,6723.4671491249,6851.54974552543,6675.04961605144,6797.44180321076,6361.37735969244,6902.42999296554,6995.06122814617,6878.81074489002,6909.9005437569,6989.82147305377,6970.13229422384,6897.45280824331,6736.32689509896,6799.35788206366,6592.96539688902,6513.19978816644,6645.34505947125,6805.08378641644,6841.96138546761,6961.21188121237,6868.26175003205,7066.2655981663,7000.33545836427,6984.07755001486,6562.67365991948,6802.38322854333,6109.26280788685,6098.18378436629,6530.42192257209,6785.3261241194,7005.40287677113,6989.16114965177,6931.75860842532,7194.74300199778,6992.45925832196,6977.49547530882,6792.35390653081,6784.43402677859,6720.08793858316,6855.68280792239,6718.69702634226,7169.027027959,6991.84676859975,6687.07875377761,6996.34701774723,7104.21670613647,6793.10840008045,7095.50708024746,6828.718431257,7013.80198565795,6769.02320881946,6749.00493203073,6963.91999367679,6783.89765508901,6911.50988623996,6909.96007209099,6592.86764623108,6727.82783489825,6683.58921871288,6855.20736859899,6750.61686024529,6931.08419465956,6646.74894044018,6855.31492978872,6746.29494695691,6490.43874874557,5079.39336314034,5482.3990406537,6341.75959673412,6388.51469796068,6632.64458554088,6491.2144366685,6664.56289646434,6553.3193658685,7551.95299232297,6634.46518913029,6699.47746824172,6521.82824694102
,68.5,6553.43942276705,6745.10507026112,6255.63955848474,6547.58006048606,6521.32390800284,6537.91512648459,6655.52249101403,6426.57413389036,6663.92158608534,6789.96204005822,6623.07623350687,6739.32801482823,6301.94572328154,6834.36361774013,6926.85087554418,6812.06485973726,6839.7837466095,6921.81220274293,6900.54491046172,6827.22356368753,6666.77636935678,6726.68047906708,6539.25368883894,6462.59819569827,6579.86683205392,6737.98051332193,6771.08924574469,6887.4636147519,6798.59857672987,6992.89564340458,6927.14498037723,6912.42817830224,6496.09575049577,6729.85796487033,6071.33868923493,6060.11964594932,6466.85980804397,6716.5166545422,6932.70438637126,6918.33185414466,6862.91576285295,7110.70354747146,6920.29073389966,6905.43556618249,6730.07564920453,6710.64417363181,6650.97966975461,6782.98409271089,6643.69122482412,7090.33057666601,6921.28683979034,6619.48623805836,6926.15259931382,7029.55146813895,6718.67349664966,7022.92188650446,6760.75460658179,6941.39503990156,6695.83932084295,6675.95403797042,6887.4341522957,6717.21626855366,6838.56372027602,6837.01063941993,6479.67999188146,6624.5266160289,6612.20338551498,6784.74345441297,6681.24613839229,6857.8337723702,6587.32855083675,6789.82717802958,6675.49484624397,6438.1268775623,4938.11495774363,5333.14602961394,6237.0533016113,6299.42865409547,6555.96000543493,6426.40830606469,6595.52293244811,6485.59125921097,7472.37718962247,6566.98893957033,6672.72941372294,6460.56208572362
,69,6482.95511624176,6685.27139434002,6190.89708939286,6479.11337757203,6451.95112059615,6469.65299621201,6579.2480588191,6358.25072111662,6593.37559849756,6718.21128866023,6562.96172523457,6673.17737119174,6230.69315976022,6753.80182286444,6845.12172631435,6732.28840257367,6757.69073524908,6841.13805600505,6819.28863633998,6744.49023104893,6585.2745889272,6641.87961921524,6477.22372945223,6404.15449836111,6502.33026858792,6658.51292151466,6687.04820370861,6800.62666150539,6718.1530866834,6906.52742430714,6840.92151379122,6828.14021631291,6417.60257927318,6645.28337409527,6028.08933210127,6015.99570860567,6391.76978566555,6635.53716362365,6847.42275009456,6833.87263614483,6781.32323042512,7015.01391760417,6835.19945399341,6820.72266733319,6656.23846417263,6625.01791091946,6570.22546901595,6698.1862337322,6557.12753719821,6998.95753305406,6836.75233827037,6540.48488652754,6843.40843152291,6942.04387633178,6632.35646290854,6937.79732079484,6680.48712237281,6856.72986711508,6611.20459737277,6591.08339020994,6798.68979599462,6638.45801612631,6754.35744107043,6752.12734998068,6355.65839005784,6510.08860824087,6529.35080526619,6701.09776084666,6598.74911763205,6771.13536219439,6515.6449382387,6712.21962604806,6592.23915599567,6374.2264853743,4794.73948285054,5179.37232625177,6121.89886144038,6199.48687236119,6467.06947962636,6349.78544302846,6514.26142216515,6405.6808831482,7377.57291644782,6488.42940269494,6634.66822432938,6386.47926444377
,69.5,6405.27192125965,6616.40333065363,6114.24059882291,6397.9084153007,6369.60098470093,6389.69086575917,6490.37754528673,6277.12926849175,6509.97088669945,6633.70424416128,6493.66468514789,6599.06126882334,6147.10873738234,6660.3579544838,6749.69142146044,6639.38375651296,6663.25321047592,6747.07784534193,6725.46589303352,6650.00165871366,6492.21194523819,6545.99556075393,6407.23844196443,6338.10530758075,6412.5414035962,6566.97430070301,6590.66396213461,6701.46160551802,6628.18853600676,6807.16962304139,6741.47117557227,6730.91024745704,6328.37577716245,6549.72519547738,5978.39341072945,5965.1608943974,6304.71992227335,6542.90899343372,6749.37763245121,6736.4213283516,6687.35935166175,6908.53443648328,6737.331130406,6723.53180169255,6569.17950681822,6528.83781112754,6477.52675446778,6601.59447699212,6459.47069840908,6894.8974688243,6738.23836806591,6450.34271173339,6747.4237450456,6841.59400235715,6534.41582006542,6838.96784192697,6586.81144116211,6758.62593759985,6514.88714925746,6494.716327359,6697.62028382293,6546.2223147242,6658.24587946846,6655.87993575766,6219.21641987363,6383.15328049318,6433.73200442716,6603.35164801192,6503.34230282644,6671.08493650878,6430.68423375629,6621.65160647622,6496.61867467509,6299.04350711155,4650.29927110267,5020.1034354894,5994.72180805966,6087.10767985196,6365.3053873003,6260.30158703503,6420.96638671699,6313.66704715705,7263.28011138484,6396.17484973454,6582.56586657988,6300.09348342158
,70,6321.83920791093,6539.00623706688,6025.213881272,6303.8118274205,6274.63813270022,6296.93414863862,6387.91251240543,6182.7476910236,6412.71214390698,6535.16938990112,6416.54625356093,6518.29658024399,6051.63016859145,6554.07914308971,6641.0020422413,6533.68590451004,6556.80638542219,6639.88505562202,6618.90019295321,6543.62012835452,6388.52462487511,6439.72482695937,6330.71748507985,6265.30029101734,6310.87898093546,6463.14690654446,6482.11121314778,6590.13371515569,6529.26428606587,6695.03321661631,6630.04659346585,6621.06741551966,6229.10970202027,6444.24542548802,5922.2486954884,5907.98872381735,6205.9238453341,6438.20462142438,6638.45257209785,6626.3604370075,6580.88992510085,6791.30849325975,6626.45854528764,6613.92854153141,6468.60510810321,6422.79704525742,6373.41503146544,6493.62124943497,6352.35932570449,6778.87603982727,6626.32585789238,6350.34747422869,6638.87156695761,6729.12173239047,6426.77719196221,6726.97402822229,6480.7153253883,6648.4369331378,6407.64388775147,6388.06556471259,6585.09403536157,6441.38818039241,6551.67972939286,6549.58141009526,6071.40636034962,6244.30000136732,6326.36567610354,6492.54857184743,6395.67802431106,6558.63502969645,6333.98187787434,6518.72680306808,6389.47869785363,6213.39712729285,4505.06540205464,4855.9078010505,5856.49337759232,5963.27014747462,6252.0387656685,6158.77375301827,6316.49648678875,6210.44748903782,7131.69610343188,6291.5005352521,6516.8120916079,6202.41085971049
,70.5,6234.3902019725,6454.68728351258,5925.43212946713,6198.22592410275,6168.73525876218,6192.65227928413,6273.33814484021,6075.47829732494,6302.67041559965,6423.35505768423,6333.38887224983,6432.31586539692,5945.25435232987,6436.45032736809,6520.15112165456,6416.31051666787,6439.54670248839,6520.88939845185,6500.89575438915,6426.66590432984,6275.75218111802,6324.47558504891,6248.92492975014,6187.05106580254,6198.94106194957,6348.37695463957,6363.34929367555,6468.96768664397,6418.94434220714,6571.95934955162,6508.14491440686,6499.79289635453,6121.47212305616,6330.60476715418,5860.06095992381,5845.35266036666,6097.0425687715,6322.98192359376,6516.49804382704,6505.42560007596,6463.7438954839,6665.93272576915,6504.31126256954,6492.7577534038,6356.19130230649,6308.83631597084,6259.63641906552,6375.86702022071,6238.66866728004,6652.57132396697,6503.09305135113,6242.2758693659,6519.52747026068,6606.31891933034,6310.49986226856,6603.97777026612,6363.32658309606,6527.44770396774,6291.53810167918,6273.26194751671,6463.40585241297,6325.68572725173,6436.48705663523,6435.19337971228,5914.07387837649,6095.19145751888,6208.85558825995,6370.53986165643,6277.2370518809,6434.81213061323,6226.24994691306,6404.96437407063,6272.28177842257,6119.15252579189,4359.14061620787,4687.44815372538,5707.69100262059,5829.169998413,6128.2372307464,6046.5932634141,6201.50588749302,6097.41252165087,6984.49756729596,6175.12491413239,6438.227963975,6094.88072453729
,71,6145.54018646879,6364.76546752271,5816.0396112719,6082.3678310333,6053.23465936368,6077.88246676673,6148.4589507775,5957.28725054679,6181.84716679616,6300.23510273629,6246.03495282327,6343.09426396391,5830.03471286979,6308.87013086421,6389.52343582459,6289.16542281482,6313.11853470475,6392.0975617366,6373.44479196035,6300.76812027899,6155.21783049368,6201.52491815601,6164.4374893393,6105.24676803526,6078.21887681675,6224.36663477564,6235.85899293777,6339.0696939303,6299.03481717744,6440.20842447419,6377.05093614207,6368.29307479977,6006.87162961021,6209.5344759747,5793.522752941,5778.77439259765,5979.23843254861,6199.09103226215,6385.35045029312,6374.77303934536,6337.35167285375,6532.77352965573,6372.76661729744,6361.4806241529,6232.96070058595,6187.53249114332,6137.68443828868,6250.38663622168,6119.07635240704,6518.19950553378,6370.56542655829,6124.6422904088,6391.33966354838,6475.00489601377,6186.95298916609,6472.4198716607,6236.64747014591,6397.7966600717,6168.80135684633,6151.49579431358,6334.16191582327,6201.00465153991,6315.05500563558,6314.46801227687,5842.38762024249,6009.61881708651,6088.5463350352,6248.72080274568,6154.43461478204,6305.80576406216,6102.83793180736,6277.31491777019,6152.63528105051,5989.47095943648,4418.09307371418,4754.09500061785,5635.51074216831,5742.18742115794,6016.81970586576,5933.99639757271,6080.72254208892,5979.52564658284,6903.36613485855,6057.14868429702,6276.92975837933,5970.62181646059
,71.5,6054.45708744571,6270.2253762947,5698.00693815222,5956.50883359606,5929.08767399333,5953.20872494787,6013.51976885099,5829.39572327271,6051.20022300555,6166.1616684118,6155.90799664132,6250.72698419594,5706.84572928647,6172.43445032386,6250.16846331437,6152.92343651999,6178.11583912207,6254.36981303771,6235.75438573563,6165.66907197427,6028.82738922202,6070.29084945709,6077.8562192209,6020.82293611988,5948.97656145421,6091.70021537309,6100.08688674162,6200.49465610925,6169.25424119568,6299.66371873258,6236.87510664393,6227.20391742772,5884.61634503156,6080.96450281411,5723.14833994206,5708.92807304333,5853.58342273477,6067.0935654492,6245.74972142616,6236.09725006893,6203.08592413475,6391.59299999958,6232.31381530283,6220.74037219891,6099.850980216,6058.39462029954,6007.82206734351,6117.37992262952,5992.35466300572,6374.98528948707,6229.26681328852,5996.65986704243,6254.33618812059,6335.52510602448,6055.29314571895,6331.8448436451,6101.64860558128,6259.8099809099,6038.16650453526,6022.04527222011,6196.71501313161,6067.91933419026,6186.04864855424,6186.79611794332,5762.62404603099,5916.46433713949,5959.97691651624,6118.61944547028,6023.61944233086,6168.35652009199,5971.8447554802,6141.56721158226,6025.05228576776,5852.32929027608,4475.13459181017,4817.8825366907,5555.43658203372,5647.97249100952,5897.80492570692,5813.86877163392,5952.87103270594,5854.48002619107,6812.77583888151,5930.45528442381,6106.08733911388,5838.39807312337
,72,5960.95127247381,6172.81444162165,5572.48521255179,5822.56128433341,5797.5933465753,5820.43934098135,5869.16747479269,5692.45330703138,5911.72449989696,6022.4491943275,6063.57030851051,6155.76140141086,5575.84502049348,6027.1287942176,6102.11341784528,6007.98028278829,6034.77914281107,6108.48315699963,6088.81453224188,6020.83500009015,5896.33708836025,5930.0938609492,5989.68221713661,5934.71530342263,5811.39336008672,5949.98236629689,5955.21671358982,6052.4406054246,6028.46869775656,6150.41441715332,6087.777176866,6076.52836043312,5754.16377190592,5944.0620582495,5650.472674875,5637.20768319545,5720.21862277472,5926.25415547122,6097.52778193435,6088.64380461965,6060.44492678997,6241.85075990867,6082.38754221064,6069.98421205998,5957.35415294312,5920.65204875275,5869.634894926,5976.32842423309,5858.06851229622,6222.73809560187,6079.47157539525,5858.11016470547,6108.37825534333,6187.13583794487,5914.99551014538,6182.02589298885,5957.60695637988,6113.21166141983,5899.11315373146,5884.32431390814,6049.9901978897,5925.86900241244,6049.60453596386,6051.40018059958,5674.87190214923,5815.08299146326,5822.9108515856,5979.58185411853,5883.40521984405,6021.08185216317,5832.65514418523,5996.80620762857,5888.63466309652,5707.2302205251,4530.71440076222,4879.72160414258,5467.51522588901,5546.4901411466,5770.53075563537,5686.04983884965,5816.92630174829,5721.54956212328,6714.19025837172,5795.62345115464,5925.66777330163,5697.23727732119
,72.5,5863.54346512713,6071.34515332756,5438.23381806256,5678.95141245128,5657.0081750044,5678.45702073723,5713.78076510964,5544.62450253507,5762.10704888081,5868.10016645381,5967.65116892075,6056.38491953283,5435.37741564172,5870.91845190097,5943.11629145206,5852.50092228596,5881.45900500007,5952.46666439305,5930.62051667541,5864.66561563556,5755.31198137204,5778.97889972691,5899.05535744074,5846.10874245379,5663.73064454911,5798.00040628682,5800.14685384327,5893.62153319179,5875.32719072835,5990.85629053799,5927.11563733493,5914.1411674732,5614.03367542098,5797.21200550329,5576.14064875949,5564.06629738983,5577.14487932285,5775.29010107074,5938.8865568069,5930.46385114024,5908.20801886222,6082.34290945181,5921.16004694413,5907.75802252263,5804.86325573846,5772.53433828173,5721.53308735089,5825.74251615906,5714.44937822313,6059.64737776418,5919.02420712124,5707.33451033047,5951.74610334273,6027.76132641592,5764.08910310825,6021.64672242692,5802.71301487627,5955.58893182756,5750.87829751786,5736.42577228515,5892.87329720933,5773.11748360845,5903.91795234977,5906.69897769961,5577.66719336761,5704.50113059671,5675.55666147649,5829.95609802078,5732.05403785114,5862.26583146318,5683.38158193296,5841.72989098611,5741.72442200466,5552.50090542952,4585.5921214608,4940.48530746061,5370.25464512752,5435.90417146747,5633.01670888351,5548.7224123941,5671.44507635125,5579.07792301953,6605.8348820019,5650.28827756934,5734.53352666755,5545.87043236493
,73,5760.96263447808,5963.50417433103,5293.26230017721,5523.72701570894,5505.1785016966,5525.29480446773,5545.30685505152,5384.90924670911,5600.82687982805,5701.61161400901,5866.28103465492,5951.48755612902,5283.93804697671,5701.5905246902,5771.44537448736,5684.75596444704,5716.58181268992,5783.99109538507,5759.33164465479,5695.44690565877,5603.86546298962,5615.3349038338,5805.2545999894,5754.05297135194,5504.21931333896,5633.67752103923,5632.77497582353,5721.88537762689,5710.43162859096,5819.44187659441,5753.06840034694,5738.81968998469,5463.00137075405,5639.00229459296,5500.83101491814,5489.8208132659,5422.31909662149,5612.22398136044,5767.8075698241,5759.89725625142,5744.43855572583,5910.62613894473,5746.30076902554,5732.23509367459,5639.94501928349,5612.33473441965,5561.79235210382,5663.62633552332,5558.20160582702,5884.30167071803,5745.46886436426,5542.2711538476,5782.69295229049,5856.05185088462,5603.44771343227,5848.43262697126,5635.84221023966,5785.59772304772,5591.20623638153,5576.85637087138,5722.74220238232,5607.72234338361,5747.28335072304,5750.8659717742,5469.3449991216,5582.85751817995,5516.13425546959,5668.28465765772,5568.43236077379,5690.34272343035,5523.00389993139,5674.50803539622,5583.22930773636,5386.7503865713,4640.09619506949,5000.85474688298,5263.07375725356,5314.89966890258,5484.66978649795,5400.45528677381,5515.41412868358,5425.70930350297,6487.48013931743,5493.54248783467,5530.98791477192,5383.03635888395
,73.5,5650.65092090831,5847.86084262864,5137.24891194712,5356.63021831339,5341.80953363873,5360.85284186419,5362.95250790996,5212.13929339859,5427.25110471018,5521.93868227697,5757.28288284517,5838.22750190926,5120.61633270731,5518.64035840058,5586.03993085742,5503.63601001395,5538.71573658474,5602.07672757183,5574.30618106123,5512.91388378512,5440.64129996821,5438.47170827998,5705.67457978932,5656.78317963926,5332.33875406975,5455.91825225986,5451.96301983642,5536.31505261506,5532.13758461901,5634.57935070628,5565.05719510867,5549.66630836697,5301.90390716015,5468.62285179641,5423.53520579383,5413.41422640894,5254.77363247636,5435.88781154109,5583.47404550159,5575.95681103347,5568.22146564488,5725.88528904078,5556.94111820254,5542.78526619836,5462.34005715929,5439.50589513698,5389.44753383153,5488.70749299494,5388.18916772834,5694.4837725042,5557.75518877523,5363.81830232095,5600.03190627421,5670.40145991362,5431.60340247288,5660.43489143621,5455.59717001405,5601.82147339962,5418.67799696882,5404.78010171866,5538.56826717669,5428.78487186819,5578.12343938064,5582.83911855443,5301.92279989045,5413.09051693221,5340.95361329618,5488.37746485579,5389.39791564665,5502.60831699031,5353.85255380725,5497.02469233298,5408.89972675683,5223.39889935504,4591.79123571097,4941.39753708061,5102.38431999621,5154.6170751811,5313.57229851629,5236.37727552866,5345.83348553111,5258.76851846976,6318.67081008176,5320.3827047037,5350.18742339683,5212.09839358999
,74,5530.52684412442,5721.46528137381,4969.79121368093,5178.37515259428,5166.88441088,5185.25129017396,5167.30554636334,5026.72917609451,5241.3426594508,5329.82666988884,5637.26146619482,5714.64760974306,4946.26946183747,5322.20833711313,5387.17344868416,5309.83403381344,5348.3675891044,5407.23744776605,5377.01228466011,5317.9820977312,5261.49359748528,5248.94684526799,5597.43993511312,5551.18617807281,5148.28588585859,5265.56145482207,5258.28033026808,5337.14811233963,5340.75790334997,5436.9469574738,5363.39023146986,5347.28306380809,5131.32536676214,5286.40966839457,5342.29963989637,5332.97855556133,5074.85758686477,5246.33946570513,5385.60980795339,5378.71310076142,5379.57447283714,5527.97252038218,5353.50220239176,5340.17125002686,5272.50263254283,5254.38408125212,5205.31917768229,5301.78534306935,5205.15480770563,5491.74221016496,5356.99288834851,5172.91058440725,5404.8572566831,5471.51685591447,5248.97874462197,5458.94036420778,5263.14107413271,5405.18293465631,5234.02811033172,5220.49236974241,5341.29942368395,5237.2246797729,5397.10686789781,5402.53934103239,5122.52103396467,5230.59274578873,5153.41536421175,5295.3480900784,5197.96242273351,5301.99850454139,5172.4600159466,5307.03716470699,5222.84009512868,5048.99848211871,4542.1654987036,4879.08216345908,4931.3382707049,4983.11155293248,5130.83200494685,5060.92469949623,5163.95901606713,5079.92258709132,6138.36523102312,5135.35949485678,5157.04054269559,5029.57670164612
,74.5,5396.77084468887,5580.39021576564,4792.23791120878,4989.33890029108,4981.23239813859,4998.71680964255,4960.45402894999,4830.6909773662,5044.16930234129,5126.38796782138,5502.21041289571,5575.92251829979,4762.21025362526,5114.0695287705,5176.04989209141,5104.67349634189,5146.58279219774,5199.99301081474,5168.68970525516,5112.15100204644,5067.92644921693,5048.65696506264,5475.90772441718,5432.12273392739,4953.39340004907,5064.05462103991,5053.80098975246,5126.62988301151,5138.08273075848,5227.78046533133,5149.79955951207,5133.37533237642,4952.08956680483,5093.75949591749,5252.34834734919,5243.31118518399,4883.4420111784,5045.1943592132,5175.80420253426,5169.904355298,5179.67610741675,5317.94549188414,5138.47301767818,5126.4113067264,5072.28612769266,5058.31705125693,5010.64191946202,5103.89510984012,5010.54811310046,5277.1197775851,5144.12996742953,4971.42569261367,5198.39326304787,5261.13404236889,5057.02187252834,5245.25194740653,5060.31560293545,5197.24533852982,5038.56886414842,5025.26413724147,5132.85267694669,5035.05582566475,5204.15674127324,5210.23419683457,4932.31372352317,5036.62716313012,4954.89667520821,5091.39059843546,4996.21081375459,5090.96852136958,4980.09296802429,5105.60451062077,5026.01985895909,4864.34454905552,4487.35864238618,4809.48088244839,4750.79289072732,4801.60178108961,4938.04070139233,4875.33392379284,4971.07511497848,4890.43237250926,5948.01960347897,4939.47677809222,4953.66993323609,4837.22364718564
,75,5246.15435930784,5420.72927338212,4607.84244179416,4792.95834749882,4787.78439584087,4804.48238036615,4747.5473149711,4629.15524712321,4839.66373842112,4915.43765870329,5348.16411307149,5418.07040098328,4571.98820579146,4898.46155798859,4957.28067230221,4891.85481936173,4936.45340158002,4984.25933363798,4953.40243631384,4899.53894380837,4864.4261246199,4842.08676016942,5336.17834664904,5295.14936202035,4751.35895043983,4854.82186923319,4842.11401558314,4908.46810704388,4927.37164197455,5010.53084801473,4928.53357153652,4912.41217988444,4766.86604840865,4893.04853745781,5147.38497275988,5138.15834744846,4684.26328180043,4835.30991882455,4958.11577340339,4953.63243858352,4971.03493309833,5098.69595214827,4916.12745368182,4905.18935220923,4864.13897030804,4854.51123209175,4808.0408344778,4897.30510149055,4807.40567380927,5054.46114908657,4923.40146203567,4763.00868737658,4984.07541097988,5042.75039143526,4858.34760960909,5023.01089941221,4850.81780978373,4981.67257248181,4834.95512170998,4822.57295862038,4916.09786225295,4825.63330911795,5001.19345269855,5008.3518713129,4733.53154749573,4833.51052200129,4749.1489460092,4880.5216717519,4788.36307982183,4873.62386599841,4779.70823195857,4895.88555664758,4821.43567623432,4672.85060670498,4422.22557498168,4725.90757805868,4563.90143824388,4613.57502688081,4739.07890182564,4683.18711267431,4770.42374626112,4693.72350596916,5751.62377729286,4737.0787898416,4743.57575168542,4638.83770193227
,75.5,5074.51059574571,5238.85828418379,4419.73622998544,4592.53071301856,4589.74885423035,4605.66997766309,4533.74547743156,4426.77288373008,4631.30204590184,4700.54497075384,5170.50031521576,5235.89390881877,4379.22613993831,4679.66317237017,4734.90614131952,4675.25336499813,4721.22484589544,4764.0167908661,4735.31384241101,4684.25067975734,4655.09798241714,4633.08865260409,5172.21493646911,5134.56853549758,4545.79358693681,4641.94266183988,4627.54138531649,4687.21824877833,4712.19310605924,4788.40223619696,4704.48138031103,4688.66186789782,4578.16720485157,4687.2239539948,5019.74703218429,5010.16907705524,4481.68641854878,4621.05661663003,4737.07856282905,4733.79115401706,4756.96117088595,4873.72523291362,4691.70686310017,4681.57656392089,4652.52169144617,4646.70005267357,4600.83941572318,4685.44655772726,4600.30149929526,4827.28297021992,4699.76029883402,4552.57654795324,4765.16774582341,4820.00995644931,4652.68563356163,4796.25992560628,4637.60361726188,4761.51022139958,4627.02734038052,4615.61382458685,4695.77844564948,4613.04779229334,4790.72651833327,4799.30514396484,4529.38562838298,4624.14138907594,4540.62118265059,4666.389967514,4578.51999636288,4654.62976694892,4574.54121154087,4681.17580179176,4612.35828844276,4477.41289714826,4339.6670028228,4620.29269589428,4372.68740098235,4421.67177671816,4536.79397117137,4488.22835026012,4565.3085793869,4493.54659692062,5552.05625702447,4531.26591495906,4531.46615943692,4438.22689807804
,76,4878.41365377362,5030.31469426229,4229.48119710123,4390.03158861255,4389.00421603712,4403.85565254545,4323.02348114138,4227.43829593133,4421.10268462188,4483.74688836818,4965.06514579819,5025.41073147058,4186.80281771076,4460.39714944337,4511.83627292354,4458.35567051117,4503.78051655075,4541.77980188348,4516.28943411475,4468.22060374136,4442.5924137939,4423.62248133775,4978.72493016058,4944.42714208592,4339.11820513498,4428.18064415388,4413.31411519311,4466.6608258829,4495.32418787964,4564.04012876752,4480.535381043,4465.31664547182,4383.95111598892,4478.00840735817,4861.56261034326,4851.30228188257,4278.25018627121,4405.06817276427,4515.1138481609,4513.54023210137,4539.67210255329,4645.13382671461,4468.75979885107,4459.14007127859,4439.47035639533,4437.31020095347,4390.31287091049,4470.2646751517,4392.01905026525,4599.11804659604,4476.49692993052,4342.67468070176,4544.19307339052,4595.37024452907,4442.73828767843,4568.62457657367,4422.06728058804,4538.33121098477,4417.0211148465,4406.22060102353,4474.41794045458,4399.68892877753,4573.55105546582,4583.91476482951,4320.70715380581,4409.85104049054,4331.63006219962,4452.16760494019,4368.8987058002,4436.40497705424,4366.26128395442,4462.92100543153,4400.4959882088,4279.52786995235,4229.39566478539,4482.40081587363,4177.81133204655,4227.04251997657,4333.4397027135,4292.37254796349,4358.8223414584,4292.14615245933,5351.24652497815,4324.42617438761,4319.61223492517,4238.1268300332
,76.5,4653.06792772783,4790.30511202965,4037.2533624211,4185.29474525418,4185.34761393119,4198.84865768865,4116.64753026438,4031.698926663,4209.02910690462,4264.47916260157,4726.29587909126,4779.6263329956,3993.65890047587,4240.48261324657,4288.18731873062,4240.8600178301,4283.61539913111,4316.45014728344,4295.57660288552,4250.34905931265,4228.17197126377,4213.18077222686,4747.96743737204,4717.20187913666,4130.75507226243,4212.53973828482,4199.03367971429,4246.795996314,4275.84668219282,4336.28789867248,4256.22853699473,4241.44842453791,4182.12256637522,4263.46940977594,4662.09875673084,4650.56594357667,4072.93143992468,4186.96939049184,4291.76610407574,4292.00252210382,4317.73600083686,4411.29680493256,4246.73517601194,4236.93983893025,4223.89074678376,4225.57565376782,4174.53498945604,4249.287337039,4181.28583648136,4367.7659706633,4252.94456725031,4132.84986288246,4318.9668860468,4366.7369135536,4227.54786169439,4338.40594918922,4201.52952211901,4309.54466227601,4203.44047974354,4192.88533745066,4250.39264902513,4183.75694231518,4346.55672090357,4359.70862766884,4105.27395903237,4188.82480495874,4120.88720530568,4237.03384737109,4158.50484845814,4217.62326708861,4153.29285865615,4239.30565875609,4182.77337928168,4076.96399533999,4081.39197209586,4301.78397158051,3977.1462611076,4027.454477704,4127.35628100361,4094.27929344806,4149.67494653359,4088.52371501776,5148.27345100802,4114.22523255213,4106.35069996229,4037.13768851879
,77,4394.05487226224,4513.91516464967,3840.91053002423,3976.40371045512,3976.32214077171,3988.38743846822,3912.90850378366,3838.12343369187,3993.43628611951,4040.98470136861,4450.33216960677,4495.51440895801,3798.5471613647,4018.11495059085,4062.44859267159,4020.69729854049,4058.54776845662,4086.70706600921,4070.81717633362,4029.18957044669,4010.42367268477,3999.87767909883,4475.60838575406,4448.9202275416,3919.32329800961,3993.24333900447,3982.9307140819,4025.91419862084,4052.08088033373,4103.49568068426,4030.44034246933,4016.35739152901,3971.63621619673,4042.11544024449,4415.54130398936,4402.82136631035,3865.34889245356,3965.7679418056,4065.50275611588,4067.48407487797,4089.27352141874,4170.57668091288,4023.85605205924,4014.2706360348,4004.14751678428,4009.92179337794,3952.6201899998,4021.82401864112,3966.75791397263,4131.92608415884,4028.16197176224,3921.89795058016,4088.31469287189,4133.12879886158,4006.24142503631,4104.71678571469,3975.82016571394,4074.18027205197,3985.39903267455,3974.85529474904,4022.81541564542,3964.51253973893,4108.8913874655,4125.84703430021,3884.26155180941,3961.08134360165,3908.30854396152,4019.85854976027,3946.69404258839,3997.1910136291,3935.355830182,4010.55785905877,3959.75141540394,3869.36577227374,3894.00010405637,4077.62823815268,3772.23215661362,3822.83345215995,3917.48526254864,3892.51246241402,3936.82391207387,3881.47766539026,4942.47288114692,3900.90226434387,3891.50089027548,3834.9144680177
,77.5,4107.84119747769,4209.05456334808,3642.81194530291,3765.55659110074,3764.25327491887,3774.54626509376,3713.14601378726,3647.7856865253,3776.45121023795,3816.09369197501,4145.81071181392,4182.36121378768,3604.48890278021,3796.06218637501,3836.90574060118,3800.91593313671,3831.60297606169,3854.87221411986,3844.82883668485,3807.37207173345,3792.47439152852,3785.77648133972,4170.16791192919,4147.69425507196,3707.75326344293,3773.64898699266,3767.73493070602,3806.79624601437,3827.21581666221,3869.03106598184,3806.3480027166,3793.19568733856,3756.415004491,3818.04942454604,4130.13017067105,4116.71591432751,3659.42234105049,3745.91792641394,3839.26822307429,3842.64732733951,3858.02339901144,3926.73172614104,3803.52070346649,3794.66083710069,3783.93163778209,3793.44076438458,3729.59259744465,3792.501048421,3752.24597164082,3895.18636844298,3805.45632872762,3713.32754808475,3856.28368028454,3898.95927942289,3783.64858402396,3870.89498960094,3749.31848332636,3836.95910317804,3766.6435894462,3755.79994681705,3796.30488363139,3746.36230571998,3866.02958292726,3886.65429455149,3663.53868125948,3732.00756965005,3697.28202415721,3803.82875777337,3735.90431407802,3778.53917762643,3717.16255485651,3781.16204041932,3735.94175088413,3660.96160633968,3675.8253005464,3821.21743366877,3567.58802211047,3617.31168610762,3706.96612287874,3690.45404857258,3723.74933925979,3674.4282312755,4736.89667614194,3687.93709081727,3679.32990840581,3634.726699307
,78,3809.57111672655,3891.56868690494,3448.67746810101,3558.50129964758,3555.04216351806,3563.46454590024,3520.5986381532,3464.01814024353,3563.59188300627,3595.64514300878,3829.53644931042,3857.31677930492,3416.33510524195,3579.85783509189,3617.03002735543,3587.02252344199,3608.88652657341,3627.18308271859,3623.07934491316,3590.19805161494,3579.29822652658,3575.94416756571,3849.25121449367,3830.86470781366,3501.84017205526,3559.13429345171,3558.7724375369,3594.19324013323,3606.87814779001,3639.12212204041,3588.77155275772,3577.24248660201,3542.73561465751,3597.39242689788,3822.93323097242,3809.48795573231,3459.62259644784,3532.33923627254,3618.13743966247,3622.66649557484,3630.28934621201,3686.51437739311,3590.2799883705,3582.52814031406,3568.86321262555,3581.53336998103,3511.9987552509,3568.08679871841,3543.165142277,3663.69672460942,3589.4768715005,3511.57311740113,3629.37275769768,3670.19726232372,3566.96515396705,3642.95325226662,3529.01849772645,3604.99829339407,3552.73174623949,3541.66568346259,3576.15259505679,3534.74210499824,3625.56872293951,3650.18568865274,3449.45765841015,3508.91977089437,3492.6575049855,3594.2047843964,3530.98208448229,3566.21006560591,3504.34615437344,3558.00267966096,3517.26503051976,3457.59298644774,3442.13967527972,3550.1523288855,3369.96193636536,3416.90532026349,3501.4751330551,3492.7578504837,3516.05626078928,3472.47429931577,4536.43308779893,3481.23371447213,3474.57249540162,3441.21977652664
,78.5,3516.81068687647,3580.6292477443,3265.3418212278,3362.48565691592,3355.84936091576,3362.4237343526,3339.99430098337,3291.42194575618,3362.20441977484,3387.69511554205,3520.82560548768,3540.54646814053,3239.80078526089,3376.43368601709,3409.99145977622,3385.2918433401,3398.14984195178,3411.69662828557,3413.17471340596,3385.32165093675,3378.31307766812,3378.02378128645,3534.02549156306,3519.68576807337,3308.67717799252,3357.25710659605,3362.35675067585,3394.35452023625,3399.0979338724,3421.87130431919,3384.92227299275,3375.15553862786,3340.96004449309,3389.03233439314,3516.41230639423,3504.23215598884,3273.53480415006,3332.99472983966,3409.7727940991,3414.85775019842,3414.48690735124,3459.2265958347,3390.44275430959,3384.03674956055,3366.38580281269,3381.26315185603,3309.10834446496,3357.54339740246,3346.64748614667,3445.29634146671,3387.01612399284,3323.32445789259,3416.08694202768,3455.78382027745,3364.11925859251,3428.41396179978,3324.79602721704,3388.0243296663,3351.79889394834,3340.79403590132,3370.3682861643,3337.20348238604,3398.40761365444,3426.62140185949,3252.26752077267,3301.51105892351,3301.71546214973,3398.02589924674,3339.18358833476,3367.47813563673,3305.58806434248,3350.26722425121,3313.2026144901,3268.0060463545,3215.67327262009,3289.59980273338,3189.07509666925,3230.90941841579,3309.09152963768,3306.43029391398,3320.73839057412,3282.97588412407,4348.85630850869,3288.17494770888,3284.87844944649,3261.33623953011
,79,3253.05434717534,3301.77535612124,3103.86497564594,3188.5756912179,3178.1814331925,3182.80837975953,3179.97955078007,3139.00981085693,3184.2732831827,3204.95585610227,3246.84273751805,3260.44261234934,3086.0674289347,3198.22202003396,3227.67827069808,3207.47919532823,3211.88331020274,3221.85714541686,3227.71428247784,3205.6645748295,3202.29310398606,3203.91319197757,3254.02445920279,3243.27807617019,3140.4852390107,3180.67386503344,3190.10022851591,3218.80429699725,3216.68659025359,3231.40847441445,3207.19147736661,3199.86369746832,3165.18613265644,3206.80132285369,3242.42835042332,3232.95986609734,3113.28918409424,3160.46045281739,3227.31420822095,3232.05862464734,3224.34068502268,3259.95906595996,3216.23109132082,3211.51725394007,3189.52550976088,3205.22353685416,3135.13068682803,3175.85622042722,3175.46775627847,3254.32881178863,3210.19566635616,3159.75705191024,3230.76450691991,3270.3453830047,3188.08581878274,3240.770941359,3151.67605116592,3201.65894361191,3176.96715497796,3166.84453239116,3192.69694973768,3167.07484834604,3201.76320440674,3232.21590719711,3087.43397635058,3125.33879218639,3137.24298106482,3227.71093843004,3172.61203977839,3195.02820868834,3134.73104577326,3172.44451916967,3139.0976166941,3105.72218074717,3023.40407198811,3070.18055191938,3038.66014529825,3072.96211412942,3142.62246984945,3143.64018659757,3150.65778110044,3117.94265109745,4186.1344338473,3123.06942571261,3122.7776012739,3107.02848627988
,79.5,3043.90586403298,3081.88826325819,2975.6127374151,3049.29503076612,3035.17421048352,3038.03335467837,3050.57169142654,3016.21646001635,3041.86236083349,3059.72632970705,3033.60920058238,3043.21809914682,2964.94544678549,3056.68361674832,3082.2595294834,3065.79562417172,3063.09869114582,3070.6283568026,3079.63652749965,3062.73035534206,3062.30929102086,3064.96547768701,3036.24281599226,3028.50688076126,3007.94352433357,3041.14729018081,3053.04377219541,3078.65917147986,3071.84149800918,3080.41728854234,3066.4914067242,3061.63993168016,3026.69374486991,3062.90267334979,3028.70097426408,3022.9145165945,2988.14129786687,3025.17996661263,3082.37251615046,3086.21098028155,3073.4110577449,3102.25710921905,3078.52613078055,3074.97134632941,3049.5609098766,3065.17415908434,3000.4711646389,3034.20763654166,3040.50323187156,3103.10632572244,3070.01302632693,3030.88281359296,3085.14637007708,3125.0400926271,3049.72666584211,3091.81357117045,3018.06023900929,3056.7960415548,3039.22514185615,3030.15995997365,3053.6362195994,3034.28431884948,3048.6449041142,3080.1026807856,2962.12492272335,2990.04131737801,3007.8205030531,3093.29438448635,3040.32513161262,3058.42668121375,3001.69029987104,3034.16744111641,3003.94675312782,2979.98515951893,2880.48851202102,2907.9587067858,2924.3416197855,2951.20055214934,3011.85934423976,3014.90090378303,3016.35475221374,2987.78280402764,4057.44456442695,2994.23869963626,2996.62370515358,2986.37097093664
,80,2895.95642522787,2926.79706187615,2881.2010502099,2946.19588808832,2928.72070497987,2930.30137546221,2952.26823043054,2923.74956444556,2936.17356989228,2952.22014679399,2885.14301607726,2891.97779773268,2875.48405304271,2952.03141078164,2973.98958179,2960.14782617495,2952.91543067381,2959.21517659409,2969.23744963797,2956.15691320049,2957.90896553137,2961.40750200745,2885.36711630491,2879.69695833425,2910.49861907773,2938.14841642594,2951.04384328606,2973.9058591544,2964.71389599244,2968.99792228724,2962.13684106241,2959.29461215964,2925.05505961546,2957.01054247812,2880.32465907972,2878.18037873476,2896.3295918098,2925.7708104495,2974.76938819597,2977.56951964453,2962.09250636537,2986.54896579698,2976.09688794432,2973.00602226084,2946.12278080445,2961.44518540338,2902.95650495576,2931.43086223244,2940.82440095468,2991.02962600879,2965.49131461061,2935.29221478343,2978.13030717788,3018.16450909025,2947.15699608334,2981.06813010314,2921.28490859452,2951.26522630486,2937.70821035693,2929.81560791881,2950.99741603724,2936.58405577037,2937.72092022746,2969.88425620368,2872.59898521743,2892.84771027258,2912.23526569645,2993.10611539324,2941.77874964698,2956.12576593444,2904.27101309657,2933.45528124072,2905.80063282184,2888.51887143431,2785.90402315301,2801.13765748124,2843.04563010712,2863.36271570654,2915.76740713405,2919.173453403,2916.93764282918,2891.68982680383,3960.86062755653,2899.8718771228,2903.73293581055,2897.25056678352
,80.5,2801.47251015908,2828.23163210705,2815.37442702778,2874.20694040503,2853.89679727662,2854.43342623606,2881.08253992394,2857.11537058477,2862.32364926539,2877.3091688633,2792.89809301046,2798.28205662189,2812.82793344293,2878.54719162755,2897.75348444354,2885.4720044228,2876.11606526574,2881.74112968991,2891.19129861709,2881.01855731998,2884.205070496,2888.2641789115,2792.618893082,2787.91819774166,2842.64788912708,2866.52393726905,2878.90517376744,2899.51716255183,2890.37952773107,2891.92812068579,2888.70532213016,2887.2144132137,2855.03083401344,2884.11666307573,2789.56301381404,2790.43079985328,2833.21590819025,2857.16464379162,2899.38806767288,2901.25664839714,2885.10397777856,2907.1890774084,2903.59051520114,2900.5847966212,2873.65750763543,2888.75618579668,2836.66672394658,2861.83973135711,2871.51157666324,2913.02243651261,2891.89850255972,2868.26406056268,2904.3532697929,2944.4752301528,2876.09089118253,2903.44771795207,2855.32544420599,2879.02261557452,2867.59312225349,2860.65798497116,2879.91715159316,2868.80936903172,2863.42569766534,2895.22447181847,2813.32621436874,2827.7980876773,2845.54861513703,2922.8485076118,2872.21294912208,2883.79213531091,2837.71818028145,2864.66517488461,2839.51410639933,2826.66550121937,2732.2173206,2740.91370865536,2789.22699888596,2804.33012122626,2849.30826459915,2852.08004279975,2847.56689563568,2825.09757301721,3892.17684659659,2834.83802947962,2839.24529750523,2835.41374461306
,81,2749.56608131845,2774.72593619823,2772.38611085851,2826.89811840733,2804.52113266915,2804.33057489291,2831.5649084619,2811.34329961989,2813.76426937384,2828.06233000379,2744.93551200515,2749.69125068159,2771.60300115911,2830.12370544653,2847.02938271455,2835.65971231402,2825.68929722648,2831.16899196038,2839.22238271385,2830.64533994503,2834.89554832352,2839.04055231423,2745.01879444966,2740.96580702179,2797.9656212,2819.23576927725,2830.59390953423,2849.19477336635,2841.34841976319,2841.80914884292,2839.59543835562,2839.08933667671,2809.59611313482,2836.48617366218,2743.54374175435,2746.61192009269,2791.85678705119,2812.20932730624,2849.6480538977,2850.69702101557,2835.08213535906,2856.09322598619,2854.82138142146,2851.57828859852,2825.96802066069,2841.15768238526,2794.27823383702,2817.51641982114,2826.03802269958,2861.58419724986,2842.6379689859,2823.33023195226,2856.1786533497,2896.33010461666,2829.28632982929,2852.09520235577,2812.57252259857,2832.39194258753,2821.83886009399,2815.65915265525,2833.32868229876,2824.12413018867,2817.25976703849,2848.28841232125,2776.57092063324,2787.10512281128,2801.39624343809,2876.00012882074,2825.34067200885,2835.0637665891,2794.72922298915,2819.98322835734,2797.07610354134,2786.83153450052,2707.29317871993,2713.34055279969,2755.13879847568,2766.41789500996,2805.63798856178,2807.73399762785,2801.89121672578,2781.31918701874,3844.68628203504,2792.45760559216,2796.32970804949,2794.06943423168
,81.5,2725.40140779767,2749.62105264695,2743.67384133554,2795.72819176478,2772.09294624568,2771.52532952763,2796.43604049318,2779.08494971165,2781.17967966185,2794.71690821596,2723.72513683445,2728.37320136677,2743.38618745938,2796.79913931937,2812.30231699719,2801.54859049922,2792.01057932303,2797.47123946706,2803.51195452901,2795.55338496405,2800.59796796984,2804.77343287578,2724.58883623653,2720.90802125953,2767.3928728902,2787.11664067462,2797.23216291173,2814.08774877986,2808.19836603975,2808.13007635189,2805.46285375595,2805.16584429738,2778.87789305815,2804.52708087183,2723.96957206821,2728.07470237506,2763.35883297654,2781.22876956881,2815.44489257376,2816.12233043873,2802.26373062419,2822.46040313309,2820.29488212208,2816.51855675809,2793.23951717019,2808.71839868175,2765.71513831818,2788.33657220147,2794.82756092191,2826.35515015458,2808.38378806127,2792.0054606559,2823.31297960165,2863.21018986811,2797.20212107745,2817.14490747686,2782.06032798407,2800.59034986137,2790.78693296967,2784.80302118676,2800.87981630872,2793.04950748919,2787.32120182509,2817.82211953006,2751.28584024699,2760.13410898166,2770.24288138781,2843.24913219309,2791.81161069455,2800.33668598808,2765.38039966788,2789.31821140674,2768.0397932598,2759.48420333881,2695.95339242138,2701.02968505551,2730.95829091348,2740.1973820863,2775.274904527,2777.00557986111,2770.58638706495,2751.6327479638,3809.61604870434,2762.72436574876,2765.74113767759,2764.49720181581
,82,2712.15276970211,2735.59627861036,2721.02858422705,2771.48949152909,2747.15436715937,2746.47210010906,2768.00565584539,2752.89241684887,2755.59974034456,2768.33815410515,2712.00974437034,2716.27237355563,2720.61982841954,2770.36211931356,2784.52239215772,2774.03056562975,2765.51229195993,2770.76461255197,2774.85127474288,2766.95030147246,2773.00931413351,2777.12429929951,2713.43554089221,2709.63238587856,2742.83147635089,2761.35307490789,2770.31782671654,2785.60502026434,2781.75310046905,2781.48744842168,2777.51553170227,2777.200554945,2754.1176899393,2778.98929260851,2713.41221336166,2717.60467926463,2740.17029717753,2756.22487474713,2787.8483802516,2788.59393577343,2776.48348467984,2796.01917867516,2791.82450380787,2787.56809841072,2767.10315980313,2782.67305034621,2742.68659485456,2765.14578467639,2769.63596555565,2798.01954149472,2780.58095660397,2766.40343756121,2796.82741225395,2836.2575074299,2771.27556162597,2789.52586195847,2757.07349750446,2774.80618402323,2765.88651280729,2760.21580933001,2774.57833391381,2767.53850822563,2763.48501744779,2793.80159146221,2730.45774254075,2738.8157683871,2745.17034697637,2816.41923517564,2764.49385736986,2772.14309529047,2741.42310016131,2764.64189156371,2744.38034362708,2737.1446365093,2687.83796603462,2692.83070151083,2710.96054803095,2718.90223900441,2750.53521143686,2751.9936841851,2745.6331651237,2728.13954732986,3779.44952383992,2738.42476031845,2740.42173238255,2740.07755895917
,82.5,2701.74538052158,2724.26035138565,2701.40369005067,2750.52631842273,2725.81614002858,2725.09476919765,2743.49297562801,2730.21721599552,2733.53783480618,2745.84085018839,2702.59530763939,2707.09368236884,2701.00595350983,2747.52277470979,2760.62787356173,2750.44867714107,2742.90627407428,2747.32606310304,2750.21735580827,2742.68984398806,2749.02273634911,2753.31763054024,2704.42372535707,2700.59667022212,2721.81258029358,2739.45768500018,2747.54440528513,2761.25689943865,2759.27137519929,2758.97883100521,2753.43004343037,2753.18024996555,2732.72657226837,2757.31706899397,2704.87734718995,2708.86952912723,2720.56635369789,2734.9015599987,2764.40052723306,2765.36491887687,2754.67910619642,2773.6165986547,2767.42087856463,2762.70350235904,2744.88525829441,2760.02255182415,2723.35345872159,2745.77973627627,2748.29720292076,2774.20193518899,2757.14383830919,2744.6083696246,2774.27309919198,2813.65290002942,2749.85232968901,2766.63863984968,2736.21052523971,2753.19545676433,2744.72889664384,2739.43712639098,2752.72483955492,2746.03161187303,2743.80145249024,2773.52498626653,2713.23596468318,2721.46709099968,2724.10944901995,2794.32806385164,2741.45970673414,2748.79376055516,2721.42446046316,2744.08853784725,2724.68773401961,2718.46030989098,2680.78581222502,2685.83001627474,2694.11152622728,2700.81340491086,2729.83842098683,2730.93484730711,2725.14081283472,2708.57734346919,3753.36281914631,2717.91656591976,2719.15182062222,2719.81686279455
,83,2692.88398973324,2714.67824295599,2684.88873930405,2732.61808891222,2707.7942909445,2707.05942230417,2722.57563562937,2711.10396684543,2714.57079896426,2726.66917125566,2694.12203251884,2698.96683746035,2684.2488342179,2728.28598075646,2740.24559777981,2730.23758958297,2723.4407005269,2727.21771102054,2729.2084631827,2722.11934989035,2728.70416394011,2733.04238592086,2696.12502593654,2692.82337107527,2703.89568879179,2720.80850656269,2728.04699842837,2740.67185798589,2739.78129047415,2739.54704789824,2733.04783875673,2732.83998105848,2714.32836023141,2738.43689609486,2697.08272171399,2700.79616397043,2703.8000444257,2716.84872867453,2744.63098653066,2745.6404053553,2735.99439031083,2754.22324348802,2746.75349867846,2741.64733526214,2726.24624564041,2740.71748875284,2707.17499557946,2728.92303474996,2729.93689438323,2753.3856122304,2737.31218427068,2725.70422552543,2754.41306829233,2794.15363647286,2731.25149161948,2747.33270572658,2718.30735801247,2734.84329435164,2726.55484536918,2721.71200356594,2733.9199671838,2727.59834462104,2726.4981448067,2756.0971717622,2698.60380015805,2706.89614203738,2706.25311492209,2775.36600883603,2721.82399229932,2728.75752737854,2704.27668039118,2726.4638665457,2707.84626479966,2702.01214557102,2673.78577813834,2679.25254913475,2679.5230008777,2685.30305709778,2712.01143390276,2712.96972596746,2707.92012565785,2691.57417507018,3730.26710552477,2700.13676295492,2700.9096272355,2702.3583809132
,83.5,2684.6736943566,2705.61500618029,2670.70210487922,2717.06499826081,2692.37172867415,2691.7012688417,2704.72143556898,2694.54332947744,2698.02250400688,2710.08450771281,2685.57807501079,2690.72700886879,2669.61726691282,2711.42871211583,2722.12743747779,2712.78994179831,2706.4871356693,2709.50413237949,2710.77964853185,2704.597020088,2711.21172162751,2715.81470903586,2687.9000644566,2685.03218338233,2688.50189063162,2704.96298373503,2711.14539531057,2723.26600678686,2723.13835834716,2722.77335204545,2715.48059523906,2715.47211688442,2698.30920775884,2722.25301786744,2689.63197754831,2692.8826053536,2689.48211789962,2701.5185385687,2727.38675728407,2728.67614825348,2719.88533546772,2737.62189180749,2728.84074594083,2723.66182264536,2709.94694045132,2723.7135711652,2693.52534055618,2714.58682549953,2714.02388305511,2735.60547829838,2720.53512499012,2709.40386936654,2737.1702959867,2777.23855257297,2715.34985726662,2730.65151900173,2702.61162782794,2719.19036974409,2710.58056268371,2706.37394848722,2717.7211959082,2711.75854375892,2711.3453876103,2740.68484764774,2685.87634245324,2694.59481839373,2691.18037803626,2758.92396333782,2704.93022799073,2711.55197471753,2689.66503088794,2711.52772018024,2693.46261382214,2687.98244166845,2666.49993219158,2672.62654087058,2666.90742600959,2672.23030934925,2696.55104316942,2697.57092707571,2693.52526629008,2677.03268588626,3709.71805681453,2684.99304376628,2685.15327491215,2687.50188882523
,84,2676.85820544299,2697.18956640842,2658.7730560674,2703.5281633878,2678.87945360991,2678.55970752528,2689.47572620283,2680.20726638154,2683.95655609844,2695.95425720292,2677.3801511571,2682.24785386254,2656.91467078217,2697.17007281084,2706.50744826202,2697.6295321572,2691.81301067304,2694.15634773895,2695.32546364654,2689.97130171219,2696.22864183698,2701.13915715887,2679.71158757498,2677.14206098644,2675.3134246391,2691.24677876748,2696.49695752576,2708.45089822602,2708.89987952985,2708.48019702761,2700.52259318582,2700.84016577494,2684.59703818363,2708.53720767663,2682.3041666511,2685.22140319162,2677.23644059608,2688.45704148824,2712.53081492197,2714.41052517922,2705.89407076205,2723.31120701283,2713.63738626568,2708.65991211726,2696.04426350585,2709.39409538297,2681.63590448657,2701.63807764509,2700.35377120919,2720.40043378575,2706.49315485362,2695.25848858516,2722.4036560688,2762.70348810147,2701.6233490519,2716.41319184783,2689.28472191521,2705.48438369102,2696.90560302683,2693.42328491265,2704.26006990616,2698.02815064675,2698.17726319268,2727.04736677248,2674.8107977238,2683.7075648963,2678.50018768699,2744.62454820993,2690.65330652502,2696.98648429423,2677.33310718384,2698.62048652611,2680.89109269322,2675.8029470128,2659.22146629748,2665.83185681794,2655.82954521107,2660.86954533227,2683.28521183093,2684.63524658411,2681.17231562546,2664.61540794277,3691.2445077968,2671.99415402944,2671.81049695763,2674.87288990428
,84.5,2669.24395713418,2689.01964110944,2648.38601303561,2691.82497348278,2667.1693167594,2667.27735772358,2676.60307250504,2668.10729130284,2671.79456671887,2683.58710095992,2669.29269471672,2673.78708551586,2645.83812980455,2684.378651015,2692.80125180411,2684.57046859607,2679.31471978512,2680.82245935751,2681.89006530888,2677.56635796683,2683.18934606368,2688.44128691474,2671.62507851278,2669.56245703826,2663.60750634752,2679.32056822506,2683.92728326354,2695.91617104876,2696.65013162101,2696.09555085014,2687.77279066121,2688.42794512621,2673.02489540556,2696.44977577629,2675.23485005629,2677.69305743223,2666.89276239752,2677.02739307651,2699.87890698357,2701.89457145171,2693.88103593466,2711.28633780451,2700.61376327763,2695.65054167805,2684.0532913388,2697.29902859682,2671.33722768371,2690.3139320514,2688.41491431382,2707.35425114562,2694.40369571336,2682.76629382116,2709.62989996282,2750.42379595929,2689.84654685124,2703.81712335158,2677.34608236173,2693.45795792487,2684.91781200743,2682.04898747143,2692.45882943603,2685.90717627277,2687.02220514333,2714.92209650659,2665.04254460152,2673.77853001111,2667.49730595263,2732.3445214736,2678.49826690084,2684.62538347208,2666.87965633282,2687.29638747904,2670.29386459695,2665.34605843713,2652.3114674256,2659.31376949509,2646.02453834597,2650.73325548792,2672.08643550919,2673.73146983464,2670.64540437005,2653.71534742637,3674.67471036127,2660.95640488703,2660.28474444851,2663.78621962819
,85,2661.59726937938,2681.29245193547,2639.59993473321,2681.52384965029,2657.18352508117,2657.49657918212,2665.72954440679,2657.58320017596,2661.32208039182,2672.82158679606,2661.28480397597,2665.01426402955,2636.16454839127,2673.23726144976,2680.89039002042,2673.06234438297,2668.10163059104,2669.55424134093,2670.17077132243,2666.66996132193,2672.37103436536,2677.70828912863,2663.39493249716,2661.94111863091,2653.25957922755,2668.59930768758,2672.76091661551,2684.76814688926,2685.67345506619,2684.57249841888,2676.83251348339,2677.65068676698,2663.16447629353,2685.35107256651,2668.2034607685,2670.37646313329,2657.48303065028,2666.93154382736,2688.5126581903,2690.41107783044,2683.06324301035,2700.17423055284,2688.70353131796,2684.17967039557,2673.40220157979,2686.8980923414,2661.89824480981,2679.73930953146,2677.65269642376,2695.32762384143,2683.44516127816,2671.68245121386,2698.38535784391,2739.44441250847,2679.21030021598,2692.30080552448,2666.20571129453,2682.69107978034,2674.22878938953,2671.87035831069,2681.7649260542,2674.74017981796,2676.57706402959,2703.86387540481,2655.96308596487,2664.41818209636,2657.48371254549,2721.1863892585,2667.60530457603,2673.41104528357,2657.37800789424,2677.01144219591,2660.53680950841,2655.76006450158,2645.39344488476,2652.74471298713,2636.97558321839,2641.73729195929,2661.66126062522,2664.03786268247,2660.74582883526,2643.79503537613,3659.18225025066,2651.13901206823,2649.84833322724,2653.39202131679
,85.5,2653.95005687893,2673.46582149518,2631.39762932806,2672.03538909526,2648.0937091024,2648.74093199721,2655.89232724851,2648.00465710219,2651.84482569777,2662.82646733064,2653.06915450019,2656.06982273026,2627.53058537568,2662.97047454625,2670.00073148043,2662.7297054753,2657.84779416658,2659.29823887216,2659.64771935049,2656.74701233853,2662.39529129476,2667.99821899225,2654.90090932574,2653.75742881612,2644.01368188734,2658.79811889562,2662.9122064729,2674.45632534136,2675.75939882631,2674.03107968683,2666.8304248012,2667.6071890757,2654.10573331251,2675.36356893661,2660.73749997712,2662.89413768462,2648.86939212587,2657.57956216112,2677.95245049971,2679.93756036057,2673.32923340683,2689.9622164947,2677.66095648202,2673.65633518912,2663.58965177753,2677.12615911213,2653.03216272487,2670.08660696216,2667.81726412983,2684.48170966151,2673.25599531868,2661.67073679546,2688.59074337634,2729.60835324118,2669.83684072429,2681.72690288067,2656.33964295731,2673.05438278921,2664.52348888708,2662.56456977189,2672.27933824995,2664.61395686163,2667.39687739978,2693.34018325531,2647.53132231622,2655.62142958922,2648.39775849599,2711.0145252409,2657.72743300501,2663.57024302118,2648.73079426346,2667.60138777368,2651.35561927851,2647.11825704417,2638.68613764645,2645.9581399403,2628.6335171182,2633.54079165222,2652.51377450986,2655.24075377839,2651.58729394154,2635.11160875508,3644.3322965105,2642.4028527317,2640.32193782611,2643.87177763843
,86,2646.48649164627,2665.6889403559,2623.80486689257,2663.37284126037,2639.77232490206,2640.65443962597,2647.21948554148,2639.55422197627,2643.33133167462,2653.68004012552,2645.30583345468,2647.41998659977,2619.68177343788,2653.76529921736,2660.62166063359,2653.17224440841,2648.39938709359,2650.14888192508,2650.49540913911,2647.63329275909,2653.32103851436,2659.13348986951,2646.75670341566,2645.55194556455,2635.55316071278,2649.82482476473,2654.1557276011,2664.82945573072,2666.63001687606,2664.55083767675,2657.85466882964,2658.46746557058,2646.11524798109,2666.36705251607,2652.98467798365,2655.25865962314,2641.01047113449,2649.08352106557,2668.45024649886,2670.18831336753,2664.43198950429,2680.46091062918,2667.82406362107,2663.74832603083,2654.85159582284,2668.17452462786,2644.55905313851,2660.92146012993,2658.88959222601,2674.27883758199,2663.70444272926,2652.74930315688,2679.7302003561,2720.91493092778,2661.12069262603,2672.04183943963,2647.44044678311,2663.85269017743,2656.01383828339,2654.1881021141,2663.60094615206,2655.35321678437,2659.01748419983,2683.91788767068,2639.60054630064,2647.24503357716,2639.62518301334,2702.00175046628,2648.80652070001,2654.42073800072,2640.64985296181,2658.75947831406,2642.77820082949,2638.98428540239,2632.30899460053,2639.38478271631,2620.66542289708,2625.84869732663,2644.2438415683,2647.21339085611,2642.77299284874,2627.21163258053,3630.19861343182,2634.17362250614,2631.74022584153,2635.20772240773
,86.5,2638.76130239668,2657.89917917824,2616.37963639305,2655.4202153782,2632.25873577876,2633.02336447839,2639.21996792483,2632.00669407523,2635.40385658271,2645.06964184323,2637.49980529048,2639.31117868759,2612.26753582717,2645.08884314329,2652.0546686065,2644.5633797135,2639.88128493557,2641.69995144665,2641.85622166758,2638.76872933387,2644.89831855681,2651.1143293422,2638.53429241751,2637.57562228822,2627.75758816223,2641.40502033338,2646.31002330794,2656.02798692868,2658.175393212,2655.67461318727,2649.61705433843,2650.00557073993,2638.44345584134,2657.68104373706,2645.34893651845,2647.78342754916,2633.5177405849,2641.36899322225,2659.73476528375,2660.88695405652,2656.18746964048,2671.68086324786,2658.80276640875,2654.38472571679,2646.9146662785,2659.6917717108,2636.67608370365,2652.69131997651,2650.41912881453,2664.78438303753,2654.54992411241,2644.51333392986,2671.47293011912,2712.87828910382,2653.11362992702,2663.00438534235,2639.25882253568,2655.25045726641,2648.22481993542,2646.2165525237,2655.13539135984,2646.96319849051,2651.21756273905,2675.34103764738,2632.02783820032,2639.21464202358,2631.38636768479,2693.6152857426,2640.58199807127,2646.11042674693,2632.82471862301,2650.4452262672,2635.03900082585,2631.40265662422,2625.82704731229,2632.94253830386,2613.36779789566,2618.6675431143,2636.69742998932,2639.7680154536,2634.90614236715,2619.94245115087,3616.58589816303,2626.50883454548,2623.81206632201,2627.12274191631
,87,2630.97290893762,2650.26034116015,2609.59121676111,2648.06057876742,2625.07147519013,2625.68757196516,2631.42719366286,2624.89945191003,2628.0836485547,2637.06526072706,2629.74683228106,2631.45451046591,2605.20896465656,2637.29937252236,2644.07386552269,2636.68751253876,2631.66199144128,2633.8555775586,2634.04843136644,2630.53148371975,2637.16483551385,2643.54066616886,2630.57888170814,2629.90105817758,2620.7668180892,2633.421618147,2639.0440850373,2647.72672116634,2650.08783219314,2647.1735147877,2642.02841304844,2642.06478892865,2631.16012579886,2649.85658048891,2637.36935948715,2640.43337397894,2626.2172725318,2634.24614835723,2651.47131794068,2652.63132206472,2648.3287923802,2662.95171413856,2650.35680054145,2645.7679635753,2639.33219188738,2651.25213772021,2629.11753380555,2644.56221824462,2642.49686981169,2655.81497850372,2646.09933799635,2637.19407455411,2663.78008318912,2704.80711468087,2645.40545427887,2654.62008194982,2631.79789129686,2647.28696303805,2640.92890931411,2638.59136962193,2647.2361055757,2639.2502031917,2643.58397068702,2667.29180272508,2625.00916249999,2631.58239649575,2623.50568832138,2685.80764007309,2632.91761418807,2638.10856598763,2625.51317318043,2642.62273897703,2627.33521724803,2624.1744074799,2619.5725431138,2626.22758883272,2606.52013412148,2611.83983712853,2629.29868195247,2632.6378320699,2627.09408221479,2613.39224448192,3603.29370784962,2619.09955893525,2616.40182123349,2619.54719148009
,87.5,2623.40976073365,2642.77250536554,2602.70149930669,2641.10145086481,2617.90411305012,2618.68565178558,2623.82033825915,2618.11882262275,2620.8849873862,2629.14526749271,2622.28213337922,2623.97084873985,2598.30117179531,2629.67011940367,2636.32998462423,2629.23408785949,2623.74384986692,2626.06666015325,2626.66111822463,2622.69412507955,2629.31070915887,2635.7591840401,2622.8289713171,2622.37232555502,2614.1676506567,2625.81624145419,2631.89077197922,2639.9073976662,2642.35537403509,2639.50327475922,2634.30787649524,2634.09964504556,2623.72372748514,2642.74919772121,2629.51713531641,2632.84476538285,2619.42733696862,2627.28249959127,2643.67053458645,2645.21229213901,2640.94776814652,2654.86734621654,2642.53815911448,2637.60162037861,2631.8430294732,2643.16802479448,2622.05394119675,2636.93632276419,2634.86872490679,2647.44917949327,2638.3114028185,2630.08293563145,2656.42832150903,2696.86521171692,2637.97323383304,2646.9648248668,2624.92256861015,2639.41928894471,2634.16761184306,2631.32044320842,2639.61892353724,2631.86315185404,2636.20634740825,2659.44346549108,2618.30777723691,2624.16881374787,2616.08365185606,2678.17447330196,2625.48648320963,2630.39147681887,2618.53883657981,2634.98724490267,2619.77942927686,2617.29197426122,2613.37262212805,2619.37219733958,2600.04646035482,2605.13461889003,2622.32400733029,2625.62667766389,2619.86721711771,2607.36592335167,3589.81654722465,2611.85446601173,2609.48840930484,2612.39078926441
,88,2615.87791971941,2635.37741155815,2596.10869060978,2634.56416408598,2611.15115134003,2611.78343731864,2616.89005445251,2611.84135027252,2613.82584565707,2621.73177313977,2615.20126622619,2616.66216146037,2591.66570105584,2622.45086837327,2629.04014318912,2622.02577887011,2616.07478856329,2618.63338864538,2619.53049433726,2615.33722522325,2622.09108657498,2628.41362267735,2615.52161441761,2615.22403431691,2607.53071296171,2618.67483879819,2624.75398754871,2632.63163642141,2635.0334241261,2632.3222199385,2627.02520246022,2626.93936249506,2616.79012919845,2635.91820941301,2622.13920481799,2625.67237675857,2612.93949429714,2620.72001259664,2636.23409906721,2638.03062224037,2633.5417238025,2647.33122130757,2635.23474333693,2629.96702655447,2624.62648446516,2635.70974813001,2615.20475120536,2629.74259706117,2627.53516261518,2639.49642284377,2631.06471334878,2623.29962520911,2649.40603566241,2689.18671200801,2630.82172110274,2639.45287672469,2618.14392999507,2631.52567976331,2627.60651507767,2624.36478480564,2632.24687665276,2624.71000999869,2628.77583577219,2652.11776235481,2611.77514293543,2617.01324222686,2608.87460105829,2670.99078785493,2618.39999019946,2622.85204617747,2611.81862620099,2627.70940749901,2612.66604389324,2610.77959201889,2607.27208716713,2612.7151661687,2593.84844941974,2598.60595122671,2615.53285538727,2619.14972742937,2612.98729229414,2601.59879056184,3576.54800217446,2605.04731418685,2603.11049831841,2605.61218397661
,88.5,2608.40191469236,2628.31060766179,2589.94519943665,2628.43218989917,2604.7596557839,2605.14994631999,2610.09932136305,2605.63813776981,2607.08761669682,2614.49981389172,2608.12160919202,2609.70638685334,2585.35106470317,2615.42707720669,2621.86347752816,2615.19261466444,2609.07951818038,2611.50544409282,2612.43985777572,2608.40990606752,2615.17426372699,2621.20525503209,2608.18478554534,2608.56181809914,2601.0472135847,2611.78170491481,2617.82161285475,2625.90004788238,2628.15728445633,2625.2442143908,2620.09611456371,2619.90955764929,2609.98193517444,2629.09466064343,2615.13477354799,2618.88805836709,2606.80444448689,2614.00181348721,2629.16510576987,2631.48640474721,2626.59822065222,2640.23452046582,2628.16037185733,2622.92265202437,2617.64606579396,2628.56000243293,2608.7290543698,2623.13513830464,2620.33780653042,2631.96519703612,2624.11009368382,2616.6619628702,2642.76596589632,2681.55773908281,2623.97003263708,2632.18876172493,2611.55603790469,2624.39194628616,2621.26680923875,2617.48173168351,2624.94540634774,2618.00533425765,2621.4455373133,2644.89271008018,2605.50257920121,2610.04806128072,2602.20332307962,2663.92573564685,2611.3781732788,2615.88615096339,2605.62755967915,2620.84841544831,2605.85927196024,2604.50681312069,2601.34945785202,2606.25236767333,2588.29761511424,2592.26998111011,2608.95564195279,2612.72146390947,2606.64386112489,2596.16825647917,3563.17702273394,2598.76359632131,2596.99381283873,2599.01759922201
,89,2601.41812884274,2621.37366946019,2584.09818257702,2622.43875038327,2598.58444283361,2598.83365466827,2603.78313733101,2599.73541119385,2600.59184202765,2607.72831966649,2601.38785592664,2602.81931908436,2579.55752203852,2608.90207955343,2614.79817465426,2608.55581635194,2601.97640448386,2604.71596299915,2605.70105141818,2601.98625617587,2608.74185018066,2614.17836881252,2601.22230969754,2602.00065138421,2594.7701578252,2605.5567376624,2611.04036273698,2619.21689629345,2621.65527492693,2618.44305573708,2613.24963158016,2613.17885470005,2603.76122646857,2622.63328785168,2608.08031731264,2612.20615645524,2601.08168466869,2607.51381551429,2622.47864628446,2625.4058927566,2619.98712656136,2633.44642395094,2621.41280569461,2616.20654242638,2610.76571967567,2621.74203780317,2602.28542813907,2616.62335558925,2613.52152452758,2624.68633163117,2617.55022432901,2610.49410505568,2636.4092265394,2674.31535034201,2617.40978548537,2625.14530211863,2605.10849930265,2617.72660928471,2614.96541786314,2611.10414086261,2618.06490155464,2611.31097336306,2614.42043698833,2637.89690290393,2599.5296557459,2603.39143737335,2595.81145595289,2657.42457041156,2604.85391698277,2608.98605823815,2599.72192503867,2614.20128465675,2599.06872733951,2598.69196656562,2595.9647190377,2599.97232064703,2583.08123191079,2586.40541743036,2602.64277269737,2606.47605042217,2600.16833104975,2590.56795546047,3549.95495402802,2592.65827621257,2590.92964485975,2592.69408481196
,89.5,2594.89210537062,2614.5919230621,2578.28339001763,2616.66548678886,2593.2111081888,2592.89343549197,2598.17487978181,2594.06443918683,2594.2269119172,2601.2416357486,2595.08351544032,2596.26397957987,2574.10414508441,2602.62429653327,2608.4091205759,2601.901311366,2595.4668128187,2598.26368896514,2599.13984273921,2595.89875382032,2602.55298995392,2607.70274204351,2594.49933705027,2595.35301893888,2588.66377247105,2599.79078491398,2604.44589346486,2612.84831399699,2615.85690167491,2612.07858334747,2606.53445585898,2606.55636283657,2597.83797198608,2616.57272908426,2601.62012021173,2605.90968665704,2595.68062247118,2601.18278639484,2616.12911567872,2619.3696139151,2613.97772410508,2627.10753078016,2615.02566465251,2609.81707973373,2604.22078233059,2615.69486028258,2596.15096239722,2610.86447542969,2607.25021521469,2617.79111636532,2611.21236289941,2604.47257385424,2630.43150526781,2668.00302676933,2611.47562814954,2618.60624855614,2598.92512181769,2611.50093722105,2609.236039853,2605.29731604218,2611.57587843046,2604.86688419969,2607.83941571081,2631.20293552403,2593.7841554295,2597.21974838924,2589.86975573192,2651.26406979735,2598.71058233246,2602.53243816315,2593.97064578782,2607.75334285256,2592.9111728584,2593.17166086108,2590.76077750271,2594.15875812545,2578.15598564803,2581.26067512839,2596.9239477161,2600.7281084111,2594.55513168396,2585.13881931615,3536.88915071067,2587.04245000035,2585.15288470722,2587.02617906705
,90,2588.66916691724,2608.11553543843,2573.09045642672,2611.18047473935,2588.36078836904,2587.23599210142,2592.9115308518,2588.73670879065,2588.45224651068,2595.33844124403,2589.10114157455,2589.91894691528,2569.14709461593,2596.77410920801,2602.59187240731,2595.59048826321,2589.62061257397,2592.23362877974,2593.00550591272,2590.19592290484,2597.18559155749,2601.90478607611,2588.21060347138,2589.16514886411,2582.52516912843,2594.50228949684,2598.39840432514,2606.7711219778,2610.34124160132,2605.98327163441,2600.59607587381,2600.80430093523,2592.71634982923,2610.89283091303,2595.56481289688,2600.33109634008,2590.48851752722,2595.28697459657,2610.08240225384,2613.60752709119,2608.11313868097,2621.31207154105,2609.05695860401,2604.05858845153,2598.37024933102,2610.04250395273,2590.23009604928,2605.34557711302,2601.61028672631,2611.57531091004,2605.19274484463,2599.02871934736,2624.82290952496,2662.43917234539,2605.9882260506,2612.22443363719,2593.05597276901,2605.85570245928,2603.74573150164,2599.88233117032,2605.39327532678,2599.27032149941,2601.90999856986,2624.92562174462,2588.2292042375,2591.56361226173,2584.3660544934,2645.71940819867,2593.29836159742,2596.71593789992,2588.75055118209,2601.68224144756,2587.18411950296,2587.95702452158,2586.04109618853,2588.80250894988,2573.53626749421,2576.79865208628,2591.62783248008,2595.64531559661,2589.40875539987,2579.81570197526,3524.59409108829,2582.12226885817,2579.63702476717,2581.90951906731
,90.5,2582.782774423,2602.00290087073,2568.41698437425,2605.76460653622,2583.54476421196,2581.92413843285,2587.67711148346,2583.43238972992,2583.20002169918,2589.89617723146,2583.37922571008,2584.05613343424,2564.50536362974,2591.23733894576,2597.12829139469,2589.64748224911,2584.47204956115,2586.73139167825,2587.31446399225,2584.85099190745,2591.97966593529,2596.39522730153,2582.14022379155,2583.47407937387,2576.99088109724,2589.45583182199,2592.89247642577,2600.87042669087,2605.14496700755,2600.16243140734,2594.97851470394,2595.09861729122,2587.88884154221,2605.62142401497,2589.8169108487,2594.95360631121,2585.4875810978,2589.65816677193,2604.53038011419,2608.40100609121,2602.80458781982,2615.84788729461,2603.53381365594,2598.6812909203,2593.04851487977,2604.77869867449,2584.91548844919,2600.13492399044,2596.45286879222,2605.80487532208,2599.49079250642,2594.26832698992,2619.49349950619,2657.61349100559,2600.60582721128,2606.63823971965,2587.61386675362,2600.90061842457,2598.63249465957,2594.84850938637,2599.46694660578,2594.00657127797,2596.47218346835,2619.14376987939,2583.26907935403,2586.41335948388,2579.40236723439,2640.54141357877,2588.34549138145,2591.34462055862,2584.13620025838,2596.03726135346,2581.83697424899,2583.17604990584,2581.76583199555,2584.02798793974,2569.39408183532,2572.71666028971,2586.70169019618,2590.74892147935,2584.70721903086,2574.65946685907,3513.01065735585,2577.398914467,2574.25436755419,2577.17775983293
,91,2577.34164285925,2596.24293347215,2564.04771764719,2600.5326503478,2579.17430816098,2577.01778480913,2582.85093757731,2578.65473044783,2578.37777561036,2585.15339177141,2578.12162536201,2578.5131566424,2560.10247198781,2586.33084569743,2592.11752550105,2584.32259420963,2579.42264444533,2581.79360240508,2582.21589324744,2579.7532131097,2587.38738776991,2591.39499553342,2576.57516923629,2577.910210099,2572.03908439432,2584.9051724265,2587.71269796552,2595.30132902141,2600.19012804318,2594.93640307768,2589.80717330806,2590.06779823596,2583.46828447001,2601.10771747748,2584.56570188772,2589.93987675049,2580.48327160974,2584.9704596807,2599.38652552217,2603.46325012176,2597.81103349679,2610.718382386,2598.50253360119,2593.69099781578,2588.03823712171,2599.99301180091,2579.92735839023,2594.83991125316,2591.79519183537,2600.82089628434,2594.4586927362,2589.86770369108,2614.50432475433,2653.56774952297,2595.78854512484,2601.7381796408,2582.97923632283,2596.05597430735,2593.75571729674,2590.52337932253,2594.22282877991,2588.96958582967,2591.75577227801,2613.79090985831,2578.80031417479,2581.85748696264,2574.90178184378,2635.72566083672,2583.9430293818,2586.31925037452,2579.63263129628,2590.73953939682,2576.95338959079,2578.94462270861,2577.98300162641,2579.5233905906,2565.62991469549,2569.06870226785,2582.36470732506,2586.42998201353,2580.20385518596,2569.79755858555,3502.18961580669,2572.78459359724,2569.41845895762,2572.93760796981
,91.5,2572.42188295786,2591.12648014982,2560.18786024295,2595.85736725929,2575.21349940567,2572.73497900795,2578.51133722057,2574.18901416784,2573.8757693821,2580.73842204998,2573.24271407951,2573.40382716768,2555.85446079259,2581.73070245056,2587.74212607938,2579.50479631397,2575.14123411129,2577.3807524965,2577.69762709472,2575.09986873566,2583.22999345319,2587.06980067212,2571.70088036368,2572.82213925208,2567.42065122427,2580.33832096539,2582.883741037,2590.30571580415,2595.46312003436,2590.09122606554,2585.23584584469,2585.18286083066,2579.34889233658,2596.97019766627,2579.85837094624,2585.47399266824,2575.83539112664,2580.5321499429,2594.59265089139,2598.74297429864,2593.29503468058,2605.65684148497,2593.83768384619,2589.34497461939,2583.4805662487,2595.62225393504,2575.67373638397,2590.01313201909,2587.82288114372,2596.37943799704,2589.79786454415,2585.80678872246,2610.14036799096,2649.92842137943,2591.2489221483,2597.41087810541,2578.86105784165,2591.60447695143,2589.24882085,2586.40468812048,2589.43621119638,2584.50135196205,2587.4356148519,2608.81923242801,2574.76374231655,2578.10054080053,2570.97109903754,2631.34409630154,2579.63282278246,2581.84603065037,2575.79724052531,2586.09222258304,2572.5701567193,2574.92860111161,2574.41778214333,2575.64812252898,2561.95726704779,2565.72777013078,2578.39028160603,2582.57563136502,2576.44514366347,2565.65339523827,3492.18830669711,2568.84099877729,2565.20196747394,2569.11680699963
,92,2567.97980898804,2586.49528621747,2556.82500022673,2591.36316298975,2571.12950035001,2568.68512671024,2574.29267216927,2570.13159194683,2570.01497578781,2576.83717189282,2568.74768196243,2568.97022498082,2552.06656010977,2577.40764891873,2583.32526838241,2575.41732460851,2571.04383472288,2573.27792140647,2573.78280510725,2570.85133502002,2579.49467192914,2583.08828381756,2567.34221799201,2568.59590499886,2563.11762579678,2576.23796704211,2578.45478906409,2585.77163103019,2590.71240996765,2585.73293391641,2581.10056623498,2581.00559043956,2575.49268110462,2592.84884848972,2575.67317985525,2581.19602844813,2571.64615762546,2576.79799051392,2590.27238677308,2594.37651396525,2588.83984909126,2601.03225502252,2589.39274939774,2585.44108069329,2579.47321154206,2591.46034665534,2571.98427922245,2585.56967324826,2583.95111553352,2592.31884178441,2585.85485633639,2582.11176225239,2605.98693538536,2646.51122724508,2586.86648816929,2593.49214540026,2575.27197441756,2587.39335253847,2584.90267067114,2582.6028102113,2584.95033713744,2580.66631548408,2583.54577648065,2604.33283875707,2571.17714373304,2574.86629049983,2567.6043547128,2627.28184443555,2575.51783871454,2577.78979340478,2572.46554586215,2582.08467498794,2568.65035158909,2571.19283825286,2571.17901481738,2572.17443211203,2558.74900877667,2562.54568629193,2574.81579425168,2579.24144665237,2572.90058514884,2561.80183034373,3483.04672923034,2565.06786171798,2561.41734619138,2565.39780020681
,92.5,2564.07616855048,2582.24730402488,2553.66495211497,2587.4414170744,2567.37042118395,2564.87548604913,2570.5745319139,2566.34913465098,2566.36552455964,2573.18424311,2564.58897323361,2565.10748769826,2548.65683432513,2573.50101482676,2579.0145092021,2571.63474331379,2567.20893430763,2569.55153657733,2570.16942178671,2567.00699856038,2575.92976915714,2579.59212603239,2563.39215823727,2564.75576498899,2559.67797118221,2572.49111190106,2574.45182855533,2581.74162740914,2586.62038717152,2581.81370944994,2577.29416319551,2576.955105343,2571.79212153039,2588.74930926617,2571.83522121076,2577.10745371221,2567.8983629548,2573.51969309426,2586.48111295219,2590.29283003817,2584.99342997447,2596.63917331359,2585.422971683,2581.62559221877,2575.72351797784,2587.61349536351,2568.78045938312,2581.63527706496,2580.2206397047,2588.2015925546,2582.00753352302,2578.54565197829,2602.31696926946,2643.46430625318,2582.7696832728,2590.1021106052,2572.05637010555,2583.45080573125,2580.96907262899,2579.21441058506,2581.04421535425,2576.69634615017,2579.78815133903,2600.41280342674,2568.17770696067,2571.74020015398,2564.56040497678,2623.64885779461,2571.62563028077,2574.16944901853,2569.28205401205,2578.67293084972,2565.23787036224,2568.04026666609,2568.03201954431,2569.21013496484,2555.78046347355,2559.11611926671,2571.88877350351,2576.16891530208,2569.54681231579,2558.50663006299,3474.25426143968,2561.28438615739,2557.99227823676,2562.02974417385
,93,2560.60699790341,2578.529950808,2550.78167079242,2583.96578033963,2564.05865060516,2561.57030585963,2567.46679998517,2562.93496624587,2563.06211052992,2569.76071050039,2560.92862324402,2561.70869185779,2545.49685789662,2569.92417475849,2575.0360542588,2568.42534288219,2563.67411598664,2566.01391270262,2566.99775606234,2563.44923779615,2572.78052555676,2576.57441474723,2559.97498276381,2561.28775082181,2556.72587156231,2569.18685840506,2570.98910474846,2578.50250637339,2582.83878341132,2578.25285224895,2574.10889513319,2573.44778786266,2568.60646103976,2585.08202863399,2568.48789263242,2573.30599944977,2564.74576036409,2570.72539493984,2583.16283918305,2586.57805243892,2581.6277636758,2592.73501372245,2581.91900447832,2578.12092444343,2572.10680309363,2584.10922928212,2565.88480840193,2578.09063394056,2576.70903125428,2584.69916191098,2578.51133820768,2574.99918896707,2599.16579823488,2640.73117504972,2579.26074823418,2586.77696374037,2569.20457514689,2579.68943410325,2577.48153120316,2576.14097236136,2577.74653016168,2573.26291900209,2576.64491187737,2597.02626648586,2565.36265485479,2568.96193912777,2561.67751740867,2620.22983667866,2568.04358538057,2570.9882877358,2566.07484824875,2575.47917894319,2562.38479805292,2565.1202053794,2565.09075027676,2566.16090960847,2552.99907878926,2556.03878400102,2569.27508909773,2573.39641899044,2566.58749784544,2555.7056614887,3465.67492061573,2557.9860015546,2555.05851070333,2559.03653860053
,93.5,2557.38116015915,2575.05346524875,2548.15233541144,2580.82813872832,2560.85480871054,2558.46309128787,2564.57316821568,2559.59826157848,2560.05187408136,2566.54435383006,2557.74705406297,2558.78909189619,2542.97348552714,2566.33327064147,2571.39245436959,2565.38931172762,2560.75634974648,2562.48765200285,2564.02150563258,2560.53182866411,2569.59817757771,2573.75176551044,2556.80945419227,2558.44883404962,2554.16469959829,2566.31572486716,2568.19901622442,2575.4742576999,2579.37768015332,2575.04028625792,2571.06766397052,2570.35348842399,2565.83187500317,2581.35604313465,2565.38511141525,2569.51349887695,2562.17204063156,2568.09950448565,2580.02289953114,2583.26248123957,2578.33656335737,2589.20077942045,2578.75965708278,2574.98668207096,2568.91742541731,2580.93100814119,2563.62513294097,2575.49425936083,2573.53263545111,2581.30220549854,2575.04042542948,2571.74782685221,2596.45345888768,2638.17045552459,2576.11394494281,2583.66300454238,2566.0885114868,2576.20953563866,2574.4701023023,2573.07675219593,2574.83020168944,2570.07498785794,2573.58843602222,2593.98366025035,2562.88754333889,2566.23539846672,2558.99095538856,2616.92930247738,2565.09724493202,2568.11143948517,2563.12951489795,2572.67098060514,2560.07857722345,2562.34268780634,2562.334786985,2563.42691852398,2550.39015075891,2553.05818984937,2566.94788951623,2571.03973151925,2564.08334871039,2553.29568663474,3457.29842327081,2555.09218076708,2552.0361632062,2556.21220205956
,94,2554.01508393185,2572.13652318105,2546.41202090097,2577.27302055622,2557.937458175,2555.86525823667,2562.03016458254,2555.86223943383,2557.1734450983,2563.77459462418,2555.07110893285,2556.03054038447,2540.99946799634,2563.03082749626,2568.44036735235,2563.20190070642,2558.19220811853,2559.39128754187,2560.83491554963,2558.04903828118,2566.22762614655,2571.00891028091,2553.46826805384,2555.91677984923,2552.57422005709,2563.91185037512,2566.26102707031,2573.34022856292,2576.1497234006,2572.23769577126,2568.87699860402,2567.60304164611,2563.46643215011,2578.47187775301,2562.83376963652,2566.17762717197,2559.61064472659,2565.79362397612,2577.75106309639,2580.48945400256,2575.05074912862,2586.56760470084,2576.37788404041,2572.07128055808,2565.68216287693,2578.13028979182,2561.55151493438,2573.19549601337,2570.48111081833,2578.60605463904,2572.03209290045,2568.67380294273,2593.6824371026,2636.30945169665,2573.13925396224,2580.45486411244,2563.10329651197,2573.01035567468,2571.7772283134,2570.16029057957,2572.72305456078,2567.19042346018,2571.47249636007,2591.46192229201,2560.78308529837,2563.67892633962,2556.06180447322,2613.38535398926,2562.73909047911,2565.26659878471,2560.51179894519,2569.66607126555,2558.38071530293,2559.9863629289,2559.77677678102,2560.40055376713,2548.29340580617,2550.39267055818,2564.85522256755,2568.96056390173,2561.34562080269,2550.85697939824,3448.89644479761,2552.4066202199,2548.96021430861,2553.81307619064
,94.5,2550.73269258784,2569.32382308406,2544.62366649877,2574.08421069911,2555.21318609986,2553.41004924692,2559.73132185639,2552.2916302812,2554.36613323208,2560.97748099659,2552.5710964579,2553.37337838757,2539.05527730598,2559.82933624879,2565.63695342438,2560.98287105794,2555.91411985421,2556.28570901638,2557.74852938138,2555.63059825639,2562.99420946514,2568.36511385048,2550.26410246784,2553.4347614609,2551.19917523268,2561.6323131537,2564.59664605429,2571.33515816863,2573.18182798462,2569.47447499366,2566.85958248607,2565.02124734693,2561.43626098699,2575.74784426595,2560.30967264158,2562.81501464916,2557.31674414286,2563.56911426311,2575.49395046783,2577.9681218401,2572.06234145165,2584.11591941287,2574.29058873271,2569.22139955348,2562.44457454717,2575.47410895059,2559.61092362839,2571.0348302328,2567.58674723405,2576.13895765675,2568.79211554396,2565.62873127742,2591.31191766199,2634.57861332969,2570.47924234111,2577.28190497319,2560.06283177854,2569.8497498082,2569.35483524785,2567.32232252943,2570.813519585,2564.29314332735,2569.40239986039,2589.16057417997,2558.69524851799,2560.99367942168,2553.06345074453,2609.92484162134,2560.63856763263,2562.61165821491,2557.67009444205,2566.68975339761,2556.81394537813,2557.76470666654,2557.32723112941,2557.33909420138,2546.17966750824,2547.71700197396,2562.82953693992,2566.76321253511,2558.84240006691,2548.72132120917,3440.41507631262,2549.9535693379,2545.98117855551,2551.57056344069
,95,2546.87697706052,2567.5380529986,2544.79020650786,2569.51159356186,2552.92235381783,2552.30112978254,2557.95267857776,2547.48602519136,2551.28694669703,2558.96732103936,2550.80795070695,2550.35818754936,2537.91289711564,2556.95877058969,2564.53009416859,2560.43886096056,2554.23550088659,2554.23558332974,2553.91402800324,2553.98539889468,2559.09625699147,2565.80116118736,2546.52380470499,2551.0157042781,2551.25831207454,2559.4995021056,2564.18310192894,2570.67842582996,2570.11876747592,2567.13827853669,2566.29563860699,2562.28062611873,2559.82107195012,2574.60230337278,2558.45563545498,2560.68386837599,2554.39000843594,2561.2467955571,2574.71194429715,2576.06098637753,2568.57851798497,2582.61127537368,2573.39939592267,2567.02463285403,2558.89663036048,2573.3607338298,2557.86265313779,2569.0831935211,2565.26172161416,2574.88326882101,2566.41267729225,2563.01527327473,2588.40176464005,2633.83510495683,2567.53543316247,2573.70313617933,2557.00755818376,2567.2306307741,2566.9193645729,2564.2000824287,2570.24406554366,2561.86538053781,2569.06297785724,2587.2389278916,2557.13625831918,2559.05644314488,2549.51776285768,2605.73577475129,2559.27745887445,2559.48102389175,2556.0891611214,2563.14315426181,2555.98532824278,2555.91042710819,2555.08591982308,2553.83484846088,2544.6987890084,2545.85736089648,2560.72027800352,2565.11640552833,2555.56095201747,2545.98444722808,3431.86429226256,2548.04994660534,2542.57025821843,2549.80919322965
