,Temperature,A1,A2,A3,A4,A5,A6,A7,A8,A9,A10,A11,A12,B1,B2,B3,B4,B5,B6,B7,B8,B9,B10,B11,B12,C1,C2,C3,C4,C5,C6,C7,C8,C9,C10,C11,C12,D1,D2,D3,D4,D7,D8,D9,D10,D11,D12,E1,E2,E3,E4,E5,E6,E7,E8,E9,E10,E11,E12,F1,F2,F3,F4,F5,F6,F7,F8,F9,F10,F11,F12,G1,G2,G3,G4,G5,G6,G7,G8,G9,G10,G11,G12,H1,H2,H3,H4,H5,H6,H7,H8,H9,H10,H11,H12
,60,7054.47847081927,7193.89044803228,6925.12275662109,7266.49876489784,7171.81177874333,7159.94021305486,7316.02948508471,7195.49122148972,7309.5596664279,7604.00931661763,7320.17372221383,7206.14556552936,6975.21519850162,7352.97503532021,7089.5066280476,7655.52683299715,7473.58665036987,7355.971378707,7544.22493562719,7660.49130096419,7545.90020913279,7703.6366065591,7248.97186708951,7376.19739633262,7064.15267579747,7163.04631570506,7349.6997129638,7433.93987449606,7368.10268629865,7579.39799567202,7395.17237015558,7318.65254427365,7511.70580635443,7384.76577402571,7254.40631006606,7392.55634546679,5991.49853952791,6163.81429521919,7192.7041306426,7369.73170290134,7512.62908807077,7365.36375267582,7631.41820497423,7572.18357167609,7218.32068137379,7439.86629845255,5681.90214189824,5511.53119482977,7434.47567596732,7529.80346126571,7523.29013746029,7785.77399327844,7622.42377948902,7377.88611740697,7650.92334935398,7739.5836995387,7726.39742783422,7471.56467178796,5580.78327572465,5460.70309217362,7479.35472810727,7683.84239776126,7291.38104446714,7462.69377377797,6965.24983286427,7497.05095875952,7690.99481350206,7236.01330647783,7318.03267687473,7565.3734060974,5223.58708204212,5436.79813001284,7103.22659524034,7386.28194736855,7202.75922069862,7276.04498126708,7264.83468813547,7511.88952359712,7330.75314169663,7426.98248637721,7400.49017150691,7039.2286895968,5212.98524641979,5313.65272584153,6769.15000846697,6995.88259131429,7198.69818044728,6938.42773638883,7245.24118422883,7162.5528894427,7836.16076115669,7238.15636059074,7315.05599181636,7003.9530569893
,60.5,7017.36262870328,7150.22219033258,6884.95049534535,7223.56425992248,7128.2501549039,7116.93147357289,7267.70886859151,7151.02411409748,7266.44330704399,7555.05733562542,7278.11578132684,7170.56965743599,6937.50496991877,7307.48342538988,7048.58523962083,7607.93861062598,7429.85114808707,7314.02947891106,7498.5470858506,7612.83782831446,7500.58050508488,7656.18358294896,7209.70159371805,7338.9201778791,7020.3107171623,7117.39856271221,7306.27468481609,7389.46978737711,7325.53264788772,7533.95438122306,7349.21513418165,7278.01708593977,7470.50594753288,7345.07409053976,7217.79863669972,7353.40833131418,5943.26783461433,6110.8633672411,7151.8037722624,7327.90586299252,7468.52150442575,7326.38262959762,7585.8953753058,7528.6133667031,7183.73445061001,7401.34827529157,5627.32067108146,5462.61900787426,7390.56554396247,7485.50312044888,7478.22287182071,7737.24576223492,7575.68410870037,7337.76272198334,7605.93053191405,7695.58247556972,7679.71382020052,7434.02323347968,5525.01915290141,5407.61329383096,7433.67310307314,7636.80821052682,7244.8503182142,7419.07038479866,6925.65397485882,7447.90198476101,7643.90569734075,7198.44351292205,7295.37809393611,7525.18086872803,5175.60304286324,5383.72213691179,7060.3821964081,7341.55289090405,7159.27188790487,7233.17500767392,7222.36509810863,7466.51421342745,7289.58477082987,7382.26611969174,7356.35583262029,7004.85170001593,5166.59800879006,5261.47833476082,6729.86510545735,6954.59592693856,7155.21443685053,6899.66011983005,7200.96875942668,7119.59303427284,7808.13692080947,7194.69900469517,7273.46136748991,6973.2106620313
,61,6980.2467865873,7106.55393263287,6844.77823406961,7180.62975494712,7084.68853106447,7073.92273409091,7219.38825209831,7106.55700670523,7223.32694766008,7506.1053546332,7236.05784043985,7134.99374934261,6899.79474133593,7261.99181545956,7007.66385119406,7560.35038825481,7386.11564580427,7272.08757911512,7452.86923607402,7565.18435566473,7455.26080103698,7608.73055933882,7170.43132034658,7301.64295942558,6976.46875852712,7071.75080971937,7262.84965666837,7344.99970025816,7282.96260947679,7488.5107667741,7303.25789820771,7237.38162760589,7429.30608871134,7305.3824070538,7181.19096333338,7314.26031716157,5895.03712970074,6057.91243926301,7110.90341388219,7286.0800230837,7424.41392078073,7287.40150651942,7540.37254563738,7485.04316173011,7149.14821984623,7362.83025213058,5572.73920026468,5413.70682091875,7346.65541195762,7441.20277963204,7433.15560618113,7688.71753119141,7528.94443791172,7297.63932655971,7560.93771447413,7651.58125160075,7633.03021256682,7396.48179517139,5469.25503007817,5354.5234954883,7387.991478039,7589.77402329237,7198.31959196126,7375.44699581935,6886.05811685336,7398.7530107625,7596.81658117943,7160.87371936627,7272.72351099749,7484.98833135866,5127.61900368435,5330.64614381073,7017.53779757586,7296.82383443956,7115.78455511112,7190.30503408077,7179.89550808179,7421.13890325779,7248.41639996312,7337.54975300628,7312.22149373367,6970.47471043507,5120.21077116033,5209.30394368011,6690.58020244774,6913.30926256284,7111.73069325378,6860.89250327127,7156.69633462452,7076.63317910298,7780.11308046224,7151.2416487996,7231.86674316347,6942.4682670733
,61.5,6943.13094447132,7062.88567493317,6804.60597279388,7137.69524997176,7041.12690722504,7030.91399460893,7171.06763560511,7062.08989931299,7180.21058827617,7457.15337364099,7193.99989955286,7099.41784124924,6862.08451275309,7216.50020552923,6966.7424627673,7512.76216588365,7342.38014352147,7230.14567931918,7407.19138629743,7517.53088301499,7409.94109698908,7561.27753572867,7131.16104697512,7264.36574097206,6932.62679989194,7026.10305672652,7219.42462852066,7300.52961313921,7240.39257106586,7443.06715232514,7257.30066223378,7196.74616927201,7388.10622988979,7265.69072356785,7144.58328996704,7275.11230300896,5846.80642478716,6004.96151128492,7070.00305550198,7244.25418317488,7380.30633713571,7248.42038344122,7494.84971596895,7441.47295675712,7114.56198908245,7324.31222896959,5518.1577294479,5364.79463396324,7302.74527995277,7396.90243881521,7388.08834054155,7640.18930014789,7482.20476712308,7257.51593113609,7515.94489703421,7607.58002763178,7586.34660493312,7358.94035686311,5413.49090725494,5301.43369714564,7342.30985300486,7542.73983605792,7151.78886570832,7331.82360684004,6846.46225884791,7349.60403676399,7549.72746501811,7123.30392581049,7250.06892805887,7444.79579398928,5079.63496450547,5277.57015070968,6974.69339874362,7252.09477797507,7072.29722231737,7147.43506048762,7137.42591805494,7375.76359308813,7207.24802909636,7292.83338632081,7268.08715484705,6936.0977208542,5073.82353353059,5157.12955259939,6651.29529943813,6872.02259818711,7068.24694965703,6822.12488671249,7112.42390982237,7033.67332393312,7752.08924011502,7107.78429290403,7190.27211883702,6911.7258721153
,62,6906.01510235534,7019.21741723346,6764.43371151814,7094.7607449964,6997.56528338562,6987.90525512695,7122.7470191119,7017.62279192074,7137.09422889226,7408.20139264877,7151.94195866587,7063.84193315587,6824.37428417025,7171.00859559891,6925.82107434053,7465.17394351248,7298.64464123867,7188.20377952324,7361.51353652085,7469.87741036526,7364.62139294117,7513.82451211853,7091.89077360366,7227.08852251853,6888.78484125676,6980.45530373367,7175.99960037295,7256.05952602027,7197.82253265493,7397.62353787618,7211.34342625984,7156.11071093813,7346.90637106824,7225.99904008189,7107.97561660071,7235.96428885635,5798.57571987357,5952.01058330682,7029.10269712177,7202.42834326606,7336.19875349069,7209.43926036302,7449.32688630052,7397.90275178413,7079.97575831868,7285.7942058086,5463.57625863112,5315.88244700773,7258.83514794793,7352.60209799838,7343.02107490197,7591.66106910438,7435.46509633443,7217.39253571246,7470.95207959429,7563.5788036628,7539.66299729942,7321.39891855482,5357.7267844317,5248.34389880299,7296.62822797072,7495.70564882347,7105.25813945539,7288.20021786074,6806.86640084246,7300.45506276548,7502.63834885679,7085.7341322547,7227.41434512026,7404.60325661991,5031.65092532658,5224.49415760863,6931.84899991138,7207.36572151058,7028.80988952363,7104.56508689446,7094.9563280281,7330.38828291847,7166.0796582296,7248.11701963534,7223.95281596043,6901.72073127334,5027.43629590086,5104.95516151868,6612.01039642851,6830.73593381138,7024.76320606027,6783.35727015371,7068.15148502021,6990.71346876326,7724.06539976779,7064.32693700845,7148.67749451058,6880.9834771573
,62.5,6868.89926023933,6975.54915953383,6724.2614502424,7051.82624002111,6954.00365954617,6944.89651564492,7074.42640261865,6973.15568452851,7093.97786950838,7359.24941165651,7109.88401777889,7028.26602506243,6786.66405558736,7125.51698566859,6884.89968591375,7417.58572114139,7254.90913895591,7146.26187972733,7315.8356867443,7422.22393771555,7319.30168889318,7466.37148850844,7052.62050023224,7189.81130406494,6844.94288262149,6934.80755074081,7132.57457222525,7211.58943890142,7155.25249424399,7352.17992342731,7165.38619028586,7115.47525260431,7305.70651224663,7186.30735659588,7071.36794323442,7196.8162747037,5750.34501496001,5899.05965532874,6988.20233874152,7160.60250335724,7292.09116984564,7170.45813728481,7403.80405663205,7354.33254681122,7045.3895275549,7247.27618264757,5408.99478781431,5266.97026005218,7214.92501594312,7308.30175718148,7297.95380926239,7543.13283806085,7388.72542554576,7177.2691402888,7425.95926215436,7519.57757969386,7492.97938966572,7283.85748024653,5301.9626616085,5195.25410046036,7250.94660293664,7448.671461589,7058.7274132024,7244.57682888136,6767.27054283692,7251.3060887669,7455.54923269542,7048.16433869889,7204.75976218165,7364.41071925046,4983.66688614773,5171.41816450759,6889.00460107916,7162.63666504613,6985.32255672978,7061.69511330129,7052.48673800122,7285.01297274882,7124.9112873628,7203.40065294995,7179.81847707375,6867.34374169243,4981.04905827108,5052.78077043803,6572.72549341882,6789.44926943556,6981.2794624635,6744.58965359502,7023.879060218,6947.75361359345,7696.04155942061,7020.86958111287,7107.08287018412,6850.24108219926
,63,6831.78341812334,6931.88090183412,6684.08918896666,7008.89173504575,6910.44203570674,6901.88777616294,7026.10578612545,6928.68857713627,7050.86151012447,7310.29743066429,7067.8260768919,6992.69011696906,6748.95382700452,7080.02537573827,6843.97829748698,7369.99749877022,7211.17363667311,7104.31997993139,7270.15783696771,7374.57046506582,7273.98198484528,7418.9184648983,7013.35022686078,7152.53408561142,6801.10092398632,6889.15979774797,7089.14954407754,7167.11935178247,7112.68245583306,7306.73630897835,7119.42895431193,7074.83979427043,7264.50665342509,7146.61567310992,7034.76026986808,7157.66826055109,5702.11431004642,5846.10872735065,6947.30198036131,7118.77666344842,7247.98358620062,7131.47701420661,7358.28122696362,7310.76234183823,7010.80329679112,7208.75815948659,5354.41331699753,5218.05807309667,7171.01488393827,7264.00141636465,7252.88654362281,7494.60460701733,7341.98575475712,7137.14574486517,7380.96644471444,7475.57635572488,7446.29578203202,7246.31604193824,5246.19853878526,5142.16430211771,7205.26497790251,7401.63727435455,7012.19668694946,7200.95343990205,6727.67468483147,7202.15711476839,7408.46011653411,7010.59454514311,7182.10517924303,7324.21818188108,4935.68284696884,5118.34217140653,6846.16020224692,7117.90760858164,6941.83522393603,7018.82513970813,7010.01714797438,7239.63766257915,7083.74291649604,7158.68428626448,7135.68413818713,6832.96675211156,4934.66182064135,5000.60637935732,6533.4405904092,6748.16260505983,6937.79571886675,6705.82203703624,6979.60663541584,6904.79375842359,7668.01771907339,6977.4122252173,7065.48824585768,6819.49868724126
,63.5,6795.7259968713,6889.06702854871,6644.68750254677,6966.41937414098,6867.97580339329,6859.70090922284,6978.40219615013,6885.0666434897,7008.00639565797,7261.62407397557,7026.73692062085,6958.21311389549,6712.76061015966,7035.55562439116,6804.36419578624,7323.90782554878,7168.61176342946,7062.99598730164,7225.4225243496,7328.53118923004,7229.90218476531,7372.47609896218,6974.32892142741,7115.9601995484,6759.07527939332,6845.91302592236,7047.38322454118,7124.04794310845,7071.51901770884,7262.80188730694,7074.90252152841,7035.35405837785,7224.36781718539,7108.04824160806,6998.88855384353,7119.66887853953,5658.81580438989,5798.67418521981,6907.33591708854,7077.97859809043,7204.64125386482,7093.36954158748,7313.61003558811,7268.32821053913,6977.03809776678,7171.2493712167,5306.73390762495,5176.25599294434,7128.22107712147,7221.16331362822,7208.91253796654,7447.61625808202,7296.31666265501,7097.54571057781,7336.91730625022,7432.6131933009,7400.41396439021,7209.6596888392,5197.47511239782,5095.958531232,7160.743412415,7355.73100303534,6965.88830444812,7158.11048686583,6688.88286956381,7153.65673863015,7362.75981863282,6974.31712450355,7161.27707309396,7285.23624973764,4894.32563886731,5072.27453892693,6804.63125602985,7074.06674228278,6899.53349931617,6977.25961340532,6968.02084869535,7194.94042208131,7043.15024337094,7115.04056946787,7092.22988023671,6799.8262169988,4894.95296090767,4955.56098539018,6495.18930423004,6708.33339822954,6895.42030991108,6668.73202532935,6937.05928996735,6862.88283971752,7640.875464818,6935.05312287821,7024.68855266124,6790.40095796775
,64,6761.12730115882,6847.26262625342,6605.95109644918,6925.66478437131,6826.60883841275,6818.86556096724,6931.51252220529,6842.62109350845,6965.85415536311,7213.79085646396,6987.13180777377,6925.18458232038,6677.92650486195,6992.01771964644,6765.94033419572,7278.9307363047,7127.21681204525,7022.54930300078,7182.22970930888,7284.22396054087,7186.24198938876,7327.3548711068,6936.27417340595,7080.49417925192,6719.05303304703,6804.8536456265,7007.23606706084,7082.55496706842,7032.17898147797,7220.82097082473,7032.14258345819,6997.86680127411,7185.71994545253,7070.46516347421,6964.27920802927,7083.06356791529,5620.45570358084,5756.73467525384,6868.75018102942,7038.57977534574,7162.76289430057,7056.98620336057,7270.31849609036,7227.20677959504,6944.38817951334,7135.66931262459,5265.58412807663,5140.32237267109,7087.19731853118,7180.26395293304,7166.68705717723,7402.50372810805,7252.53448258621,7058.71132304856,7294.77198837561,7391.33946372957,7356.11170622447,7174.11267605426,5154.6093864004,5055.87086267004,7117.45188560671,7311.15857557717,6920.21402968382,7116.45882705196,6651.57267779786,7106.50353080542,7318.72820015633,6939.50069242658,7137.3673835002,7247.67502130623,4858.63333339515,5032.07055684101,6764.27762104492,7031.42895346336,6858.12037209013,6936.77210880719,6926.871639757,7151.52445213534,7003.14181176727,7072.08653369767,7049.56527318035,6767.92496630849,4860.83614429267,4916.40581245786,6457.51382676312,6669.41561900468,6854.28025925658,6632.36905073616,6895.82038774166,6822.18876856173,7615.03761792212,6893.2692581537,6984.56736774697,6762.51229097073
,64.5,6727.38533823292,6806.45586733726,6567.69597963809,6885.26722738789,6786.21483143811,6779.04377058828,6885.89420129724,6800.976257984,6924.79543501182,7166.94953133357,6948.86023064213,6893.87219382264,6644.37801619842,6949.34339317498,6728.18902322397,7235.2054641103,7086.61600530494,6982.15982148904,7139.8977449428,7240.63164414861,7143.39348259665,7283.66521048489,6899.42340503255,7046.22879758296,6680.16171744619,6765.5422704405,6968.54099541753,7042.38285215773,6994.10709416659,7179.75536519282,6990.39511386782,6961.52441694912,7148.21208800665,7033.88551280071,6930.76234289902,7048.03526919619,5586.11959128714,5719.19451360845,6831.12996158216,6999.82155591639,7121.60702883451,7021.99954183032,7227.91388226181,7187.12503711772,6912.9499603182,7101.40565602407,5229.25308046863,5109.53567082434,7047.047954876,7140.42539447049,7126.17492161352,7358.61110632111,7209.70201449793,7020.63099800959,7253.80137022048,7351.45534780288,7312.80228801813,7139.75973605394,5117.06640442818,5020.86824999959,7075.37332851724,7267.63555322138,6875.81750413551,7076.027251734,6615.27483043521,7060.72953106927,7276.02498946365,6905.91678382538,7110.5440104549,7211.3976358541,4828.18839691058,4997.08820935268,6725.08588101111,6990.40660147552,6818.3516372021,6897.94128483418,6887.18006064331,7109.39921499466,6964.51653053692,7030.08863309519,7007.64675477182,6737.6691117942,4831.07792467448,4882.38218410145,6420.96461794779,6631.1589598387,6814.87894773776,6597.33749893551,6855.85533424478,6782.21684009778,7590.96676964182,6852.39375415209,6944.86211832856,6735.90514056683
,65,6694.82316185785,6766.22155577093,6530.30476678164,6845.59129118482,6746.63103462889,6740.28552257798,6841.14245873439,6760.16274669867,6881.80470669404,7120.67786121409,6911.9537430226,6863.71341010487,6612.2756810832,6907.86858342403,6691.36589703592,7192.25630683095,7046.69705743853,6943.09608377454,7098.37937354371,7198.25845663692,7101.10390985563,7240.81724718345,6863.80203549662,7012.9323661274,6642.7461996422,6727.7314039677,6930.84777992448,7002.82832882912,6956.70490202965,7139.71743931208,6949.61744690988,6926.10332223618,7111.28544397557,6998.03453459682,6897.95929889372,7013.76158261127,5555.16330187539,5685.58824543747,6794.54000823061,6961.83820942549,7081.47771372978,6988.65399491712,7186.25840684117,7147.63234848525,6882.87065460007,7067.8956876579,5196.83086829015,5083.2835304376,7007.78461385398,7101.54227478412,7087.29859887049,7315.79415171012,7167.53646566586,6983.30997733854,7213.74300587115,7312.83962301657,7270.96044266125,7106.44490201497,5083.75690960647,4989.72368254485,7034.92451303093,7225.13999765617,6832.76554606616,7036.6985311382,6580.56869971534,7016.14112689889,7234.56418208972,6874.02871045844,7080.98115261835,7176.318382341,4801.99446424011,4966.47597978854,6687.58585120753,6950.07111647405,6779.07368559467,6860.28358012724,6848.29606962696,7068.23439175017,6926.66920401644,6989.05441784697,6966.30373117474,6708.73200030961,4805.57408849341,4852.71779675303,6385.34285650491,6593.74904423748,6776.67606911934,6563.46028692531,6816.67240807332,6743.08611202516,7569.24154313171,6812.58126460235,6905.75760955505,6709.97910141798
,65.5,6663.7011070372,6726.82290044003,6493.75622787632,6807.50973847484,6708.41126454815,6702.6864873269,6798.03743037275,6720.43407633523,6839.88414644717,7075.93203095607,6876.54700214726,6833.49715491961,6580.72339229701,6867.96199542402,6655.65919883497,7150.1479151852,7007.81865934506,6905.04135505138,7057.88056126665,7156.34286787647,7059.27237486479,7198.41257466508,6829.14312990781,6979.69230642617,6606.34761465314,6691.64571000219,6894.25352275491,6964.43825598421,6920.03789794398,7100.97552174581,6909.97998423068,6891.08919685196,7074.36988257986,6962.70163683982,6865.25279495449,6980.4155693993,5526.80130308762,5655.67041288712,6759.49193434389,6924.94867750152,7042.4931382774,6956.35741404911,7145.28064352958,7108.88724181697,6853.16590758683,7034.65064731586,5168.07565486065,5060.66571428732,6969.70643930829,7063.66275975586,7050.85530803915,7274.93123882,7126.38677920861,6946.59388859658,7174.28161711689,7275.57555899164,7230.89285474576,7073.6096277611,5054.46275382438,4962.75368785008,6996.02518691358,7183.62635750589,6791.13351793506,6998.28143197123,6546.85372205643,6972.96226805907,7193.91791507999,6846.45004284347,7048.32818908631,7141.99484214568,4779.63125477932,4940.10529769383,6651.63143663161,6911.6477395038,6741.94158624342,6824.74075166763,6810.66757923195,7028.69874888623,6890.28832733893,6949.37625054126,6926.72074753728,6680.90937527381,4783.11634136754,4826.52506984342,6351.26224428721,6556.90015673022,6739.89792225001,6530.49705607063,6779.015154497,6705.41411212162,7550.84441198373,6773.89089100598,6866.95475087094,6683.83079878907
,66,6632.87243569221,6687.98109083161,6457.98999527416,6770.73150867425,6670.79613854733,6666.16700606241,6756.41146988371,6681.55047876739,6798.88983618657,7031.87007241564,6841.68457493269,6801.82489275989,6548.99658538099,6829.50655417726,6620.4201058248,7108.58075454266,6969.54389338949,6867.83239995204,7019.0248968429,7114.50309749426,7017.55297922405,7156.18602605073,6795.22403391626,6945.61422181884,6571.47486971897,6656.98331223536,6858.1751791351,6926.75739958434,6883.99868296437,7063.29991020125,6871.0537221787,6855.9409578412,7036.82294339482,6926.55219558834,6831.92117936417,6946.91787714732,5501.1126564052,5628.60412728817,6725.49437120578,6888.58889227628,7004.26018337972,6924.2363986947,7104.47028363086,7070.18603787341,6822.99916863912,7000.03838666138,5142.238687952,5041.35916347271,6932.30063474145,7026.35460714774,7015.82867453392,7234.52998877279,7085.84935954794,6909.89058340284,7135.10866175589,7238.410944543,7191.97446329352,7039.55062292057,5028.63911493218,4939.02954334695,6958.25573343888,7142.96913894103,6751.29876852548,6960.73294287521,6513.35462696528,6931.06070712363,7153.33390859874,6821.41875319751,7013.28744472335,7107.49730980412,4760.38130013589,4916.80421756287,6616.94084461089,6874.43847107765,6706.10460478729,6790.05366219757,6773.70373962794,6990.14420278853,6854.68815419887,6910.11320191659,6888.1222473454,6652.18008832232,4762.30815543459,4802.93360016066,6317.75774340761,6520.08537905028,6703.7807230681,6497.54374011699,6741.17579366745,6667.99616621246,7535.30377877775,6735.63390296677,6828.14748342322,6655.20562951375
,66.5,6600.79179219402,6649.78545277002,6422.03866719921,6733.5097019083,6632.69107167312,6629.34172100297,6715.35384711147,6642.15640360889,6757.37709793365,6987.2139697059,6806.11053043974,6766.82856642064,6515.34083789643,6790.87831096765,6583.76859949855,7066.11021201639,6930.3877118037,6829.70796192221,6979.35820192504,7071.6342385446,6975.03647687908,7112.27019020722,6759.51512648503,6908.03097683103,6536.30244827603,6621.77649117339,6820.68769483273,6888.01583731918,6846.61135867548,7023.93527935415,6830.74263510561,6817.7992609241,6996.06647487152,6887.09520089605,6796.11226888129,6911.26758642207,5476.0528899133,5602.30232362418,6690.11558599458,6850.75114558766,6964.80374199275,6889.06243003822,7062.25672304298,7029.59625002994,6789.99989992068,6960.954443001,5118.10575211823,5023.8555828428,6893.51622228722,6987.83355686333,6979.53040810088,7192.47231650152,7043.52796410634,6870.91868662202,7093.55532483271,7198.28259777605,7152.05774616691,7001.41298276738,5005.24534195833,4917.49437505359,6919.47692438086,7101.10151489801,6711.50246115761,6921.854466418,6477.21277031441,6888.64521223188,7111.24023750656,6796.52407402784,6975.68595634914,7071.02354445804,4742.06097756456,4895.65836940868,6581.72966608313,6836.40420014919,6669.69172942444,6754.51525705906,6735.36499652829,6950.06006477259,6819.13344112324,6870.30763086618,6849.07788688208,6620.27800122788,4741.60190865501,4781.48609033094,6284.39933035138,6482.65188894295,6667.06950526257,6464.1819045951,6702.26297878499,6629.38024894722,7522.23905676136,6696.60506587824,6788.82104608642,6621.55961154464
,67,6565.70513668541,6610.62052420721,6384.71625226731,6695.09056134382,6592.65559350295,6590.98682062275,6673.08166928165,6600.9637569645,6713.72631534313,6940.62132811479,6768.71651164757,6725.06659441648,6477.05279604113,6750.38085872374,6544.49390310699,7020.23156153927,6888.32421940272,6789.18561110354,6937.02826264102,7026.03633812558,6929.55809031534,7064.68839905417,6719.74601077622,6863.8862575203,6499.81477447854,6584.63989733492,6780.00511273546,6846.07260628191,6806.40095000996,6981.51735892867,6787.82701322347,6774.93374074793,6950.23419786732,6842.46800267462,6755.50698893829,6871.02585064992,5450.11123664383,5575.31905793698,6650.88721309137,6809.35375878013,6921.70202836763,6848.15698861938,7016.98217043071,6985.42877425036,6751.44824923862,6914.97793452398,5094.63967523093,5005.79180304648,6851.78887620052,6946.29969339904,6939.66710486201,7146.80141119959,6997.66743892879,6826.82227693785,7047.68926262581,7152.54375333332,7109.24293303012,6956.07969402093,4983.06804246508,4896.60279932364,6877.56971298939,7056.16932176557,6669.81841791336,6878.97813830247,6436.47008026893,6844.03264373658,7065.7030470952,6768.89253124864,6932.78550415384,7029.87854767384,4722.82893100825,4875.06870931676,6543.77420198651,6794.95619019143,6629.65429061465,6715.70267071887,6692.67992709017,6906.26811467733,6780.4340498452,6827.46919876842,6807.30717893764,6582.36564621088,4719.94242927235,4761.06211970368,6248.59314333377,6442.77806821832,6626.72791148014,6427.59207923933,6659.84969932409,6587.80958788662,7509.79672827892,6654.81029235027,6747.39262249941,6580.01434086082
,67.5,6524.89700210321,6568.74154891139,6343.53597735397,6652.79566769931,6548.58116599302,6548.45299288421,6628.30576787831,6555.96197604542,6667.28279626484,6890.27501169124,6727.84212557043,6674.35350156804,6431.63402256564,6705.90451605839,6499.38578988483,6968.83417681522,6840.90608422932,6742.5118383607,6889.30509949232,6975.06996559488,6878.57201316993,7011.63796635406,6672.87479020095,6810.63587969525,6459.2492192589,6543.1356286725,6733.13194865257,6798.51166738744,6760.53560410679,6933.14620434499,6739.35816263086,6723.91359327696,6896.17211912812,6789.43285363318,6707.19845093206,6823.80593256133,5421.59816280886,5545.68818771453,6604.96219388773,6761.59201862652,6872.14103725165,6798.53160077997,6965.45523638915,6935.18661845437,6704.72421309625,6859.80643411296,5070.40801502464,4985.40789444229,6803.94196371133,6899.03030344999,6893.2977149346,7094.83587829417,6946.01739300745,6775.05266949006,6994.93433257501,7098.23901577203,7060.32904583648,6901.25276892765,4960.56850749463,4875.23884595952,6828.99321299694,7004.54352521913,6624.0691998385,6828.91456149055,6388.21447926123,6794.83636228602,7013.75389208099,6735.23164455684,6881.74842169035,6981.12457339362,4701.29715863665,4853.26956889477,6499.70495973571,6747.74805851453,6583.56152171323,6670.86626489433,6643.0371529474,6855.69001267602,6735.70885898266,6778.31959765316,6760.09987226813,6535.51124286502,4695.49574437645,4740.04789060737,6207.91678707694,6397.40741030914,6580.63591211752,6385.46937421435,6611.67782086426,6540.31960914325,7493.68809650479,6607.40700266246,6700.816964742,6528.39053047958
,68,6476.15672292041,6521.58808606183,6295.97822916343,6603.07201627166,6497.06322095291,6498.85218942648,6577.73887691249,6504.50077602658,6614.12988875319,6833.07271016226,6682.53538354806,6613.52806753383,6378.12653569348,6654.69272807484,6446.08380594564,6909.19842495961,6784.74327622051,6687.21727813367,6833.28751994785,6916.52981235562,6820.17404716799,6950.732004587,6617.30488243173,6747.23602202944,6413.24618897829,6495.1265536312,6676.94372584619,6742.28187098288,6706.50126610891,6875.63203875251,6682.93501776008,6663.32007476116,6832.44224192139,6726.06743192996,6649.50338282765,6766.51928627776,5388.8078891305,5511.39113923009,6548.98404349597,6703.6951781487,6813.12331958539,6737.87990768346,6905.15153175732,6875.28241495012,6647.81993663584,6793.96858329781,5043.85664723351,4961.27264980978,6746.8260542921,6842.00109206897,6835.90102401445,7032.28711731199,6884.54097267985,6712.99734803492,6932.19228992497,7032.15752977669,7001.83109590255,6834.46908465777,4936.07326769291,4850.83896218669,6770.82433440242,6943.31437842904,6571.24415526292,6768.5955231904,6330.33917873408,6737.67147098906,6952.43328726049,6686.89943820819,6819.96177735529,6922.23208742919,4676.06061703545,4828.58015885133,6446.87796570668,6690.85539327609,6527.97005504113,6616.32703047931,6583.99345737934,6794.88854768747,6681.70025459073,6720.08475406474,6703.94775438583,6476.88827552132,4667.72553934134,4717.3172515098,6159.17762238163,6344.04436556733,6525.38433930489,6334.66718484152,6554.30200120458,6483.64483970545,7469.19813419843,6551.76911981252,6646.70013524128,6465.70689326174
,68.5,6418.15920860661,6467.77396463113,6239.2613754103,6543.14490240466,6436.05023167285,6439.45177658866,6519.22104264395,6444.04668295648,6551.54916573967,6766.96626850412,6630.45347501729,6542.26682021809,6315.63954239894,6594.63092281743,6382.29631991996,6838.25710216141,6717.24779290306,6620.7443384835,6765.36584898638,6847.63130014049,6752.02198531899,6880.02055317484,6551.34137556992,6672.49945336219,6359.33713976246,6438.97659214354,6609.22427366461,6674.61225169298,6641.29827088398,6806.01975064731,6615.78003673897,6590.81191652139,6757.49701193058,6651.48886417978,6580.9425713386,6697.85262034002,5350.50441523483,5471.77024598048,6480.64155132727,6633.65955987712,6742.61968069643,6664.44823587001,6833.83746212209,6804.16264574105,6579.56630708672,6716.76654959424,5013.58297704602,4931.27109902459,6677.57620388457,6772.95278890652,6765.76495000461,6957.16343669783,6811.51093522827,6639.28987257411,6856.90265291556,6952.77157219682,6931.51744834482,6755.87710711347,4908.06062877975,4822.68962814735,6700.2057543336,6869.6971063318,6507.9037256357,6695.76220223803,6261.79933681257,6670.45064624611,6879.66948066856,6622.79067974372,6745.34037092077,6851.17510892055,4646.52262961821,4800.03478352622,6382.08940977728,6621.90681837968,6459.81694091513,6549.63440127894,6513.28222151195,6721.88312214044,6615.85516210756,6650.32278318714,6636.48500436533,6406.43120939771,4636.59774486391,4691.4942920754,6099.95948096842,6279.95446913532,6458.81504516351,6272.94050905555,6486.11437100955,6416.05700000412,7431.63490612419,6485.69130468659,6582.123352002,6391.43137213582
,69,6350.91037874732,6405.06037313639,6171.44177807073,6471.44606518826,6363.77154339719,6368.56694516465,6450.39450574002,6373.3189509012,6477.81673630551,6690.10611506285,6569.65040221626,6460.05639269253,6245.3686993532,6525.77799304275,6307.64002721877,6754.99470675201,6637.11483802845,6542.28855625678,6684.59981754198,6766.38716927418,6672.59284169138,6798.18492617978,6477.74877721433,6586.7345840333,6297.04412391909,6375.01041095446,6529.32660925894,6594.79545851983,6563.74803016821,6723.79974832078,6537.37031696239,6506.757510002,6671.4164575725,6566.50334404265,6500.95498023719,6617.25670769524,5307.06121688274,5427.19718120264,6400.09736247498,6551.17570287309,6659.31731258411,6579.23688505963,6749.96114695193,6720.83082373144,6499.73941126969,6629.2140941607,4979.13981210081,4896.18099696026,6595.34982815413,6690.34848235522,6682.43010063127,6869.2460937132,6726.09890672756,6554.0573364079,6769.09280934279,6860.77605853351,6848.41636853939,6666.25106213471,4875.69069518604,4790.40161208614,6616.68584123849,6783.00154920507,6433.05895558334,6610.38140510724,6183.6567146179,6591.79868587939,6794.3087541767,6544.03502180865,6658.76473254149,6767.28601027701,4613.95980442545,4767.44800604374,6305.03403696883,6540.5156480582,6379.65146212976,6470.39474546146,6430.86684817782,6636.45713137361,6536.25490469503,6567.50217510868,6556.11504011697,6324.65094943461,4602.94838574151,4662.29799591278,6028.63849443082,6204.03065920821,6379.91254722578,6199.18825458662,6406.44577790662,6337.0343325679,7377.097461757,6408.34038506093,6505.43262207954,6306.92884215671
,69.5,6276.10690748322,6334.09904538902,6091.93053068937,6387.63276231165,6279.55620409891,6285.29664065848,6370.5786515403,6291.50953446999,6392.04057422948,6601.41920373746,6498.68332016683,6369.04296586566,6169.6350837346,6449.49878619548,6222.29763493181,6660.53131812993,6545.14685766165,6452.19641961315,6591.6671441243,6672.99308306331,6582.05208923219,6705.06912823044,6396.91096396011,6491.78601940044,6227.32230451311,6304.53140233001,6437.97539472787,6503.35356590263,6474.38777096647,6629.68303510228,6447.57715258054,6412.16732524447,6575.03152113503,6471.37348299067,6412.90803787305,6525.15873520555,5260.001695362,5379.01596914428,6308.58802370546,6457.34987913948,6565.24740864057,6484.02561916132,6654.07283080136,6625.89709572005,6410.08679424081,6532.61992653689,4941.37408700661,4857.82634043215,6501.13460251884,6595.29166314363,6587.17638278194,6769.49732233341,6629.89813926362,6458.90632845753,6669.65184317392,6757.352937556,6752.56924374563,6567.29534047103,4839.89710740235,4755.04319889551,6521.25568494728,6684.36318569369,6346.30535333956,6513.65067235053,6096.48611762378,6501.20785494325,6696.77248328746,6452.01762468277,6561.54682513889,6671.82577126999,4579.49349161101,4731.95145688953,6216.91340431274,6447.52852420757,6288.66348012416,6379.75237262131,6338.68586886585,6539.76999553848,6444.170473337,6472.40607533357,6463.8848770946,6232.66579985049,4567.3658506367,4629.48109448691,5945.72843313182,6116.64726804592,6289.71839851249,6114.25957682516,6316.26350905673,6247.17161528721,7303.81213400547,6319.73448562754,6415.93388690614,6213.50894943598
,70,6195.60299113694,6256.1061055891,6001.36642011283,6291.93832476185,6183.59140007302,6190.50194057905,6278.97464069623,6198.65700032213,6294.20185230346,6500.61546763033,6415.9128970585,6269.5756795115,6090.36610869995,6366.66937527295,6127.54772472884,6555.31654631693,6441.77651339651,6351.30589730029,6487.28167382968,6568.03040577396,6481.47573389153,6600.93108760009,6309.97058666531,6388.9406603639,6151.51813617474,6228.90180080436,6336.45224145647,6401.12325154488,6373.75618992183,6524.18200541985,6347.40877152755,6309.05906034216,6469.74198050644,6367.91023543427,6317.85941589362,6422.57503192388,5209.91237670293,5327.73113254616,6207.07446230142,6352.96794819993,6460.74547559398,6379.32469983302,6547.6114192313,6520.06770189208,6313.606220576,6427.93978479002,4900.54926459605,4816.8512501363,6396.1700356937,6488.36948074003,6480.5434275067,6658.48572852046,6523.13004540557,6354.55135271006,6559.27165515969,6643.41309579623,6644.69110472202,6459.81386674705,4800.96893779746,4716.64314685376,6414.80278347815,6574.74086514071,6247.14063701111,6406.44735029021,6000.71301611141,6398.77976968603,6587.94655615523,6347.62435529703,6454.47640458292,6565.95759553765,4543.42508410166,4693.67098268403,6118.56126573633,6343.81205243815,6188.284776653,6278.56400700873,6237.20481362365,6432.63252271605,6340.33348667603,6366.08703620141,6360.63775185469,6131.97527790699,4530.47467013564,4593.7918711075,5852.09560754399,6018.87761043715,6188.96166886723,6018.95883103633,6215.91633777124,6147.70568915823,7213.44834644201,6220.80156376752,6315.09843298809,6112.11362689979
,70.5,6110.85528364376,6172.78762765323,5900.62885960643,6185.70686893238,6077.33353062887,6085.23037163399,6176.58722691327,6095.78802591009,6185.58606152577,6388.61600675973,6318.21564706828,6162.43017970951,6008.28092808955,6279.51645397195,6024.33188775625,6440.43355360341,6328.71042809784,6241.24277763734,6372.66944367727,6452.0292982325,6371.01786407625,6486.78510327417,6217.00421552941,6278.4115781179,6070.8366328772,6149.31628268016,6226.22378828328,6289.61425166782,6263.05510783544,6408.71708374571,6237.57936989891,6197.35791853814,6355.6755577172,6256.81502209474,6216.00965154301,6311.03797532421,5157.31198189601,5274.14642556648,6096.86862702388,6239.60015217856,6347.40729525156,6266.20806925846,6431.0084790939,6405.05890847107,6211.12176759591,6315.65551261037,4856.83598806206,4773.69399846121,6281.14339902628,6371.3406188773,6364.62306599219,6537.87606244567,6408.00892816478,6242.2556688595,6439.18523002352,6520.19297684771,6526.6327377827,6345.58733372782,4759.12616797012,4676.47046654479,6298.81549823778,6455.43919887763,6137.15352495648,6290.68444749138,5897.79773780641,6286.48771300598,6469.60668677213,6235.36635351191,6339.15750805816,6451.33391743589,4506.40415678726,4653.26564883783,6011.17160468602,6231.5600940059,6079.78284883135,6168.74185274578,6127.52451512795,6317.24798528658,6226.38102794688,6249.80734258915,6247.75825974549,6024.39808202537,4492.51851152193,4555.679327373,5749.04549664456,5912.09664418894,6079.34577707435,5915.13071515533,6107.59687120937,6040.21594936924,7108.68291654189,6112.48000528967,6203.67389648559,6003.37154637303
,71,6024.14765127482,6085.40967094475,5791.00257632137,6070.12405658195,5961.83726899799,5970.77652622056,6063.98223486667,5984.11150894739,6067.43960863494,6266.33600638683,6207.15154253369,6047.64640508134,5924.86548422288,6189.69049587454,5913.76563479936,6317.99464323453,6207.30415516555,6122.93146843461,6249.55943907382,6326.96922169015,6251.80104850985,6363.71536829238,6117.92840325087,6160.9175036324,5986.82994780822,6066.91735390568,6108.25566884523,6169.93354321848,6143.69047147396,6284.94788385069,6119.61763266009,6078.54531872037,6233.69144989235,6138.76335137995,6107.8128645796,6190.9914737122,5102.78083989744,5218.60096511162,5979.38065325516,6118.22676849143,6226.1950931637,6146.09024758418,6306.01181049095,6281.39801984475,6102.45997372562,6196.03515704368,4811.14478191875,4729.56663856216,6157.59968166991,6245.35415149374,6239.91386522085,6408.88040597793,6285.00159745272,6122.63712012391,6310.49068901415,6388.81270524063,6399.40185114732,6224.31735021265,4715.16640487112,4634.70395180321,6174.49690585831,6327.71777470463,6017.98551020251,6166.89880149565,5788.26677695867,6164.91422853212,6342.6974216082,6116.2688186582,6216.55563493218,6331.36768813157,4468.33685855166,4611.36692720321,5896.56845817375,6111.67576384392,5964.82557885134,6051.59902417612,6010.86174990206,6194.29270577205,6103.51949254064,6124.9034200557,6126.08366174553,5909.60338627156,4453.29477339954,4515.71275839319,5638.00989714421,5797.69303478012,5961.63034019566,5803.52759166171,5992.10123240438,5925.56142627228,6992.62034433187,5995.56241927389,6082.76699453496,5887.95348021385
,71.5,5936.05359568065,5995.48254223445,5673.25078603099,5945.47405290503,5837.72589965251,5847.77769755972,5942.26792039504,5863.80939550961,5940.1111900345,6134.13083650686,6083.46687564531,5925.38423828374,5840.45260129571,6098.26723567214,5796.09152676202,6188.13044443794,6077.71806603069,5996.35530496163,6118.23764898074,6193.3137389367,6124.89642648354,6232.45312459699,6006.66296546697,6036.11329301021,5900.9083188274,5982.29179701962,5982.50052983169,6041.90841748298,6015.95459653915,6152.85066337001,5993.53540708452,5952.85903017299,6103.53404955835,6013.49890926705,5992.60156719194,6064.40004757054,5046.55097834015,5161.15274816342,5853.96947518335,5988.33229250181,6097.63935563765,6018.56304723644,6172.88854051639,6149.78558111179,5987.74232306846,6068.35891676452,4763.62984239998,4684.29282361623,6025.54086818411,6110.76560012845,6106.94585670654,6271.21474990125,6154.45818602104,5995.32992086777,6172.69923480652,6247.95469000325,6263.04676935498,6095.36461001965,4669.6744169401,4591.48960176188,6041.21251203864,6191.26872131513,5889.25651688062,6034.5206726423,5671.2190065107,6034.41856849489,6206.82645060603,5988.86997771075,6085.6234437,6205.90295675274,4428.82033925363,4568.02084401721,5774.59394867516,5983.98915168131,5842.71944390014,5927.33892680396,5887.14262257845,6063.60002335347,5971.92054790943,5991.34496342156,5996.01048665208,5787.31208717119,4413.18275955976,4473.8605591589,5519.35580865246,5675.54414832605,5835.69340689938,5684.46444990137,5869.20564507437,5803.97489831048,6867.67868730994,5869.94388602548,5952.52547062625,5764.70954830801
,72,5846.68123536073,5903.92461733673,5547.2945780078,5811.18994751473,5704.90145115468,5715.94426014872,5811.29861366368,5735.08155111835,5803.5183752079,5991.59410748762,5946.81203376002,5794.47200711677,5754.23374233929,6004.98567275486,5670.16930777448,6049.38011770594,5938.65273345739,5860.36972804044,5977.41558844461,6050.09286395813,5988.98163245081,6092.15084760425,5882.27324416428,5902.36326374849,5813.24617677952,5895.66304155756,5847.44505132418,5904.52043001912,5878.21056366201,6010.32770855947,5858.72279360702,5818.57931030609,5963.77047727477,5881.35100071045,5863.39085815091,5929.92318050358,4988.19711217205,5101.37059913921,5718.95380755402,5848.02450187936,5959.44010906473,5881.57104779377,6030.0321050449,6008.13244081426,5864.15785657819,5930.91529277587,4714.32860421357,4637.59473425142,5882.73514661217,5965.07588007777,5963.43255792148,6123.04645460222,6013.86793206659,5858.6573985399,6023.6021856394,6095.81731242458,6116.27655042043,5956.85315520227,4622.62089616344,4546.78833418058,5897.30643223867,6043.42597122163,5750.34239937549,5892.01350489649,5545.70777929535,5894.08340089766,6060.93403283703,5851.62046567232,5944.41505739916,6072.76785655978,4388.18526686893,4523.07310403463,5643.52405467076,5847.59860616277,5712.22260917262,5794.29206445552,5754.28805786648,5923.20167250326,5829.87119073983,5847.3760985682,5855.95612757906,5656.13977747767,4372.38699883067,4431.0008969558,5391.85726156351,5544.37585408905,5700.73159201183,5556.66138545238,5737.42268004219,5674.06420817474,6733.69778482312,5734.79858027522,5812.27601115779,5632.17293246641
,72.5,5755.15655246738,5810.27939009745,5411.13070839988,5665.70114458935,5561.45528193289,5572.71364588036,5670.47862031193,5596.44173777107,5655.96856620345,5836.69504382502,5796.60226413381,5652.90359894374,5665.75768788485,5910.10573900974,5534.83947447131,5900.33269871307,5788.31216867392,5713.8333587717,5825.33479664212,5895.07631842605,5842.10382163095,5940.63092419899,5742.60311221902,5757.43134762284,5724.59348589713,5807.38116277587,5701.33893006476,5756.02484215128,5729.25908699973,5856.09465910839,5713.41072614456,5673.30715346205,5812.49042502194,5739.61214944125,5718.25656571693,5784.75477396069,4928.55199859418,5040.43938939512,5572.49511805031,5695.39796975607,5810.35339858808,5733.92871669446,5875.28694991299,5854.54755196808,5725.55525561188,5781.66346121162,4664.5061426663,4590.14569245537,5726.72204405252,5806.40426008729,5808.12219585915,5962.2474731773,5861.99749967909,5710.9686355477,5861.31391610555,5930.04875964356,5957.31245856169,5807.17212928738,4575.04327327355,4501.82659770816,5741.0115070575,5882.65703510612,5599.64519229378,5737.57437116373,5410.56865888801,5742.87367440101,5903.12398884864,5702.79792780956,5791.33739124893,5929.5308340977,4347.36915940324,4478.17012376902,5501.95927468414,5700.61266237314,5571.27262378105,5651.06009477172,5611.23439904663,5771.82386392562,5675.36950634762,5691.19727953599,5703.69966983256,5513.58241059073,4331.41786122147,4387.80686741652,5253.21600141637,5402.20982441303,5554.44619327097,5418.11073338028,5595.57475129754,5533.93654007661,6589.71789365929,5587.9110894574,5659.20418299219,5487.9976362747
,73,5660.87988340994,5713.4114054563,5262.93810245755,5506.46699938022,5405.03933983449,5416.28733584271,5517.44705623779,5445.54750458153,5494.44851554916,5666.64565689449,5632.72617416844,5498.4189350639,5574.37510003799,5811.52764698082,5387.48527855538,5738.13869602619,5624.18468158621,5553.42072376146,5659.18834038047,5726.25989643248,5682.20784637902,5775.62506857291,5585.99188939489,5599.01218827498,5634.06540702716,5717.05587415075,5541.40591838355,5593.86219693497,5566.15814508184,5687.435616496,5554.84396616777,5515.47657973861,5647.5519103645,5585.57417788796,5554.92171446336,5625.76471621606,4868.99170126524,4979.45763180998,5412.04114404746,5527.98072979666,5647.55393849294,5573.40364166747,5706.51272519376,5686.47125698639,5569.40414763552,5618.16351281907,4615.2479504088,4542.96825542479,5555.82394676135,5632.29829677276,5638.17468541423,5786.48197052122,5695.89171777511,5549.8650041845,5682.92095947814,5747.85579355962,5783.21763212454,5642.91360643123,4528.2848319766,4457.09512814933,5569.52935985188,5706.27253401267,5434.07278107071,5567.68197584753,5262.59715166476,5577.31807466385,5730.31692580074,5539.92145390623,5623.67952166347,5772.62907586017,4306.97821415862,4433.66864997724,5347.53588315141,5540.07354344695,5417.46711655605,5494.77163847585,5454.90271983329,5605.93849217906,5505.49708881339,5519.57768101284,5536.47258276891,5357.13705954404,4291.00184160616,4345.0684825877,5101.59144926845,5246.35316759729,5394.34045528801,5266.21543247802,5440.15967254697,5380.86788054199,6433.18050545466,5427.2885891072,5491.26428981924,5329.82621171887
,73.5,5560.75720003154,5610.47501062259,5100.67202591342,5331.64117752581,5233.31236110692,5244.06438602561,5350.37066909825,5280.47192718517,5316.94339847194,5479.43344090457,5452.89357166625,5329.08007822953,5477.67385420541,5707.2231595096,5226.74390939096,5560.18962743387,5444.04168252862,5377.36095642689,5476.66566038414,5540.51191216898,5506.89992005777,5594.54861950495,5411.16918755492,5425.27588822088,5540.32687075886,5623.33888565368,5366.20176330376,5416.18935555456,5386.9998122055,5501.94937401462,5381.16023197872,5343.14728802858,5467.05871866628,5417.2290004789,5371.60821434999,5450.82304573762,4809.4606484865,4918.23664863427,5235.37755694978,5343.82228668444,5469.16158017451,5397.71841078686,5521.21246289949,5502.27285669254,5394.62591301801,5438.553194935,4566.65381086019,4496.30953631387,5368.12722487492,5440.73326306188,5452.08114690347,5593.77002031719,5514.05141086629,5373.40958369047,5486.9758267069,5546.82545885338,5592.35263149156,5462.67291334031,4482.42829896451,4412.867770993,5381.89537782732,5512.65063637047,5251.92287795371,5380.60364285381,5100.02381745102,5395.86226519524,5540.82502922774,5361.07989640031,5439.82225404729,5595.2624736523,4268.45267597277,4389.71143438582,5178.81893326333,5364.56153946435,5249.21453149038,5323.66746905054,5283.87960191622,5424.45613998367,5318.78036910752,5330.73458616161,5353.3048091245,5185.73323783323,4252.24241126449,4303.20872150153,4936.13464977371,5075.54168571337,5219.31983207224,5100.18147763124,5269.9802834093,5213.68321057839,6262.8622848924,5251.59711583651,5307.39633119303,5156.1819964367
,74,5454.14978029145,5499.15909274046,4925.15301462953,5141.54240532351,5046.72215461615,5056.5142801942,5169.10903067399,5101.53492749894,5124.12378432257,5275.35918728582,5257.03887084488,5144.5595991011,5374.23613824733,5593.25819282218,5051.92856362691,5366.24376815222,5248.22093241827,5185.7718648548,5278.18590445081,5338.33259006268,5315.46407373403,5396.74579956765,5221.17573178099,5236.21199072773,5440.5734227956,5523.47740276762,5176.06880994558,5223.20935300855,5191.74369276665,5299.81106707942,5192.27164258316,5155.57366706804,5271.26526117608,5233.37063611439,5169.34171801577,5255.75485168342,4748.9640935301,4856.16439794536,5043.40575480625,5143.6852855784,5275.24620726233,5206.58087587174,5319.93394875263,5301.40850289146,5201.34999683784,5243.08310309183,4518.48100628721,4449.57077103112,5164.54450669247,5232.44354244887,5249.52540864752,5384.28277944946,5316.41922043499,5182.05421028099,5274.13242253899,5328.52544713441,5385.23514796834,5267.15111982734,4436.85516244411,4368.92030958142,5179.70533089074,5303.27539478381,5054.16745553874,5177.17334174384,4923.28148646969,5198.8717981987,5335.90697159788,5167.0399446404,5240.48806537005,5397.88191912732,4231.08666048293,4345.76755089498,4996.29280801215,5174.46335669905,5066.92163813438,5137.84541036351,5098.15399178068,5227.80386275151,5116.32937624257,5125.8755525793,5154.97149321085,4999.5545669242,4213.00011526359,4261.51796437696,4757.42229497176,4890.69042140908,5030.51458813147,4920.13490695106,5085.44594952125,5032.20192698484,6078.9266811497,5061.62553198439,5108.51362497389,4968.24022607477
,74.5,5336.7256466858,5374.77459828901,4737.84919963855,4938.27246706587,4846.87076805782,4855.83289106602,4975.1860159373,4909.70244330085,4917.70931991741,5056.8644528645,5047.63045957914,4946.17973159279,5260.43047666122,5465.65820543975,4864.81165610353,5157.81084909393,5038.62821368277,4980.92344862935,5065.83027528108,5121.59784080358,5110.05013938393,5184.01452150541,5018.00845565602,5033.631483646,5330.55127265555,5412.79815609451,4973.21455421174,5017.05347027993,4983.0960074414,5084.0333625994,4989.77481740706,4955.07466838725,5062.46171560632,5033.11903391806,4953.9786724455,5043.54197547113,4684.89978195949,4790.46772061599,4838.82636904373,4930.74539982313,5068.24982173596,5002.74939526095,5105.1306307438,5087.10317344564,4993.04807038741,5034.22220723798,4468.14750040523,4400.33057147101,4948.88404582374,5011.63848020755,5034.1862890632,5161.02643832596,5105.77689641496,4978.20113084506,5048.5479501552,5096.73855994036,5165.23254988308,5059.22195102336,4388.4070542286,4322.54176982508,4966.08138805475,5082.09026916749,4843.39728869953,4959.94655084987,4734.35436958048,4988.92307989685,5117.50459411572,4960.50418907486,5028.78608606518,5183.4188419928,4191.70395612316,4299.10297482026,4802.10647219821,4971.28939994765,4872.62125520295,4939.37725313258,4900.09974189778,5018.74488703114,4901.71394441142,4908.66475332677,4943.74247385679,4801.30537420544,4170.65439727719,4216.98026128628,4568.58959685014,4694.70684230317,4829.79742759999,4729.04727172104,4888.62731937274,4838.73319465515,5884.20772103727,4859.87104836293,4897.75107278816,4768.92416302208
,75,5204.6667949534,5233.00711230471,4543.47301971435,4726.61851674242,4638.94926059482,4647.48043899801,4771.62858747308,4709.02242021539,4702.81100293451,4829.74267527591,4829.48047840628,4738.77042042959,5131.57143894826,5319.59878528631,4668.3396067651,4938.35801664436,4820.38547215523,4766.89089243474,4844.23627582432,4895.49741544924,4894.537701881,4960.82732008758,4806.10944449302,4821.65724120494,5204.75961483398,5285.85292661749,4761.9334098155,4802.31900513922,4765.93483352346,4859.31898352496,4778.05662408237,4746.11315543728,4845.11718467467,4821.31433888098,4731.18138487777,4820.33147047614,4612.55689368834,4715.94263073766,4627.07510548952,4710.29602127769,4852.42282457424,4790.54783163844,4881.38396092922,4863.78812109348,4776.5454261084,4816.53660385429,4410.6097302095,4344.01406781045,4727.17102641413,4784.0121038242,4810.7405023434,4929.55445114026,4886.01814320412,4765.93888972566,4815.96087610136,4857.70585487551,4937.21515584444,4842.93406136271,4332.15019821338,4268.52810243824,4746.72997973301,4854.3656778214,4625.8733105692,4734.61252848155,4537.93956337168,4770.51330578625,4890.828562171,4746.29514565205,4809.55968523746,4957.05841459566,4145.5114995662,4244.05895594132,4600.90423157692,4759.44156354726,4670.54602552459,4732.57577997961,4694.21826308676,4801.58641952162,4680.96895312313,4684.83168390556,4725.34180231341,4596.34077155398,4120.61735423458,4164.43517493885,4375.17206253454,4492.79860659122,4623.10373336181,4531.89269852164,4683.64484848893,4637.57375476758,5683.07249389133,4651.51154915739,4681.28872701119,4564.02845357856
,75.5,5053.46805412253,5070.25484892138,4347.5883673063,4513.20955529695,4429.58194818183,4437.3285225391,4564.07210283444,4504.63027439405,4486.22087875706,4601.16343049848,4608.30002200216,4527.80632111164,4983.0834584379,5151.42022890036,4468.05804307613,4713.85848180509,4599.38247699972,4550.53660716576,4619.97781853252,4666.20287205159,4674.34975513042,4732.37846853881,4590.71882853151,4606.06793080217,5057.88455490638,5137.03815389738,4548.33147025977,4584.87139559681,4546.7642222362,4632.13857916113,4563.64363421309,4534.16240221548,4625.47354605786,4604.22760215453,4508.07920668352,4593.30222516867,4525.28359535817,4625.21192324489,4414.82195896456,4489.46206793833,4633.52694694729,4575.32757675456,4655.38097398321,4638.05131523154,4558.95825787857,4596.50465242295,4339.03966552003,4274.08104137596,4505.82465582719,4556.61942848499,4586.1669306267,4696.65263128565,4663.36112358789,4550.92898473693,4584.05115162546,4619.58371750767,4707.66277722434,4624.73063663798,4260.51210063304,4199.84743996878,4527.68042228909,4626.60488143773,4408.59929302078,4508.73881610933,4340.06124836356,4550.12667307227,4662.1017239957,4530.17349345965,4588.45226994354,4725.39165132438,4085.73658849872,4174.28992166394,4397.52232662652,4544.22138580361,4465.99615072756,4522.73391077121,4486.26106937817,4582.48760215869,4461.10127320925,4461.90701511585,4505.9616545647,4390.19305189236,4056.47278021996,4096.7800390261,4182.51221304244,4290.99374391494,4416.37055414481,4334.43812788644,4476.54504167098,4434.37430315115,5480.74990306942,4441.73469011476,4465.00008871602,4359.33316619105
,76,4879.58973229091,4883.51350270937,4155.16071438526,4303.14392905475,4224.66183222101,4231.7320992706,4357.16794065372,4300.67790429553,4273.22274300679,4376.36703392607,4388.81928881461,4317.88888684778,4810.15312883897,4955.9618083757,4266.96082507943,4488.64809745793,4380.87543608792,4336.72662650477,4398.30291890392,4439.49796887861,4454.32369037425,4503.26481918101,4375.86816740181,4390.74425385806,4883.77844577065,4959.65762169762,4336.28944595472,4369.28131777352,4330.49095952922,4407.84226241685,4350.51788662583,4323.10098184113,4407.40579562857,4386.04866833002,4290.31123084485,4368.13354230386,4414.42794512765,4509.66936171774,4206.83221171304,4273.46559229185,4415.75530852885,4361.56818267361,4431.29100445704,4413.8895526981,4344.48755136831,4379.23290889346,4244.62929306107,4181.49913486637,4289.49232206444,4334.8125347397,4365.22488061353,4467.0419105946,4441.49505922828,4337.51701110967,4357.73542586439,4388.0438416681,4480.30727576528,4408.7177388206,4164.07151009301,4107.61112506553,4311.58866281417,4402.37862018234,4196.32710513892,4288.24620335877,4144.88404277713,4332.38257134459,4435.53910162709,4315.97239927164,4369.17531398318,4495.19553664926,4001.34212266509,4080.04208664593,4193.85375261746,4328.45057279747,4262.11075117452,4313.70994337302,4279.48021426506,4364.86878430047,4246.64344463432,4244.72749465818,4289.05642904582,4186.38986498371,3968.29334694489,4004.50672969248,3992.67389663223,4092.59588133551,4213.32469055885,4140.5376208635,4270.70342558118,4232.29565920973,5280.54786678094,4234.09703307044,4252.25640318618,4158.30423434893
,76.5,4672.52254578678,4665.72280171464,3965.52066039531,4096.8291537457,4025.03353515396,4031.25805258071,4150.84911551342,4096.70175361688,4064.19025542544,4155.62416819511,4170.75147301982,4109.35848655549,4602.22453750283,4726.35890658441,4064.99435823868,4262.00357199295,4164.96713226306,4125.82617082308,4178.92817101969,4215.0281519105,4234.16070383121,4272.99977316512,4160.74265401139,4175.36833957871,4673.22877331749,4744.65710246605,4124.90657020219,4155.07375952649,4117.95085972558,4187.22103786444,4138.58796843386,4112.98195354888,4190.19222376936,4166.87950024749,4077.71983665363,4147.4369871072,4268.76997869702,4356.28077694423,4002.7436055781,4062.03161584081,4198.88223313577,4148.76424208081,4208.43462233779,4191.47105150614,4133.04549915368,4164.35527224713,4115.40926750408,4054.69231580625,4077.66393633111,4118.4454729838,4148.01587397202,4240.71524168021,4219.89996098428,4124.81375169716,4137.24608882824,4162.936013367,4253.95648152187,4193.37566907692,4031.17377281361,3979.82682340861,4096.39418048858,4179.58330857889,3989.6507772705,4073.10081881223,3951.65856689784,4116.61007825533,4209.57721621357,4102.79616775373,4150.56678021484,4265.02110306883,3882.04226184698,3950.42556698653,3988.16052754966,4110.63095824393,4057.42314880152,4104.4930252721,4073.05835527219,4147.72736768551,4037.23154998277,4032.6637774958,4073.44546424728,3984.18531041307,3847.37023679196,3877.20941334461,3805.06937043126,3896.94816074515,4012.86505159722,3949.94993779976,4065.29062248305,4030.7491964266,5081.80278212141,4027.47464741129,4042.17957843697,3959.83393381907
,77,4426.55882287223,4411.56564174491,3776.8172545799,3891.72514034844,3829.0327762148,3834.13315080072,3942.3478434582,3890.66939090026,3857.94283560669,3937.4004927976,3951.70463669047,3900.30360260707,4354.48033673144,4457.19189437795,3860.2686341791,4032.16118626715,3949.90384850263,3915.51919611662,3959.85549645367,3991.09548631716,4011.79259400238,4039.92531373089,3943.33897219899,3957.81896378731,4420.14689953694,4485.59614242328,3912.28272222213,3939.99306018165,3906.98303890398,3968.13273954028,3925.96005189793,3901.67644234678,3971.7132562708,3946.54100894876,3868.9680941662,3929.90902354787,4080.65964137072,4157.58712164835,3802.16466159204,3853.96639559271,3980.41792323446,3934.63200103253,3984.97274748158,3968.49595643451,3922.90694707628,3949.84470523947,3944.94475444727,3887.68828064493,3869.41280470999,3906.26116201286,3932.13223986388,4015.75666523085,3996.89898577563,3911.00653777691,3920.85494825506,3942.36177919283,4026.16836550052,3976.50469327889,3858.06764883154,3812.90769143005,3881.30579821939,3956.93541516051,3787.89454733516,3863.1410750504,3759.31491795532,3901.90058969792,3983.16091505781,3889.20994738566,3931.07947335582,4033.73228179207,3725.15919596339,3782.46683097085,3780.80834871518,3890.67318692599,3850.43590179384,3893.48029067617,3865.51421965623,3929.23394760908,3831.57371296986,3824.4773488284,3858.68554844052,3782.44031051107,3691.38867701062,3713.11478864449,3619.89007627466,3703.55531362235,3814.3082250577,3760.87340962024,3859.24033398355,3828.15441366933,4883.44475348812,3820.481012977,3833.4357276504,3762.98572493355
,77.5,4146.87677504963,4127.19105242576,3590.2221850324,3689.05694481061,3637.55949174734,3641.21172353261,3734.12466359559,3684.22016934169,3655.593390819,3723.1011168514,3733.93124930918,3692.60787322986,4074.03816640048,4156.09614905032,3655.77528750589,3802.40266485196,3737.24601527106,3707.98990342983,3743.14294778539,3769.75171671201,3789.9795683204,3807.10215907148,3726.40508006113,3740.85961357822,4131.14899196274,4189.73623988477,3701.23310112676,3726.08607840242,3699.24586822837,3752.46211362697,3714.70214974192,3691.9361128989,3754.6218525084,3728.07654600382,3665.72663418473,3717.53137981054,3855.00137894183,3919.06927898417,3606.61621049183,3651.47432213144,3762.78000743758,3721.60471083252,3763.76524440325,3748.03296118533,3716.47224230693,3738.23892453534,3738.8271672065,3686.46572287033,3666.94574212091,3700.47612561324,3720.16859301245,3794.14144700441,3775.01561872828,3699.2322189838,3710.58692994586,3728.5512229786,3799.69479633866,3760.44564439563,3652.12761051447,3614.26670800149,3668.87905380838,3737.21810186456,3592.43666461244,3659.86932163504,3569.52736238404,3690.52236585248,3758.92651744342,3677.98036521121,3713.53840912408,3804.13992400563,3538.33785752666,3584.4566583807,3575.03062776993,3672.22849407788,3644.0975880339,3682.96265695309,3658.68383677989,3712.30301792309,3631.47371764322,3622.12049572049,3647.50988061176,3583.74854263248,3507.99764528114,3520.18193123844,3439.72516673362,3514.94783271802,3618.93538834126,3574.72709538191,3654.29170920862,3626.79404355989,4687.3393010138,3615.85421768221,3627.91531602684,3569.56571239324
,78,3847.09946968899,3826.21992043686,3408.53403201534,3491.32790672778,3452.68457506135,3455.12150700684,3529.64813266526,3481.24669441671,3460.07748755113,3515.63984895234,3521.4882134436,3489.97633843219,3775.79851911471,3838.29647934876,3455.40913608114,3577.25417536176,3530.23575298502,3506.05988546453,3532.23642325604,3554.42327330116,3573.24934242704,3579.32260657373,3513.99112893865,3528.59809792707,3821.77390997793,3872.79553446779,3495.20797424116,3517.17881867026,3498.13152017013,3543.62616509268,3507.91743516977,3487.23159656759,3542.42044438475,3515.41773388534,3470.53665406618,3513.41148025812,3604.75689351069,3655.09216288844,3418.88632914059,3456.96140579305,3550.03462893996,3513.74246877342,3548.04029819326,3533.54912815074,3516.32360481373,3532.63679240324,3510.32645258652,3463.96980646433,3473.21864706177,3503.84647738357,3515.02937613037,3578.79454086676,3558.14869811168,3493.40345793847,3508.74609654325,3523.39400641465,3578.22158603635,3549.36786418922,3427.73146439059,3397.94372247128,3463.31414090839,3524.32961645092,3405.69206517942,3465.82710504746,3385.75032566691,3486.38115849036,3541.20758657116,3472.80033397035,3502.2302350598,3580.71552246873,3335.02349402084,3369.89321838913,3375.87159051037,3460.13534923131,3442.29417114243,3477.45687102412,3457.05717035979,3501.12953850752,3439.61484644969,3428.17306279526,3443.57212790926,3391.62405119737,3309.97571741083,3312.73472618263,3267.59305618116,3334.17925509918,3429.88558140042,3394.3779494411,3454.44826833253,3430.23108081563,4497.32859533213,3417.83554072654,3429.27999141069,3382.87483906672
,78.5,3545.31239793731,3526.57762459453,3236.34874593231,3303.39406079488,3278.5220315441,3279.61529766671,3334.88602606797,3288.0084259833,3276.33873694169,3320.70858590984,3320.80074968958,3298.3133531836,3479.33508758024,3524.50869735443,3266.42878247282,3363.85802178422,3334.47138109781,3314.90606231627,3332.65323110798,3350.93644684851,3367.92283171835,3363.8778676791,3313.01560945912,3327.56820335748,3513.04596457506,3556.82511781149,3300.8517022199,3319.50453957589,3308.93215870359,3347.02804347909,3312.21671343067,3294.19635547582,3342.36030927834,3315.32402082828,3288.16104001522,3322.71704956474,3350.28921907852,3386.68993020536,3244.28371090716,3275.30208257868,3348.67058854611,3317.31717333231,3344.69487853888,3331.96522816605,3328.51232413025,3338.31267525561,3279.25572988498,3240.20396081967,3293.94217341546,3321.17036766206,3322.44666113328,3375.80170032324,3353.47332327471,3299.70630206076,3320.85077465517,3332.17805306119,3369.20197122633,3349.42224066148,3205.90943749333,3183.79183458235,3272.69228835982,3325.6054686314,3232.97907189114,3285.06248174184,3213.30071204579,3295.23166180698,3336.44671213129,3280.91138248736,3304.44475244184,3370.610136927,3135.92473600991,3160.20873117502,3192.23527910882,3262.86549016924,3252.38770064014,3283.6282603845,3267.34585621705,3302.5766375768,3261.32478695265,3248.27208262538,3254.14877833383,3212.90778787073,3117.40674514422,3111.44939176811,3110.86087702069,3167.6549557023,3253.03789610689,3225.01728807401,3266.24764745657,3245.07212703425,4319.21337422177,3233.12564917877,3244.8111238994,3209.09440289172
,79,3269.57582885636,3254.53353282883,3083.78432021886,3135.90265960168,3123.67445148609,3123.63167629602,3161.08553375932,3116.06084025895,3114.04402105716,3149.53917169009,3144.5987821542,3128.97199382798,3213.39440302589,3243.26293163713,3100.80347083101,3176.16303408556,3161.40658636908,3145.55439281079,3156.31337101935,3171.47323139798,3187.0718104468,3175.04693726402,3136.73185303212,3150.33522367373,3235.20732269968,3272.33295509971,3130.94502877953,3145.65110340289,3142.27086196471,3173.60542334527,3139.73200704395,3124.77730389294,3167.07594981588,3140.74092038208,3129.52384640707,3156.70449992956,3120.14581099012,3145.57068886049,3094.00829533665,3117.9437089559,3171.0087961469,3145.04954270384,3166.63068348698,3155.70115473995,3164.53296280803,3167.56026354127,3073.41722044043,3042.73010053982,3140.78226461234,3163.92997623279,3154.52455160406,3197.73649638337,3174.09660237512,3130.75926138396,3158.1660533193,3166.37752975194,3186.86376272207,3174.00982202199,3014.69947220722,2999.42449093541,3110.9151204144,3155.39997488969,3083.90801002563,3128.75912915135,3063.47373920919,3129.78264436862,3158.93337830383,3115.08571414458,3133.7504739811,3188.54427185746,2966.32312869711,2981.74288722624,3038.27280643052,3094.86505042865,3087.71616312289,3114.24136882639,3102.36655271764,3129.96550387118,3107.69029062832,3093.77536725756,3092.10942731874,3059.5977756945,2954.0190048381,2941.95122816064,2980.33270464951,3026.38936810028,3099.83502300328,3076.68715817328,3101.8520694316,3083.4401675626,4164.04617521893,3074.22804703327,3086.51030891931,3059.50047014978
,79.5,3048.25311397582,3038.03266685064,2961.38238668324,3001.20963862431,2999.25139470537,2998.00057677911,3022.04089394749,2978.5506738695,2984.28943706179,3013.58211666312,3005.47243066633,2994.71213522461,3004.56926532416,3022.94157986677,2970.43216497192,3027.69022878345,3023.19604561124,3010.30140488141,3015.83659159022,3028.59577349402,3043.86914735163,3026.18595089137,2997.77108195785,3010.14839833094,3016.89401408194,3049.27515113513,2997.22017494573,3008.04723661882,3010.01922368783,3035.58943777535,3002.66053239123,2991.0938932554,3028.80504709745,3003.79782685187,3004.35941395285,3025.76006723721,2939.61774847286,2957.5118759748,2975.98255101202,2994.34816421159,3029.90152295852,3008.97260721468,3026.06853710386,3016.92242547051,3034.90061366104,3032.19049149208,2914.54652222734,2891.73911809138,3021.4519921303,3040.73025128685,3022.13583808192,3056.0442119323,3032.245788921,2998.21936301679,3029.91426070256,3036.02855413309,3043.15132609036,3034.82919278599,2871.36660688886,2861.19958339804,2986.09433209357,3022.8667218884,2966.85175815012,3005.14707811745,2945.66718530939,2999.89256067488,3019.83239114668,2985.82003490443,3000.66216951701,3045.73623631995,2840.32301181272,2849.16439410295,2920.91925958128,2965.13829496211,2959.00702878075,2981.11514938259,2972.588140136,2994.70639454792,2987.17471220814,2973.15550336443,2966.47241671848,2940.74521892579,2832.9940137351,2816.89736964113,2880.77903664554,2917.17496919609,2978.92008049387,2958.63599808804,2971.67385317394,2955.9408964906,4041.13939661091,2950.65988155497,2963.22469852677,2942.4302055845
,80,2890.10132737207,2884.50186874732,2870.5619703714,2900.78772805363,2906.44627689235,2904.13033386005,2919.2693416314,2877.0878470697,2888.25207499198,2913.36240525631,2903.44679621069,2896.33283169776,2858.66934561015,2869.06904254863,2875.47154427438,2919.11476590087,2920.64535438528,2909.97620387935,2911.89410350948,2922.98370931464,2938.80520380668,2917.33366261405,2896.09474984657,2907.58465110388,2864.89972981104,2893.70119617128,2899.26375712383,2907.00040830123,2912.27323842623,2933.01346864947,2901.77606388374,2892.7471881225,2927.43457711404,2903.75329218778,2912.0117730825,2929.22501532972,2814.0137314556,2827.51432315332,2889.36983557547,2903.23791313003,2925.70373168309,2909.25037141531,2922.64412246044,2915.11998468284,2939.41778141779,2932.34652645465,2805.61461750117,2789.17029223771,2933.92717098389,2949.76442001186,2924.23238453816,2950.69782655232,2928.24901700272,2901.16266191394,2934.76962704649,2939.3606564796,2937.28238963638,2932.62246449128,2775.60059889261,2769.09485485063,2895.88133587705,2925.92462846738,2880.59616228519,2913.88592635653,2859.22845696729,2904.93945473838,2918.10061052901,2891.68438234973,2903.78014889203,2941.48445670869,2756.86804604946,2761.68892673859,2837.5693174828,2871.89470600378,2865.1961802654,2883.95376929886,2878.01324134993,2895.89632141445,2898.0756434785,2884.5904931513,2875.08139405424,2854.53494323213,2753.18995335383,2735.44990232031,2809.18266503592,2837.73474252874,2889.68623689252,2870.87434708886,2876.49263363686,2862.54268009621,3949.47586502468,2860.7438530899,2873.34871882127,2856.24786100912
,80.5,2789.64691895697,2787.35425992578,2807.01629720878,2830.61270156637,2841.19038431043,2837.84342237343,2848.60029870146,2807.71259375685,2821.12507303618,2844.40123792681,2833.61777644956,2829.07529350893,2768.26313067895,2773.77760365843,2811.10350367049,2845.06861716702,2849.63231768115,2839.95791021998,2839.75415886901,2850.09020606674,2866.69472261632,2843.29418232727,2826.85079428686,2837.50029367495,2771.61530392872,2798.20040430902,2832.16318540943,2837.6072696752,2844.12053148647,2861.30008257978,2832.6341448997,2825.40940343831,2858.08432549596,2835.54433104251,2847.8146021728,2862.12489167878,2737.80677483147,2749.3691605185,2829.58539108943,2840.01194748823,2853.90425184798,2841.12451621924,2851.44735096884,2845.28779238796,2873.18678578877,2863.35013827055,2740.58612365523,2728.98133729527,2873.41062063449,2886.12761266602,2856.14533863196,2877.26383147037,2857.11786165122,2834.71447118935,2868.50243228139,2871.88426321093,2864.80727271898,2861.90758407948,2720.64007423744,2716.18740079448,2834.90908121014,2859.31133224205,2820.85311638082,2850.31877155289,2799.61354748042,2839.8112787462,2848.52413209205,2827.98020975111,2838.17030624062,2870.48541282091,2709.33085265766,2712.4624871318,2782.83661926121,2809.65288131735,2801.79529493839,2817.73443688975,2813.49298640368,2828.55164034388,2835.82394702617,2823.42861036829,2813.17798495641,2796.47004428809,2708.37284902846,2690.03882632019,2761.28552239239,2783.58383130844,2827.61247643919,2809.48615492349,2811.35501321567,2798.90401843139,3884.50960856184,2799.48316614473,2811.95412446467,2796.54626159869
,81,2735.19796117538,2735.10853318258,2765.08332337624,2784.8860219186,2797.37129403271,2793.58397895043,2803.43132042733,2763.46746111317,2776.93922692754,2799.74304760812,2789.09591384834,2786.57320802093,2721.17107472405,2724.28674747163,2770.29754193734,2798.33297199324,2803.4118020151,2794.37062596168,2792.96567480505,2802.82549426137,2820.81727586491,2796.76651064804,2783.13584134414,2793.32078622867,2724.17264736914,2749.5389149552,2789.02917584701,2792.91579677436,2799.33519974195,2814.00446496683,2788.56789782726,2782.32437659171,2813.4480822984,2792.17538839297,2805.28124335165,2817.99061027678,2699.72415303687,2711.34366221061,2790.58642042891,2798.46899232034,2807.67867264491,2797.74643141562,2805.52037037411,2800.52095522499,2829.81873615119,2818.82752982636,2708.74027564928,2700.09437544786,2833.37590465789,2843.76018114232,2811.20976381475,2829.07433552566,2812.03825846944,2792.40581174004,2824.0023691035,2827.2068386825,2818.34563343924,2816.32455818323,2695.33889002458,2691.82811029335,2795.69461318325,2815.99428778806,2781.26405448543,2808.61680377946,2760.93196517385,2798.14321532659,2804.27766585037,2787.25763881751,2796.46159112789,2825.61632319112,2687.58260240012,2689.88471995472,2749.04665450983,2770.75501258473,2761.73934047165,2775.88245327521,2772.4923391283,2785.8768577104,2794.30634910943,2783.11009174071,2773.41703729862,2759.51823051926,2687.97446632696,2669.88897622992,2730.39599096477,2748.5049976006,2786.6521140287,2768.45852368656,2769.611438995,2758.5209716715,3840.38618356653,2760.15502912636,2771.91529529749,2757.24304673393
,81.5,2710.665024993,2711.77087718901,2736.89369547514,2754.71719338104,2767.7365644769,2763.67049582551,2774.83509168722,2735.65222491583,2747.75699215723,2770.42502206387,2759.7848196071,2759.74621780914,2701.01027811484,2703.07926817095,2743.86276829408,2768.40568115514,2772.83579079,2764.29009509539,2762.20200186832,2771.83993501096,2791.20705411567,2766.85972840703,2754.99051747421,2765.53310197578,2704.39644763289,2729.49235153944,2760.52411794552,2763.49065598325,2769.39789440672,2782.20838858035,2760.06593823251,2754.53297816024,2784.10773570995,2763.95992724864,2776.04426503319,2787.96973428374,2683.90123425531,2695.66826364447,2763.40198022944,2769.748176879,2777.30071185853,2769.46210362242,2775.15506458877,2771.13128413003,2800.14355609389,2789.15328840344,2694.97186317624,2687.42583366624,2804.64780115653,2813.4791878922,2780.07515220205,2796.07414225792,2782.5840144561,2764.7974062291,2792.31590052715,2795.85629629404,2787.26936170886,2786.18529127196,2684.22247901674,2681.08795798827,2768.03990882735,2785.4616904237,2753.68131294483,2779.51723562356,2734.93525666283,2770.21210923451,2774.5846585675,2759.92159705211,2768.44566681262,2795.94876241626,2677.45214265879,2679.55327588603,2725.56593038653,2744.54784701992,2735.43511884239,2748.76017919082,2745.33271345559,2758.01941884243,2764.77699076472,2754.82481785767,2746.34726174974,2734.32759721738,2678.81894427658,2660.63546598995,2707.92035099911,2723.58235883113,2757.96635191141,2740.1471347055,2742.12215688612,2732.12535025492,3808.43435292955,2733.22933313486,2743.83936248084,2729.83899604369
,82,2697.93402216766,2699.41288226109,2715.06388649178,2731.47042584955,2744.02375067741,2740.13717380148,2752.97069949033,2714.43055665893,2724.9433264568,2747.46106784304,2736.8108370677,2738.99138254484,2690.25035858588,2691.71945585559,2723.04019104113,2745.26971164855,2748.67133857517,2740.61610414461,2738.23598094733,2747.75668906803,2767.84454160468,2743.37812651444,2732.68929464795,2744.26388430747,2694.16198990786,2719.13848163011,2737.70434642305,2740.03851354417,2745.06658293595,2756.39197813753,2738.04021536126,2732.76752957073,2761.0413600424,2741.34864194529,2752.29808187551,2763.65132290168,2675.48744552791,2686.91541329457,2741.09753892333,2745.76462168565,2753.61350741884,2747.2720322563,2750.76292649982,2747.82983082196,2776.30875931468,2765.57562347184,2686.4444291254,2679.2729608905,2780.49724692652,2787.92289531009,2754.52221648939,2769.70961185185,2759.11221924195,2742.84315169659,2765.93828410169,2769.9247371555,2762.54090676558,2762.70397656768,2676.37272044246,2673.74868312318,2744.81174663708,2760.26829593803,2730.95468800537,2755.80583359006,2714.09201822028,2747.89537361764,2750.54105641356,2737.34227230326,2745.80004973524,2772.36224404469,2670.25003089596,2672.20087750748,2706.16971931488,2723.6285112286,2714.30305420665,2726.97943207329,2723.76515482189,2735.92672804374,2740.23270810155,2731.31618267835,2724.15183443018,2713.42606435336,2672.18815387015,2654.13674185465,2688.93927717612,2702.99542285189,2734.52156171869,2717.48785673569,2720.68261667789,2711.61553959079,3780.97015621546,2711.40260559787,2720.64880570325,2707.49658131491
,82.5,2688.2364025852,2689.72722052412,2696.16871215202,2711.35761479677,2723.15332390412,2719.62066092007,2734.17704799264,2696.46746752423,2704.92975178614,2727.66733164286,2717.02920039449,2720.99492031305,2681.50156057348,2682.670762887,2704.87176571627,2724.92461399062,2727.79359120777,2719.83365866288,2717.67320576868,2726.94502997389,2747.74094511735,2723.1882270642,2713.28678841589,2725.64163736814,2685.60110455624,2710.97904056873,2717.38590330623,2719.5673516492,2723.64085017792,2734.10316155723,2718.99283086987,2714.29637269134,2741.0616880116,2721.7477995204,2731.392276555,2742.3718273874,2668.53982848632,2679.51229887676,2721.56463947507,2724.73382838842,2733.21782728522,2728.08606331353,2729.33283451679,2727.74288253859,2755.35743806761,2745.07691711159,2678.89601917386,2671.75366178353,2759.32752314918,2765.27654268743,2732.33563060333,2747.01048050533,2738.64861054281,2723.93000783026,2742.91825928042,2747.09416614003,2741.70653169071,2742.0899834847,2669.55324243663,2667.04906015902,2724.28320978795,2738.43165594954,2711.04930618157,2734.96355653089,2696.35308021658,2728.69223763308,2729.54905755388,2717.82069141238,2726.38017916083,2752.06913549001,2663.59525638488,2665.11661071841,2689.42405319961,2705.39157538146,2696.07619075113,2708.01758288815,2705.15528030445,2716.81370662578,2719.06329698291,2710.92464208607,2705.02517743128,2694.91026836996,2665.92114916264,2647.88449430843,2672.54542374813,2685.29423329011,2713.92169471676,2697.83311991398,2702.08173271317,2693.7187813625,3756.24070512854,2692.60887538347,2700.33165289235,2688.58256459658
,83,2678.97209678784,2680.82016097294,2679.63294762701,2693.96645165263,2704.88276091629,2701.52585129119,2717.53103218699,2680.40969583945,2687.77488815579,2709.96988953453,2699.72763120031,2705.27263783475,2673.0744355771,2674.30290914875,2688.96607684274,2707.06561958246,2709.09720910062,2701.675020806,2699.85966356964,2708.87223268926,2730.32706724199,2705.77579372161,2696.38280871745,2709.21830014417,2677.46653907231,2703.18709054965,2699.83350914695,2701.49776586642,2704.84207923142,2714.68927859034,2702.54069528473,2698.40696977472,2723.50041222213,2704.59894960556,2712.96523214215,2723.79135461658,2661.70186344113,2672.03658213557,2704.27056640818,2706.2495559859,2715.15894420751,2711.24121178748,2710.93022558126,2710.34706793699,2737.13596804587,2727.12548320521,2671.58165726252,2664.3432042239,2740.63165754644,2745.23740230028,2713.12792950603,2727.24682843998,2720.68097416282,2707.54876763519,2722.55497725896,2727.15772247755,2723.26981726098,2724.25694417655,2662.82782840406,2660.36988047255,2706.2453644748,2719.46138700893,2693.6728555891,2716.46275928949,2681.01429367571,2712.06887925528,2711.06960217118,2700.67778710282,2709.4103874281,2734.34746730102,2657.30518806715,2657.97168828834,2674.43470639387,2689.62391341277,2680.10214241543,2691.57180431842,2688.84471942534,2700.1105309389,2700.5848379192,2693.18174187637,2688.4316702698,2678.38852473116,2659.52225480659,2641.95554186947,2658.15827683325,2669.99940145489,2696.20489056414,2680.5698449855,2685.67909675031,2678.05713511657,3733.79105130536,2676.21862419331,2682.6792440978,2672.24645124965
,83.5,2670.26838267146,2672.47270128713,2665.28783215248,2678.80729599747,2689.41977680764,2685.72104971929,2703.03490455383,2666.62407019563,2672.80157828581,2694.5319914494,2684.71080455964,2691.51118481156,2665.00513109318,2666.39049853424,2675.14901771791,2691.45688503116,2692.76992464539,2685.66180487732,2684.56141688035,2693.47074329563,2715.33362884431,2690.68082482533,2681.54561078754,2694.86442458496,2669.51504551622,2695.35737236795,2684.62218220376,2685.99953670854,2688.54005394374,2697.90877325314,2688.11580891201,2684.80033665826,2708.69300287175,2689.73417106654,2697.23824315424,2707.87827190857,2654.84236797891,2664.4266229603,2689.05193607568,2690.26364467325,2699.35439989581,2696.63951916773,2695.18587194265,2695.20996313127,2721.35014310446,2711.40361288986,2664.27958059338,2657.29378062226,2724.52980679468,2727.68883719464,2696.78636059005,2710.30850283366,2704.68242075101,2693.16438913724,2705.43975277984,2709.62930225479,2707.38296966073,2708.71527771741,2655.86329212778,2653.83736276113,2690.52651612006,2703.11856757164,2678.41980821482,2700.27033761749,2667.82793464604,2697.75402114774,2694.92296383376,2685.76940851054,2694.62143994826,2718.76119884128,2650.587130208,2650.90971146061,2661.10469293445,2676.02692724852,2666.5143008008,2676.99137509936,2674.53204539128,2685.49066732747,2684.69646316911,2677.87639768391,2673.99006682315,2663.88145278983,2653.01364496045,2635.87914983882,2645.51721636892,2656.4920021341,2680.66348876017,2665.73308154173,2671.5825111072,2664.39491623952,3713.20874314574,2662.10004580673,2667.19296020241,2658.17734702549
,84,2661.82877123811,2664.29217726738,2652.8653841494,2666.04120119182,2676.16063387651,2672.30559862641,2690.43868259138,2654.49077714239,2659.8678523578,2681.16878115283,2672.10711285813,2679.56338374015,2656.9567190073,2658.42435242282,2663.16778704859,2678.07882955373,2678.33693107242,2671.67698574918,2671.57529165465,2680.26349656567,2702.54834621553,2677.65479126703,2668.51804700085,2682.06522302625,2661.66777407665,2687.58176139576,2671.08502222283,2672.49161678644,2674.17150242237,2683.26364020744,2675.52532161901,2672.80940920686,2695.90009767541,2676.77904897432,2683.72046530017,2693.9799307888,2647.90241538826,2656.85621557617,2675.79789204932,2676.24637684588,2685.64836432734,2684.0159103819,2681.33223255597,2681.81754810481,2708.04703235715,2697.78372945608,2657.26244065494,2650.46275736835,2710.59500826212,2712.35812820873,2682.85268013392,2695.72852478673,2690.97271054928,2680.31706754443,2690.88926587575,2694.41031269555,2693.49642215944,2694.85357363451,2648.76997070236,2647.34245991557,2676.91290436707,2689.12794499339,2665.16193168888,2686.36718648273,2656.38593002426,2685.18951634918,2681.00083799457,2672.86793941231,2681.8001855241,2704.83899448826,2643.78282179898,2643.6746506756,2649.49330028237,2664.2115966412,2654.53207298854,2664.30146041635,2661.99856730248,2672.48508562417,2671.10069949866,2664.62653658837,2661.14924641299,2651.41168699373,2646.24443645329,2629.87630400379,2634.43678938587,2645.05514712359,2667.30729398307,2652.97538048801,2659.26157263606,2652.43443977589,3694.6015234159,2650.02284685499,2653.65091909985,2646.04400289801
,84.5,2653.81417348178,2656.49810188848,2641.73450809592,2654.76477396497,2664.71933769447,2660.48107815224,2679.57648279559,2644.01827890106,2648.40477544933,2669.28650235025,2660.83373210086,2669.18265337704,2649.06904255638,2650.66790776604,2652.87659237091,2666.30849609559,2665.82050725581,2659.44065168265,2660.0573960165,2668.54890561978,2691.78670802115,2666.34984511043,2657.257093868,2670.38472003193,2654.0138714286,2679.87049522778,2659.1724333652,2660.70076898339,2661.64931266941,2670.9704837092,2664.57145912191,2662.47660397929,2684.44514087995,2665.69009132806,2671.64384189467,2681.7539390368,2640.66623842363,2649.60748801336,2664.21061447301,2664.15267689362,2673.55430517643,2672.93660902561,2669.64495219435,2670.02301386448,2696.19092201897,2685.90774812917,2650.25182968887,2643.64471614127,2698.68878571251,2698.90492797455,2670.8290595049,2683.01393275352,2679.20289958604,2668.92157881454,2678.56240915291,2681.14375991709,2681.21207937859,2682.37292508412,2641.99122603854,2640.77687096789,2665.19898002888,2676.78315296622,2653.59596484103,2674.48274348087,2646.38500011429,2674.25364447349,2669.04118149328,2662.01836633918,2670.45844372966,2692.36184261021,2637.08592732186,2636.67289408278,2639.26330287782,2653.62118614276,2644.20349937174,2653.34511051859,2651.11783466433,2660.8435213707,2659.18402335221,2652.99584048305,2649.97556784715,2640.69947158297,2639.72312897448,2623.99031301119,2624.89788268507,2634.96836733227,2655.72940765038,2641.72005396918,2648.49522605441,2641.72963604737,3677.82800567156,2639.21421634713,2641.80782672685,2635.25509923376
,85,2646.01117278635,2648.95052815961,2631.46613798089,2645.00939446808,2654.71316201823,2650.05159031643,2669.8057326953,2634.43246669438,2638.49732081304,2658.79524096016,2650.78874200946,2659.97175851307,2641.27488666022,2642.81840872435,2643.69924096409,2656.11876429187,2654.55506063388,2648.72134543951,2649.80591390168,2657.94211552091,2682.27510841245,2656.26994370942,2647.21494229315,2660.01112364112,2646.47870711434,2672.24484049779,2648.88454884497,2650.14837796889,2650.46977020338,2660.01104869884,2654.79951935836,2653.23240347919,2674.26890516316,2655.69418752822,2661.0290818436,2670.84225177811,2633.52035149604,2642.28134759291,2653.72976577175,2653.26330615642,2662.94390483258,2663.06254570528,2659.75306090944,2659.44980523661,2685.5195532713,2675.09829196024,2643.37375279085,2637.21790537954,2688.09121439803,2687.09146047341,2660.35297871041,2671.79890215179,2668.97319233077,2658.84490687764,2667.74219798892,2669.87028881809,2669.85482077626,2671.30200601434,2635.07519071096,2634.20149250223,2655.06778530968,2665.7171070262,2643.54917442805,2663.7996301159,2637.39336551989,2664.49950398986,2658.66765201777,2652.10834855948,2659.98797255199,2681.23441734014,2630.7126799083,2629.94514601106,2629.7949056171,2644.09527933825,2635.05325963932,2643.6487774411,2641.26876431837,2650.512805287,2648.64846349961,2642.76603791382,2639.86370984247,2631.65108839376,2633.47937144252,2618.02052483347,2616.21896854563,2625.69371389984,2645.70296522391,2631.77899207784,2638.92803722903,2632.52187015061,3662.23985506642,2629.39928081529,2631.3439884844,2625.55440203769
,85.5,2638.5031560047,2641.68348950797,2622.46808626715,2636.03000220715,2645.48360605216,2640.91488728481,2661.27906855375,2625.73984542517,2629.33807916444,2649.74776193895,2641.88743983749,2651.62739182494,2633.68179016588,2634.95706283997,2635.26085379933,2647.04513138574,2644.80439408267,2639.10188119131,2640.6512939636,2648.13838511089,2673.72840236182,2647.06911273405,2637.92274965785,2650.92559957286,2638.75338986058,2664.50090629876,2639.32873035843,2640.74051559642,2640.54959084579,2650.21850644283,2645.8851318249,2644.82367647918,2665.46889416842,2646.53358308741,2651.5945024972,2660.98658481345,2626.38889509559,2635.35943924329,2644.34277270623,2643.40180686386,2653.48973032873,2654.1640323013,2650.36112683574,2649.78673292526,2675.91144641763,2665.16450270139,2636.36284547582,2630.87088991885,2678.72288268838,2676.58671296856,2651.01473754014,2661.88729544974,2659.85520328065,2649.78452741963,2658.12979471658,2659.81213105815,2659.74889465807,2661.12471244214,2628.37582727667,2627.92890315526,2645.90866993836,2655.95802691573,2634.28998559169,2654.29409609026,2629.43937277033,2655.80364340459,2649.2937126132,2643.25672959519,2650.32660165174,2671.17291130393,2624.17117797822,2623.37287001748,2621.44093939161,2635.48539658451,2627.06966358971,2634.74097076768,2632.52701048879,2641.11686008811,2639.46757237074,2633.63431523036,2630.79040993864,2623.56522991814,2627.58758426151,2611.67025221714,2608.38806166763,2617.34229284943,2636.33537693949,2622.92607299617,2630.6551222445,2624.06068159017,3647.74178183744,2620.56086185126,2621.94998679784,2616.86851693608
,86,2631.31134780723,2634.47052443691,2614.44782072862,2627.79085070229,2636.80036562324,2632.65310623936,2653.55384285663,2617.65354127019,2621.06401989968,2641.55569790233,2633.60985372515,2644.05281004887,2626.10521087168,2626.92170793518,2627.31860285917,2638.55176461377,2635.83561564334,2630.45963518265,2632.13489780648,2638.96876425432,2665.80790566558,2638.54163590806,2629.51219417195,2642.5670707608,2631.11820247771,2657.07558843348,2630.70558454538,2631.91597014046,2631.52076699368,2641.20402375335,2637.76251524134,2637.00713912926,2656.79980967517,2637.96526613616,2642.73451695037,2651.9446911302,2619.62073863771,2628.56669029589,2635.75563140642,2634.2491854182,2644.90613734478,2645.77332684164,2641.57439010472,2640.86170290851,2667.03744469898,2656.21781350968,2629.4894746059,2624.5442813001,2670.02460817016,2666.82782596738,2642.45720960212,2652.60698801218,2651.44863063739,2641.72054401796,2649.06233428086,2650.92568563097,2650.3489962802,2651.92695006613,2621.94678895598,2621.57675367413,2637.46951820257,2647.09866456574,2625.98068303198,2645.60866062099,2622.48333362131,2647.53382413965,2640.84071859283,2635.26587195811,2641.55806070165,2661.9570439966,2618.30668433317,2616.92314819599,2613.91698580262,2627.51131000669,2619.47632348156,2626.5738870386,2624.48463668466,2632.56384568606,2631.24121108555,2625.41051475763,2622.71759779629,2615.95489638763,2621.71835867412,2605.46222080004,2601.21146652185,2609.81368692906,2627.96887442956,2614.7507641521,2622.92047658941,2616.26112181635,3634.11065695988,2612.49007241779,2613.82041914126,2608.98107589202
,86.5,2624.34585689695,2627.53990527354,2607.10300981839,2619.8418784918,2628.9754096711,2624.77002720851,2646.46847827662,2610.31151432074,2613.32686346547,2633.82937323495,2625.75830825756,2637.01348415316,2618.69628262369,2619.38087572361,2620.00717974862,2630.48557733079,2627.8353427871,2622.43683622863,2624.10930071618,2630.34980466025,2658.01283599254,2630.44237551034,2621.79787731934,2634.94597193586,2623.63924247896,2649.62245067927,2622.81692670375,2623.5938997556,2623.31405629581,2633.05578637006,2630.2458020418,2629.63296281225,2648.81345412428,2629.96029023252,2634.16696797981,2643.6516415608,2612.8278549714,2622.14323702937,2627.72208874845,2625.96429769806,2636.96455639936,2637.9888963551,2633.70589564658,2632.98193309021,2658.48636300308,2648.11335528368,2622.43586938798,2618.3671308966,2662.04534939519,2657.91687537308,2634.50436276796,2644.2214930309,2643.48843880584,2634.36037559695,2640.68326239294,2642.90950087764,2641.79072556898,2643.63747219521,2615.60044211958,2615.27169777679,2629.64036321558,2638.82184397419,2618.34516502636,2637.40061425171,2615.89378902877,2640.10589718564,2633.10269866981,2627.95552514292,2633.52467369164,2653.80283683669,2612.764483835,2610.88025586602,2607.09059112417,2620.03475413324,2612.68063389918,2618.92199630766,2617.18667093533,2624.70500724185,2623.48301705297,2617.78295051814,2615.46269280979,2608.80387567198,2616.03331537878,2599.41807332982,2594.66249853111,2602.68670644648,2620.34089261489,2607.33582701444,2615.78192415753,2609.09993682352,3621.00266406232,2604.88639237387,2606.74425229556,2601.61295538033
,87,2617.31468421799,2620.63898722064,2600.41378171398,2612.36369714636,2621.6250334637,2617.57285080323,2639.84262255264,2603.5354144083,2606.25759263914,2626.7687117183,2618.57325443564,2630.44941008306,2611.79742181477,2611.93665561153,2612.85735467432,2622.83133049742,2620.35552201794,2614.8071982861,2616.65539336506,2622.4353923994,2650.47691401621,2622.81118859778,2614.64636982421,2628.06065356188,2616.317770388,2642.32786032186,2615.23109075929,2615.87363692973,2615.91779802568,2624.98776027374,2622.99885490601,2622.57075480311,2641.38583518161,2622.17156383837,2626.29445636149,2635.9914274436,2606.41582896405,2615.70671805445,2620.21960493266,2618.32462527239,2629.29869605598,2630.72549258963,2626.08306881699,2625.67426430141,2650.67579691462,2640.385023316,2615.71313659596,2612.44322178249,2654.39343357659,2649.61880268289,2626.97150599092,2636.3518259148,2635.90534588965,2627.45916630925,2632.83029717741,2635.38649256963,2633.94575520499,2636.10388276552,2609.40712156435,2609.49799596548,2622.27450337888,2631.12492002622,2611.17599513442,2629.73767001645,2609.74852065691,2633.02310210032,2625.75117587654,2620.91246191891,2626.10950352092,2646.418285959,2607.13987834069,2604.97961195749,2600.56003271485,2613.03375102783,2606.23002958982,2611.9462324176,2610.34220604585,2617.47647036313,2616.48438258355,2611.06670966361,2608.72024647398,2601.92119106208,2610.33918859011,2593.32109086934,2588.31879252464,2596.38366781137,2613.4794340792,2600.60955316962,2609.06495584456,2602.32380933999,3608.44361066171,2597.94278838024,2600.06926564125,2594.88629613416
,87.5,2610.48511604465,2613.61666430198,2594.35126826421,2605.0461401198,2614.60650025896,2610.74761644017,2633.81828104765,2597.22263083905,2599.68175472617,2619.91232137532,2611.70115124563,2624.49049990787,2605.13806909635,2604.75968054474,2605.89687347226,2615.73260196665,2613.44013052379,2607.5288760799,2609.59605474577,2615.47215286488,2643.29119457073,2615.37483937444,2608.07577399017,2621.78167536397,2609.169191407,2635.10224710782,2608.21435582614,2608.63164251787,2609.40188293219,2617.54378817665,2616.2061865253,2615.98485670179,2634.30799528292,2614.92983651328,2618.9831157001,2628.98482241655,2600.10674370188,2609.63318835374,2613.50243747825,2611.46631729574,2621.8572452107,2623.76490462149,2618.63007382467,2618.83183461472,2643.66145191448,2633.18530181038,2609.33287270531,2606.65181928664,2647.33410562428,2641.86337751851,2619.6219680378,2628.85935706349,2628.6165717204,2620.75932638675,2625.59193487516,2628.24351521697,2626.68221999232,2629.17928414653,2603.3320643285,2603.97484140749,2615.48919202564,2624.16965733861,2604.18561084624,2622.8968651238,2603.998281832,2626.38540147507,2618.7375443728,2614.57276118829,2619.50931956569,2639.3846360037,2601.47925987667,2599.11028363756,2594.57272986119,2606.49759997781,2600.14066891422,2605.45090734917,2604.19258974763,2610.59376031417,2609.84155255592,2604.7827272212,2602.59997240973,2595.17698513715,2604.917878372,2587.66465871076,2582.64571055342,2590.73314721829,2607.10991495929,2594.36879907321,2602.65804920804,2595.86429098799,3596.45830680914,2591.57452653855,2594.07637862849,2588.49046626675
,88,2604.00771160797,2606.85474727084,2588.27231249601,2598.17712010887,2608.28157957087,2604.23140033117,2628.03292642983,2591.60248954851,2593.4774034989,2613.07777542842,2605.22698786015,2619.15671197783,2598.91358361756,2598.11578196455,2599.44782450135,2608.97503400334,2606.78367389544,2600.73771625998,2602.55572865191,2609.00670424836,2636.4899418881,2608.18746134297,2602.01575133738,2615.70337077382,2602.43689700217,2628.53847201207,2601.60027237623,2601.71903324674,2603.06956820952,2610.33324810715,2609.56148454798,2609.66949274637,2627.12775805726,2608.40172174962,2612.03975953562,2622.34227378856,2594.08688723717,2603.42007867301,2607.26155496968,2605.10852925698,2614.83026714678,2617.18782368968,2611.90476159581,2612.60091217152,2637.1627277516,2626.62319853543,2603.47312481591,2600.86027549969,2640.70616683045,2634.63026129927,2612.75695606959,2621.44224866249,2621.81557957947,2614.27585368899,2618.90176359892,2621.75349041344,2619.924472954,2622.8936694762,2597.56416661412,2598.47319576405,2609.33222240959,2617.47682160814,2597.75360352102,2616.45874222183,2598.3879661626,2619.97053636122,2612.03863933388,2608.39419491966,2613.40186179831,2632.71787052676,2596.28230706229,2593.67308471998,2588.85177180973,2600.15946315176,2594.24809286508,2599.53556574942,2598.3988822393,2604.14522636323,2603.50021461239,2598.82927814619,2596.43577738452,2588.81010870197,2599.64218197886,2582.61910504146,2577.27562435717,2585.34970837165,2601.47422504979,2588.64812787981,2596.36109419273,2590.1518200771,3584.87958088505,2585.56977647184,2588.37345462113,2582.55001958128
,88.5,2597.49599328217,2600.59414619499,2582.38355817235,2591.62935915502,2602.65498874924,2598.00580292653,2622.48509550239,2586.44467829175,2587.5226286135,2606.62762072434,2599.33236531521,2614.25908063652,2593.01680684295,2591.77618457975,2593.50580507976,2602.66689864497,2600.674299717,2594.37562438224,2595.92081459379,2602.88255555589,2629.94386681007,2601.52161531826,2596.12261075933,2609.87681402075,2595.91360769547,2622.1098564328,2595.11364188722,2595.37885574097,2597.1876324636,2603.67386916026,2603.21433440908,2603.68819271223,2620.68504796817,2602.35947710355,2605.69869073158,2615.90936480098,2588.06511326437,2597.67388687144,2601.43942065904,2599.38016381672,2608.07949713412,2611.24504772557,2605.51395936186,2606.92162341891,2631.10823651234,2620.47151691596,2598.00271371226,2595.07061394431,2634.51834211372,2628.08018924183,2606.32533388161,2614.61407551289,2615.51544467774,2607.97677037704,2612.65428756005,2615.47817827325,2613.58056520625,2616.89127536228,2591.93964375988,2593.2998724988,2603.70773206901,2611.1064467909,2591.61979093455,2610.15857994132,2592.78551153965,2614.19616965866,2605.59447540579,2602.65658602606,2607.48461407038,2626.50754769899,2590.90740422455,2588.43680722815,2583.2774731768,2594.05742578811,2588.55786341916,2594.11574796895,2593.11601648748,2597.98864239287,2597.41292125115,2593.01973082052,2590.51237567238,2583.21835329242,2594.88024006393,2577.8124059397,2572.32975581054,2580.11530424296,2596.19037035365,2583.46083873715,2590.56584546594,2584.78718916922,3573.78832238678,2579.93259256458,2582.45303460741,2576.97059452145
,89,2591.41288215943,2594.62061116702,2577.00440686515,2585.70245612172,2597.14318639093,2592.29991087754,2617.30283856856,2581.29494082193,2581.88398455177,2600.55034420904,2593.80346400183,2609.93193854219,2587.39596414952,2585.62238037917,2587.80127897552,2596.52608622077,2594.96904105063,2588.53113848873,2589.44808671239,2597.04587056208,2624.1295404267,2595.39523841435,2590.55350495573,2604.11258661961,2589.6740084488,2616.15882810381,2589.08585335337,2589.68799035739,2591.6540529698,2597.28052469381,2597.19439527803,2598.06316873688,2614.31723469635,2596.54470177569,2600.16019447897,2609.90338186985,2582.520200736,2591.98393408123,2596.12206784088,2593.79437395936,2601.66656829287,2605.70021034793,2599.37746645927,2601.33070846351,2625.68578767975,2614.449256391,2593.02215143533,2589.4077267306,2628.51892228384,2622.01348727625,2600.20276852607,2608.01560541367,2609.63199075649,2602.20619827867,2606.61646967129,2609.51953413676,2607.58755401625,2611.14242323105,2586.8973591549,2588.54311552442,2598.28487218413,2605.20739046399,2585.89896672336,2604.39856360861,2587.73334123153,2608.48809756867,2599.34535541749,2597.08462061324,2601.69964065086,2620.4884999524,2585.92686148164,2583.31507951865,2577.97152205507,2588.44221583945,2582.9229350723,2589.17996454959,2588.10181335197,2591.9813351808,2592.0465934748,2587.64953524567,2584.76864211844,2577.96351601539,2590.44500851272,2573.17392361834,2567.79452583814,2575.17763337578,2591.05722438538,2578.36288044481,2585.25762846663,2579.71642023159,3563.2396622334,2574.76790802995,2576.78253209559,2571.88378789516
,89.5,2585.91788597844,2588.81252122871,2572.0010308012,2580.19490938977,2592.1914440843,2586.75223361833,2612.21040599487,2576.02719745275,2576.66885210008,2594.71692122729,2588.52673816086,2606.08691448108,2581.74004254738,2579.7700137718,2582.53028410863,2590.80554502078,2589.64881360254,2583.42219339999,2583.38638396389,2591.38166352692,2618.60921042013,2589.54244000231,2585.17015647087,2598.72643739832,2583.70017464249,2610.32222630907,2583.83985212517,2584.33333562214,2586.25200538426,2591.55972226117,2591.57836823283,2592.74852919692,2608.58821244065,2591.41539717489,2595.14312690047,2604.27055179773,2577.07768259776,2586.70831664218,2591.15840456945,2588.50294891508,2596.05663988442,2600.46683765275,2593.62224921255,2596.17434266254,2620.70938698213,2609.08253277157,2588.28102773694,2584.01993845491,2622.84954113108,2616.45816949569,2594.65402918981,2601.85946396008,2604.30149621294,2596.79314689235,2600.95900640682,2604.02205577143,2601.95359376954,2605.56512500979,2581.90676971831,2583.75871852579,2593.19370436059,2599.76977388934,2580.65588125339,2598.81972269756,2582.9754392722,2603.2703418784,2593.55741680719,2591.8966118051,2596.24804751355,2614.88902999459,2581.41044668776,2578.26408482332,2573.25034569808,2583.15383305637,2577.85019034384,2584.35049421645,2583.43773904396,2586.40298842032,2586.90834928782,2582.41359640275,2579.25078931199,2573.20975506914,2586.51326921535,2569.085577601,2563.65259224177,2570.17789654891,2585.96402394936,2573.65298179386,2580.21653095227,2575.17971715176,3553.09957759702,2570.02873763206,2571.60907567295,2566.96306010188
,90,2580.90429273734,2583.70367712907,2567.53004149917,2575.33107452777,2587.63628346035,2581.59206030254,2607.41664292778,2571.22412272332,2571.55175614378,2589.2492285236,2583.77436393803,2602.45926175438,2576.44610537118,2574.31509677436,2577.98292853999,2585.17843550751,2584.74677284374,2578.60306374835,2577.74581473694,2585.72885030578,2613.40243749927,2584.63784902525,2580.12450401574,2593.33113550263,2578.17645782551,2604.79395467524,2578.76358335324,2579.53611963246,2580.96236708908,2585.91050623964,2586.29899213928,2587.596026964,2603.39051047063,2586.69377581047,2590.39254689792,2599.04911873936,2572.00252591575,2581.7677265224,2586.42776165004,2583.31937748985,2591.04191390211,2595.63086743188,2588.32585373337,2591.40167218357,2616.18511803309,2604.1243020111,2583.74747751817,2578.70021164919,2617.52736212571,2611.20814538252,2589.70332261267,2596.17932577709,2599.30854381208,2591.84692032052,2595.63831702326,2598.84355781099,2596.73449504475,2600.42637652417,2577.43721073549,2579.21021910468,2588.03383210304,2594.69599353591,2575.83730714981,2593.37017104929,2578.34466357753,2598.24078031031,2588.27303354422,2586.87686323551,2591.01377687076,2609.7342208449,2577.35738015449,2573.83137488544,2568.80094418178,2578.34382982381,2573.12432304725,2579.82388929624,2578.82008806026,2581.33882866805,2582.09257035759,2577.50078058968,2574.07150058919,2568.83530540409,2582.63728593243,2565.07340308688,2559.61463339413,2565.50580824969,2581.27005050356,2569.52079091682,2575.61691949349,2571.02946703722,3543.41381849628,2565.65198555314,2566.437411856,2562.4934191234
,90.5,2575.99700668896,2578.74708448016,2563.73539735649,2570.86398824034,2583.26932613848,2576.76700672336,2602.8308690686,2566.50395395597,2566.93182455642,2584.18815678801,2579.27537198972,2599.14099591694,2571.29516308825,2568.94514635585,2573.7790431001,2579.95098493518,2580.20400892145,2573.93155526998,2572.97690670709,2580.39629285001,2608.65181078065,2580.03146453775,2575.54515213967,2588.23202675864,2573.00295961109,2599.40681470293,2574.27642600788,2575.0795949528,2576.32267607823,2580.79162362855,2581.56709275063,2582.8588157247,2598.92911532337,2582.06012328006,2586.1852224205,2594.39933421179,2567.29731550508,2577.49605265167,2582.0955506642,2578.45251426441,2586.5332596237,2591.13383086919,2583.42004750593,2586.70070942416,2611.851818401,2599.19570357185,2579.69617173305,2574.1786969896,2612.5000121698,2606.27336281442,2584.85171515119,2591.20044916708,2594.50257108385,2587.32315823553,2590.50996867337,2593.85521475332,2591.80974911848,2595.45208579668,2572.97182240149,2575.05249688393,2583.15102860298,2589.95625323607,2571.36007647434,2588.33305429466,2574.24194471531,2593.65812770113,2583.70894250275,2582.32543271558,2586.2238429075,2605.06914657288,2573.50484084496,2569.52245598126,2564.60716302866,2573.77285016065,2568.64184008338,2575.5190927511,2574.46504321506,2576.7306914291,2577.83830880452,2572.97573976232,2569.63458380151,2564.79120620191,2578.92291613892,2561.40535718797,2555.91752147153,2561.12894434554,2576.75696735524,2565.64535060845,2571.41069696342,2566.92932151364,3533.94269724588,2561.48213697532,2561.51992335295,2558.32265928401
,91,2571.63071730387,2573.77117035944,2560.4535596203,2566.88076314999,2578.95337033816,2572.34504979857,2598.49468765027,2561.99467595126,2562.76402768979,2579.33483408446,2575.03183574248,2596.15580174962,2566.40647735976,2564.10052626477,2569.91250497776,2575.27038055572,2575.96805252572,2569.51556223657,2568.85861267312,2575.55810702641,2604.37925873914,2575.49077756329,2571.44653825155,2583.7093255986,2568.2229113458,2594.49028526872,2570.29391277241,2570.85763868594,2571.94021808531,2576.06879641062,2577.19134831347,2578.60964195924,2594.75764316997,2577.69650353666,2582.37066297824,2590.33019442832,2563.07530470526,2573.30219823623,2577.8710690668,2573.74175256606,2582.62318401512,2586.8918214482,2579.05370441357,2582.28944325278,2607.95690872934,2594.45372461812,2575.89947539564,2570.26084082662,2607.85454062619,2601.69812764026,2580.14655875171,2586.39911323613,2589.97260790642,2583.21602779423,2585.92049961819,2589.55914923663,2587.23774467201,2590.81922610025,2569.02241218429,2571.22629393546,2578.56426651633,2585.54006812048,2567.33023644071,2584.10395390117,2570.54878216805,2589.28405847043,2579.60586891173,2577.84451182137,2582.17760256333,2600.64895022951,2570.20287536233,2565.82616412295,2560.80665439378,2569.65090631113,2564.77737010993,2571.68383286632,2570.39547186881,2572.47535580171,2573.99848158541,2568.88450074842,2565.52984058913,2560.91031900726,2575.34660803799,2557.90761584574,2552.42309085835,2557.39312648657,2572.46732339302,2562.11536643922,2567.50108754886,2563.13071100877,3524.62237344879,2557.46033353415,2557.19199590303,2554.37824965776
,91.5,2567.21606717994,2569.07969278177,2557.31616125633,2563.19867485639,2575.10942698457,2568.4051665131,2594.41097501074,2558.13488533291,2559.09531618854,2574.8351389589,2571.19041102511,2593.15509466066,2562.10647254944,2559.45433175017,2566.34468641128,2571.2023722999,2571.87892338869,2565.49164419726,2565.38911040555,2571.10121004748,2600.40979231834,2571.46867500658,2567.67669993001,2579.87282918247,2563.88641549587,2589.97004546551,2566.80225741305,2566.87524343622,2567.95549875383,2571.88906720252,2573.23457592586,2574.6402727883,2591.16205865055,2573.92078113219,2578.78873162992,2586.45456329092,2559.24585396798,2569.69446738833,2573.97022008909,2569.59364340356,2579.35319461007,2582.96102805998,2574.96888023184,2578.37417912218,2604.43032754661,2590.17394258998,2572.21700099345,2566.9544291819,2604.05690733512,2597.44045467186,2575.78720011774,2581.98324631061,2585.6971620054,2579.29345696338,2581.77841565939,2585.71541688657,2582.92856732075,2586.63161446854,2565.21580535626,2567.42209153555,2574.35743264421,2581.34200731355,2563.46885117178,2580.14449325689,2566.99661775969,2585.45181884932,2575.76777546076,2573.87310607213,2578.64627707623,2596.69144917165,2566.84515415302,2562.43393275281,2557.21149363195,2565.89007555522,2561.39621489052,2568.01279299571,2566.43824202118,2568.70630828469,2570.30197819398,2564.97123370437,2561.9434764782,2557.2654523784,2572.1750289739,2554.7519802682,2549.38188918092,2554.05458377333,2568.7304712519,2559.05509393415,2563.89278378291,2559.52512604618,3515.54916678017,2553.67525573579,2553.12874927518,2550.74013020558
,92,2562.95634791597,2564.84414883461,2554.33800885457,2559.82915337793,2571.37150501016,2564.90658871965,2590.8841325981,2555.01191208083,2555.62886870799,2570.82425065557,2567.95203401964,2590.49315676589,2558.25443779969,2555.24569811016,2562.97208723325,2567.29719041291,2568.06352035211,2561.38210469954,2562.25303267991,2567.19944121858,2597.08572865646,2568.00651363798,2564.27198007167,2576.25456787005,2559.91387213297,2586.25458547838,2563.41562910831,2563.17387356257,2564.42973971988,2568.16485566876,2569.71440907983,2571.08476705375,2587.41566865941,2570.31275647229,2575.45212850881,2583.08228855221,2555.86195532773,2566.43126521004,2570.55490332219,2565.8939689934,2576.13195332333,2579.37758184617,2571.15952629366,2574.68244444241,2601.25566130813,2585.85435956849,2568.86361828778,2563.88231481683,2600.86686651508,2593.47433835782,2571.80927145847,2578.06570330051,2581.69848602144,2575.92914160046,2577.96530672099,2582.27304047034,2578.8164778249,2582.9700186994,2562.15182888233,2563.7790032011,2570.46051160115,2577.57359470358,2560.00104491961,2576.40136810822,2563.85348909586,2581.76109057003,2572.26317888306,2570.22073559974,2575.55058783378,2592.9784477761,2563.70948691482,2559.72674697386,2553.72745252324,2562.42607151801,2558.25708648216,2564.70880038837,2562.66820311133,2565.26448862043,2567.08984769979,2561.43901920884,2558.85875116048,2553.90627297527,2569.2384387621,2551.57769192795,2546.42362328546,2550.99114335937,2565.55257199298,2555.98657817779,2560.75438136369,2556.33951289827,3506.72716262483,2549.92396220466,2549.30073423491,2547.60620470621
,92.5,2558.64858109569,2560.90249341152,2551.53606433926,2556.54052504515,2567.95767936302,2561.78849102006,2587.46730327532,2551.95896694279,2552.45542109155,2567.28583170091,2565.08156508092,2588.1713808351,2554.73467541996,2551.32161074639,2559.6375773379,2563.83834414398,2564.43583777172,2557.89746344695,2559.54054911835,2563.96727198374,2594.07375530355,2564.36268076441,2561.101764984,2573.16872900694,2556.34876006325,2583.05995207096,2560.46087642123,2559.70918486196,2561.35461263874,2565.20895745105,2566.40285941476,2567.82045102295,2583.68210107722,2567.03323797124,2572.62188690508,2579.8277253537,2552.85274774502,2563.69171375522,2567.21926803347,2562.62309332288,2573.12200283088,2576.17557816975,2567.75932067378,2571.34511261758,2597.9915543757,2582.08702561122,2565.7822251289,2561.30071381493,2597.96701450016,2589.96226131621,2568.05483834287,2574.61178741649,2578.06936655582,2572.97802352597,2574.41649937495,2579.18676215594,2575.30453960512,2579.32010601937,2559.26966509163,2560.64901352789,2567.15253650995,2574.04402453941,2556.9814249851,2572.99625503452,2561.18210949817,2578.60792087686,2568.71451333405,2566.89686235701,2572.79120381249,2589.59235737499,2560.77646887097,2557.19441421948,2550.50484782016,2559.2305102383,2555.44702371203,2561.66019951261,2559.44892194259,2562.06837387777,2564.352864958,2558.15776226027,2556.09650284979,2550.74891344785,2566.70750020903,2549.06364901428,2543.7945584203,2548.3764335635,2562.50207983132,2553.14385494948,2557.89999081717,2553.26532377202,3498.11904449951,2546.28960060118,2545.81171744468,2544.90820832389
,93,2554.95801647752,2557.3687484755,2548.83947829316,2553.52275024352,2564.76540807341,2558.92926362323,2584.49246053554,2549.19850467458,2549.46820535894,2564.32852014242,2562.55011664529,2585.96353901412,2551.63608736624,2548.10954130399,2556.35808552032,2560.79269304739,2561.13633946731,2555.06394012346,2556.96517295286,2561.18727415519,2591.19487608118,2561.33622602168,2558.16760681323,2570.34108223768,2553.19339477353,2580.27263214365,2557.66453546512,2556.70021439931,2558.52429993183,2562.62850659857,2563.63602071251,2564.69493363503,2579.91072773505,2564.18894818527,2569.984706682,2576.92237711703,2550.28329325789,2561.03377062547,2564.20431277491,2559.90602545449,2570.20053741106,2573.26377585628,2565.07659366063,2568.58308059438,2595.13337264682,2578.98154164634,2562.6141987516,2558.76177000386,2595.61084977014,2586.72661435742,2564.71082524808,2571.31716448811,2574.74406837012,2570.37303536407,2571.31351559708,2576.56190885539,2572.03246291197,2576.13983388118,2556.95397531797,2557.97668008315,2564.13663801397,2571.0164464877,2554.11119532189,2569.96831364653,2558.52984917422,2575.65283238732,2565.30133226778,2563.85274895382,2570.27325027283,2586.40819396375,2558.16456790307,2555.02422509761,2547.59684083715,2556.32204245949,2552.87871987503,2558.73313405758,2556.29559215325,2558.91930574318,2561.51478071422,2555.22567355818,2553.5443633975,2547.98917642637,2564.69947238681,2546.70212655436,2541.48430745568,2546.30990758336,2559.7803072728,2550.53285033775,2555.44665134868,2550.53658266227,3489.99091758316,2543.34800270308,2542.64692992572,2542.42742284639
,93.5,2551.52917743105,2554.27755980875,2546.39864636538,2550.59147865148,2561.77052952209,2556.3498397703,2581.76666514691,2546.41891165327,2546.67874573444,2561.92795921326,2560.37841870865,2583.94966861896,2548.89941028673,2545.18771387709,2553.56203074926,2557.8590362055,2558.14727654514,2552.47873159877,2554.32760263505,2558.78818685664,2588.61061745122,2558.53176569023,2555.3593515823,2567.34657159726,2550.34574379857,2577.6295933195,2555.23745844515,2554.08348288361,2556.00765814679,2560.22489706651,2561.21733316388,2561.79703934063,2576.21414438997,2561.62854974179,2567.60030945522,2574.2617048691,2547.85218917402,2558.89653633373,2561.75924157991,2557.53642225972,2567.22271220472,2570.60379685886,2562.75273138453,2565.94380980702,2592.34234668558,2576.36745629949,2559.72309936014,2556.32012389125,2593.39429435178,2583.5869523078,2561.99601445273,2568.65383672634,2571.70778841327,2568.0977974942,2568.58300733511,2573.98643269893,2569.00053697147,2573.39932451328,2554.91376457688,2555.61656420459,2561.43739681499,2568.36933699189,2551.64279025519,2566.88795075271,2556.06967394553,2572.99533360777,2561.97844025945,2561.21927084561,2567.75368986725,2583.44602861929,2555.52566259342,2552.89111470194,2545.19136861276,2553.49101156639,2550.62979610793,2555.71574709409,2553.41775765387,2556.07134806616,2558.83785819767,2552.95735090672,2551.22733652199,2545.67761600932,2562.97749784199,2544.89167331289,2539.33921622077,2544.46122188228,2557.50467655329,2548.12062830949,2553.31320802137,2548.17393298596,3482.35524487379,2540.74158357776,2539.66530981181,2540.27248030946
,94,2548.87802368607,2551.31308755144,2544.14787909212,2547.97149944385,2558.98418908276,2554.02742860889,2579.57768760859,2543.53002648825,2544.0440350523,2559.99751737573,2558.2456296791,2582.0227244997,2546.03526667184,2543.32937559255,2550.86827267106,2556.00699754581,2555.73824008096,2550.41575776151,2551.99110410435,2556.80107795574,2586.38873531708,2555.8319785612,2553.11649037738,2564.69595944869,2548.19925613067,2575.29209584776,2552.82643104372,2551.68066730078,2553.99102370793,2557.87309459544,2559.74777116233,2559.28588356666,2572.7534483312,2559.21852778757,2565.53167608468,2572.24648331307,2546.35738722706,2556.56329620264,2559.9731640353,2555.91358305879,2564.08331711738,2568.25359624311,2562.20008369381,2563.655765384,2589.61765846197,2573.94654486366,2557.02879887194,2554.45570852261,2591.32259702054,2580.64588668971,2559.72349224313,2565.87425707691,2568.89667603906,2565.96770566536,2566.39491005707,2571.99985942432,2565.97163395153,2571.03673243886,2553.59587111752,2553.94205844251,2559.32908842756,2566.17346045325,2549.38264394124,2564.42908071259,2553.94406213829,2570.72172842469,2559.07081100588,2559.14603880434,2565.30395161809,2580.76448836796,2553.38184399486,2550.95303562932,2542.78414711732,2550.50960960852,2548.257969794,2553.15495384514,2550.17043842451,2553.36383907988,2556.10571956074,2551.2229053357,2548.93184921018,2544.18238768802,2561.68323395851,2543.10739222377,2537.14421631187,2542.99839323342,2555.16109147728,2545.71900981555,2551.7754409809,2546.26169743425,3474.73042547021,2539.18529114693,2536.88531257682,2538.13945477761
,94.5,2546.46018347297,2548.47854514642,2542.08606658621,2545.34541158692,2556.22279218035,2551.71174476348,2577.33233608057,2540.52037262179,2541.43505469506,2558.23347894394,2556.12152589189,2580.07207328689,2543.35497231842,2541.59843598159,2548.34815478926,2554.28092662804,2553.43752395863,2548.69952416531,2549.72952629859,2554.94478259241,2583.96157244147,2553.17045003504,2550.88825924289,2561.92429807312,2546.13921830897,2572.81602178807,2550.5936547094,2549.53916959189,2552.04416888473,2555.5870426406,2558.31666093931,2556.71876291803,2569.38855467218,2556.93210554826,2563.55660621833,2570.24576150604,2544.85634047216,2554.34489543991,2558.08570925058,2554.35347477402,2561.02377601052,2565.95717907987,2561.88231916877,2561.53159770255,2586.88566774307,2572.02970519624,2554.31902105648,2552.56821954803,2589.26760778032,2577.75094012322,2557.47530584109,2563.22467595957,2566.11564269768,2563.89059571036,2564.33295729607,2570.05044416402,2563.15117445904,2568.77168708963,2552.14297839738,2552.65823571095,2557.31448903251,2564.07716758624,2547.09551775886,2562.17636070892,2551.67427992055,2568.54454333226,2556.14681450709,2557.06638566917,2562.93727079983,2578.10498924002,2551.31333676669,2548.9777598762,2540.63466693762,2547.59393687624,2545.96790191502,2550.46489630275,2547.15113885719,2550.59854717737,2553.24187685155,2549.66553999163,2546.69099233137,2542.78463505539,2560.48774229931,2541.69122472353,2535.24702240177,2541.94172729763,2552.87084908336,2543.64801029331,2550.24476673406,2544.28946748659,3467.36185638422,2537.89017992122,2534.14503358469,2536.04219116557
,95,2544.96155628096,2545.49471790543,2540.11582250637,2543.4908116927,2553.93289648333,2550.13976990377,2576.08742642496,2537.34208437738,2539.31791615615,2556.91890052244,2553.74060102545,2577.71446331721,2540.36831986773,2541.54413713006,2545.99117566388,2554.86992353755,2552.01813586664,2547.67860591999,2547.9029467557,2553.28816601283,2582.45036034902,2550.73103604388,2549.74537494515,2560.16512992654,2545.38094938072,2570.75230090275,2548.42380507657,2547.4097309515,2550.91640755131,2553.00045215854,2558.79621508788,2554.76095261322,2566.92437888845,2554.85796574748,2561.99623849095,2569.1268087755,2545.31339946343,2551.56988627712,2557.77752698573,2554.19619095395,2557.83789401655,2564.20709492299,2564.77326350505,2559.86354105918,2584.38062646455,2569.80072891762,2551.76609475561,2552.21433947199,2587.67097605283,2575.07191469076,2555.89803391593,2559.71065335978,2563.45095075192,2561.51261143123,2563.13576362075,2569.12632078377,2559.68668369985,2567.21386527016,2552.03300546428,2551.92767226163,2556.15358031654,2562.35423565028,2544.88634509061,2560.94653427071,2549.9232680257,2567.1401427531,2553.8165177206,2556.39071226033,2560.38603439214,2576.00701418391,2549.64526478094,2546.84429238136,2538.08751152892,2544.30978150056,2543.25144557616,2548.77120372084,2542.62364121248,2548.07888154722,2550.14760584554,2548.83446651913,2544.22671843251,2542.82865707553,2560.01243484583,2539.80200548284,2533.29056836804,2541.01180257693,2550.42566052771,2541.25077727744,2549.92059804612,2542.94869401802,3459.55206462686,2538.50003752896,2531.79594054569,2533.71734967998
