,Temperature,A1,A2,A3,A4,A5,A6,A7,A8,A9,A10,B1,B2,B3,B4,B5,B6,B7,B8,B9,B10,B11,B12,C1,C2,C3,C4,C5,C6,C7,C8,C9,C10,C11,C12,D1,D2,D3,D4,D5,D6,D7,D8,D9,D10,D11,D12,E3,E4,E5,E6,E7,E8,E9,E10,E11,E12,F3,F4,F7,F8,F9,F10,F11,F12,G3,G4,G5,G6,G7,G8,G9,G10,G11,G12,H1,H2,H3,H4,H5,H6,H7,H8,H9,H10,H11,H12
,60,38.8091291466512,47.3863203393857,43.7857416678326,46.3507200145916,46.0081024199355,49.7133441270046,48.126007094352,45.4513362977714,46.8368779019893,50.5283519012235,46.270401057641,48.7904864202014,44.009705116209,49.9882515666839,50.7798734846619,48.0881042779422,50.9456602907708,50.3767631650976,49.9260524150704,47.3779928598112,43.1524707722645,42.1036613056528,47.7108671812573,48.4700151411091,47.5290954907528,47.9011177736647,44.2969087919532,46.0277167035788,43.3059094440014,52.8105158469068,47.8741865172588,48.710171272028,38.1350935003438,42.110066348999,53.2174391980934,50.5380117203013,46.7362385339554,49.3459141785538,50.1868388145333,50.1202854396706,49.2273805333609,48.0406099167685,48.7502885917859,50.8949607942045,45.193132268065,41.5047242164858,49.4157824434631,49.5763376781458,38.8948296974249,50.5073909991156,50.4520847167373,39.6564205140469,51.7086873250914,48.9903817886434,43.0958361540988,49.5231017080785,48.8129499488812,52.313995178092,44.4627717024287,37.76347475901,48.674176692128,49.253628837462,41.5137033898679,45.384257519547,50.0781152829441,50.3486037927221,47.0843473325604,46.1017206227568,45.4783456220359,49.8426424881407,44.9889704787322,49.2691074051249,47.3257296831637,39.3398850823967,41.3526743699114,52.4815664578251,46.276583309603,44.0167474757748,45.5806489970084,41.6272375551962,48.0255119271087,45.9786869756701,33.4130737732046,46.3576233091485,46.6305193462865,36.8450657542951
,60.5,84.086446484411,102.670360735334,94.8691069469721,100.426560031616,99.6842219098617,107.712245608508,104.273015371094,98.4778953118398,101.479902120976,109.478095785985,100.252535624887,105.712720577101,95.3543610851191,108.307878394484,110.023059216767,104.190892602207,110.382263963337,109.149653524379,108.173113565985,102.652317862924,93.4970200065727,91.2245994955836,103.373545559391,105.018366139068,102.979706896634,103.785755176274,95.976635715899,99.7267195244212,93.829470462003,114.422784334968,103.727404120727,105.538704422728,82.62603591741,91.2384770894994,115.304451595869,109.499025393988,101.261850156903,106.916147386867,108.738150764821,108.593951785955,106.65932448895,104.087988153,105.625625282202,110.27241505411,97.9184532474724,89.9269024690507,107.067528627506,107.415398302651,84.2721310110874,109.432680498083,109.312850219601,85.9222444471029,112.035489204363,106.145827208728,93.3743116672129,107.300053700834,105.761391555908,113.346989552533,96.3360053552608,81.8208619778543,105.460716166276,106.716195814501,89.9463573447131,98.3325579590169,108.502583113045,109.088641550898,102.016085887214,99.8870613493091,98.5364155144093,107.992392057641,97.4761027039206,106.749732711105,102.539080980186,85.2364176785256,89.5974611348081,113.710060658621,100.26593050414,95.3696195308451,98.7580728268524,90.1923480362568,104.055275842068,99.6204884472861,72.3949931752795,100.441517169822,101.032791916957,79.830975800973
,61,77.6182582933006,94.7726406787704,87.5714833356683,92.7014400291839,92.016204839874,99.4266882540055,96.2520141887003,90.9026725955462,93.6737558039797,101.056703802448,92.5408021152784,97.580972840399,88.0194102324194,99.97650313337,101.559746969322,96.1762085558828,101.891320581542,100.753526330196,99.8521048301386,94.7559857196206,86.3049415445269,84.207322611308,95.421734362516,96.9400302822146,95.058190981508,95.8022355473295,88.5938175839067,92.055433407158,86.6118188880027,105.621031693818,95.7483730345152,97.4203425440605,76.2701870006845,84.2201326980012,106.434878396187,101.076023440605,93.4724770679122,98.6918283571079,100.373677629065,100.240570879343,98.4547610667264,96.0812198335379,97.5005771835715,101.789921588409,90.3862645361266,83.0094484329679,98.8315648869284,99.1526753562928,77.7896593948497,101.014781998231,100.904169433479,79.3128410280967,103.417374650179,97.9807635772877,86.1916723081963,99.0462034161528,97.6258998977617,104.627990356184,88.9255434048559,75.5269495180212,97.3483533842543,98.5072576749219,83.0274067797352,90.7685150390923,100.156230565889,100.697207585442,94.1686946651207,92.2034412455159,90.9566912440682,99.6852849762836,89.9779409574651,98.5382148102503,94.6514593663237,78.6797701647947,82.7053487398219,104.963132915649,92.5531666192057,88.0334949515493,91.1612979940176,83.254475110389,96.0510238542186,91.9573739513407,66.8261475464137,92.7152466182954,93.2610386925753,73.6901315085904
,61.5,77.6182582933091,94.772640678761,87.5714833356699,92.7014400291814,92.016204839867,99.4266882540076,96.2520141886889,90.9026725955357,93.6737558039913,101.056703802448,92.5408021152784,97.5809728403988,88.0194102324069,99.9765031333723,101.559746969308,96.1762085558821,101.891320581552,100.753526330187,99.8521048301295,94.7559857196109,86.304941544523,84.2073226113066,95.4217343625025,96.940030282216,95.0581909815048,95.8022355473292,88.5938175839078,92.0554334071569,86.6118188880021,105.621031693817,95.748373034525,97.4203425440594,76.2701870006674,84.2201326980128,106.434878396189,101.076023440588,93.4724770679081,98.6918283571154,100.373677629058,100.240570879347,98.4547610667307,96.0812198335368,97.5005771835695,101.789921588417,90.386264536116,83.0094484329779,98.83156488693,99.152675356291,77.7896593948542,101.014781998222,100.904169433475,79.3128410280981,103.417374650164,97.9807635772841,86.1916723081956,99.0462034161537,97.6258998977719,104.627990356184,88.9255434048475,75.526949518016,97.3483533842495,98.5072576749312,83.0274067797261,90.7685150390987,100.156230565889,100.697207585435,94.1686946651123,92.2034412455207,90.9566912440641,99.6852849762859,89.9779409574769,98.5382148102492,94.6514593663392,78.6797701647954,82.7053487398291,104.963132915638,92.5531666192019,88.033494951555,91.1612979940167,83.2544751103942,96.0510238542029,91.9573739513453,66.8261475464128,92.7152466183022,93.2610386925676,73.6901315085963
,62,77.6182582932479,94.7726406788463,87.5714833356424,92.7014400292078,92.0162048399086,99.4266882540019,96.2520141887901,90.9026725956053,93.6737558038947,101.056703802453,92.5408021152907,97.5809728404088,88.0194102324997,99.9765031333409,101.559746969411,96.1762085559023,101.891320581471,100.753526330255,99.8521048302084,94.7559857196914,86.3049415445514,84.2073226113112,95.4217343626035,96.9400302822198,95.0581909815219,95.8022355473327,88.5938175839051,92.0554334071701,86.6118188880027,105.621031693822,95.7483730344507,97.4203425440605,76.2701870008225,84.2201326978993,106.434878396174,101.076023440703,93.4724770679363,98.6918283570594,100.373677629136,100.240570879302,98.4547610666921,96.0812198335561,97.5005771835858,101.789921588357,90.386264536216,83.0094484329081,98.8315648869022,99.1526753563201,77.7896593948115,101.014781998288,100.9041694335,79.3128410280601,103.417374650296,97.9807635773129,86.1916723082136,99.0462034161524,97.6258998976818,104.627990356194,88.9255434049314,75.5269495180514,97.3483533843043,98.5072576748544,83.0274067797948,90.7685150390644,100.15623056588,100.697207585489,94.1686946651841,92.2034412454716,90.9566912441132,99.6852849762545,89.9779409573869,98.5382148102565,94.6514593662255,78.6797701647893,82.7053487397769,104.963132915721,92.5531666192294,88.0334949515013,91.1612979940237,83.2544751103687,96.0510238543268,91.9573739513194,66.8261475464076,92.7152466182433,93.2610386926233,73.6901315085456
,62.5,77.8454204308312,94.9379817140973,87.7840850456089,92.8234789625662,92.1198421517322,99.6112050364966,96.4308414960417,91.1657467906653,93.7795997114902,101.251244423997,92.698395213343,97.9009978158513,88.2151008589296,100.200901485857,101.863117125346,96.4099315577353,102.073716238628,100.994791279507,100.043080348089,95.0072302388414,86.5209113439475,84.4491623812391,95.8570182816143,97.3626870610938,95.3006132524667,96.0877868970849,88.9521461971528,92.3075251654793,86.8301132240222,105.920938480466,96.0056621122073,97.6264967494271,76.5303940831573,84.4300021257716,107.212246165235,101.861874598124,93.7772301201492,99.0453721062609,100.760765119025,100.579047095347,98.7764381548261,96.3505214427805,97.6723704099586,102.033637716806,90.5995395976304,83.2534542477263,99.0834089322452,99.4876849917323,78.1142949452528,101.233602963284,101.14878665958,79.422656306059,103.640087904561,98.2284941866158,86.4309300005373,99.2638473251579,97.8809724870407,104.933946850609,89.2556766351006,76.2490801498755,97.6359413139196,98.7763866792743,82.8910985173172,91.0773526791163,100.492099744511,100.979088695193,94.4290166033998,92.4749597727816,91.1237204649078,99.9205130332421,90.2646858116859,98.6786437918422,94.8908912032161,78.9885412477799,83.8031798763823,105.879982430617,92.8005351626955,88.3006815328088,91.3952008839829,83.4610422021867,96.2466831296738,92.1729073693643,67.0785309636851,92.776124003726,93.3930629710544,73.9739951414035
,63,76.5219496710185,93.8547230554752,86.4651595396426,92.1177572389959,91.610025722706,98.4651013766809,95.2697593537316,89.4690634690814,93.1954617315241,100.11679020111,91.7829690433728,95.8729748735689,87.0230942263711,98.8975472863694,99.9981994193824,94.9588027675645,100.914664480456,99.5296855760598,98.8641222004846,93.46747590314,85.1718194564619,82.9760084990724,93.1814006921243,94.7910283274396,93.8034248450956,94.3184868275878,86.5942198874741,90.8095345620261,85.6016917451927,104.205344640841,94.4250176038754,96.4212924138487,74.9571217262094,83.2141850687301,102.394631669403,96.972816510138,91.8054956853687,96.8253277539959,98.313883239623,98.4416286084886,96.6795582789853,94.6774452578591,96.7363551763292,100.573684119138,89.2894970646464,81.7439174217807,97.4984485946832,97.3675127419913,76.0625910731972,99.9456213198898,99.7546224601954,78.8123212518192,102.456329004514,96.8519159241328,85.0435821137737,98.1037953546352,96.3697202286253,103.064501212702,87.2475924677858,71.901888674061,95.9927691288185,97.2114587716346,83.8787824984552,89.2580317638015,98.3117321047826,99.3075734179422,92.9038851138976,90.8943480698101,90.1897336131929,98.5766637629097,88.5655595447172,97.9969539040042,93.5357911663045,77.1321763407,77.0567666446161,100.355493842371,91.2760350457918,86.5944062081976,89.9824801178297,82.2488391889344,95.1795475122485,90.8895819072739,65.7118733843602,92.5152978782485,92.6109774292268,72.2161523056875
,63.5,73.3141698876698,92.3585370091421,83.8541647877259,90.3951372153388,89.5616951679515,96.309947893121,93.4908444732846,86.8169170623864,91.5371814876453,97.4083550455573,89.4719330176779,92.2468892611221,84.5396308567124,95.6736689033205,96.2221607984313,92.199892964466,98.8815691592322,96.5456325386622,96.6151227294513,90.4057508358233,82.760990841643,79.9400382636591,87.8192821800285,89.425660824415,90.8831850524966,90.8796279600513,83.183429533238,87.4277972667937,82.2562552828758,99.6912740736798,91.2676728845556,93.3959554092637,71.6386761094768,80.206322353001,93.1447261394057,87.837763501484,88.7188236300831,92.7563297987983,93.9569758325995,94.6571611721622,93.5565643153413,91.443087380788,93.8922874236789,97.4021874990501,86.7987849395818,78.738802722984,94.6049873300676,93.5883812984837,72.3843831276743,96.8759536140512,96.013673983337,77.174592516729,98.4891562626497,92.7372635499221,81.5150378529752,94.1645828642186,92.6786224367077,99.0997560483349,82.932309854717,62.3871020123288,91.5641051494047,93.2223562267902,84.774945333116,84.881731404651,94.8278721766599,95.2352929992942,88.9624606050118,86.8120359196453,87.4497210198251,94.8922056248275,84.5190325618503,95.0049462392715,89.6787069085194,72.9153168151356,63.6025236993343,88.3308849097934,88.1022522084581,83.532733088264,86.7056962199324,79.1080914595202,91.7164966664132,87.854910547032,61.1941357048022,90.8556733106373,90.6480100113727,68.622501535287
,64,70.0099970448375,90.6646645441219,82.2850558130874,88.2534226522646,86.711614266371,94.3285162392958,92.1687117198267,84.5857297472655,89.2312673085614,94.1622769745284,87.5650559618198,90.4105061139035,82.6260301552381,92.4792924143321,93.6495412531604,89.8809674932279,97.7070883938136,93.2801586719588,94.376627621516,87.4698793080645,80.3720253237998,77.4089666386928,83.9013492471038,85.1363262478424,88.5314549119582,88.3827847349846,81.4549310824814,84.0958808474936,78.5750244159633,95.5230830298503,88.6785737522255,91.38253106195,68.6083188259743,77.1445385143365,85.986738283488,80.2082094599491,86.6218261012202,90.0240122005139,91.128805175465,91.9023561601712,91.1665707613367,89.2260314056298,90.510195619941,94.1192467455307,83.6992625612056,77.0003794856395,92.7352634754586,91.3632422227117,70.2793977963056,94.2036660900221,92.674164450892,74.6671397104237,94.6012205120519,89.6663793229466,78.7295790159503,90.9090310865843,90.7975231177802,96.9032464380768,80.3999948596143,55.031303190651,88.0229693919227,90.2526475683162,83.2162084616389,81.5692235940262,93.5382961035862,93.3008999963818,87.381169654155,84.3602110270795,85.371480750056,92.5040755195355,81.7457045432063,92.2769743501981,87.2027035011861,70.5913842086391,53.1323895868547,78.9868867124416,86.7835033275655,82.9066007537726,85.7626951781083,78.0376185418856,89.595972496513,86.1174874992623,58.3919602590015,90.248583463243,90.0132631509407,67.3161196857129
,64.5,68.0058175533745,89.9741547790341,83.074853320403,87.3262045290951,86.5621110842217,93.8744804380053,92.1987203476358,83.637460135162,88.4291227969718,93.6703284616876,87.0298330190603,89.7431091564167,81.4650565394329,91.2142410766476,92.5344390218224,89.2651706289578,97.7964102443768,91.8833519112181,93.0095597891293,86.4282330564618,77.4972375746536,75.3429665043918,80.7088680827164,82.7802572616745,87.2721981679338,87.4383266077709,80.4577524897909,82.4224792566895,75.9337999697223,93.2614176069687,87.6366570034538,90.8680767501601,66.3951843144432,74.8126583601104,80.5647908512813,73.7539488650878,85.7162588562444,88.8432009350481,90.3225060603918,90.8024787191534,90.8077502838635,88.8521620264369,89.9898277526065,92.5484863366164,82.2253763155745,76.2001733424843,92.5163194342658,90.512999287648,68.9876499283484,93.2795469237221,91.414367867359,71.993003990855,93.1671002319049,88.8782830177884,77.3352491773651,90.5572364873117,91.6677346710651,96.6416041942107,79.4933007339803,49.5340842679477,87.3779545979978,90.4279792986058,81.6682819840696,80.3216314866143,93.2737192775803,93.5462261609609,88.1591653208604,84.8019824538446,85.5511435392139,91.7140420395774,81.7254351732554,92.2772933011638,87.0731873117668,69.9663678078873,44.5754522402264,72.1460843327073,87.2772618393683,83.5507555170821,86.9243075435859,78.8624732830112,89.8311262252435,86.0024313364854,57.9264019633194,91.0436313454447,90.8677229873497,67.58934281504
,65,67.564051456354,91.0742999140555,84.6315869082505,87.896240544809,87.8202138985282,94.0176139081216,93.5510167205609,84.655793529852,89.4930961225039,94.4723600109817,87.3912366221612,89.7991761692822,81.5064263061115,92.0841882516049,92.0975152208775,89.7652396378926,97.9618037378038,92.5421969448478,92.8342581142542,86.7718878461353,75.3349548954509,74.5853554739861,78.7356004459873,81.5693132747363,87.4110644578082,87.932845230722,80.1235769782732,82.360463791601,74.2417873082777,92.0444452686506,87.5149473411864,90.6560837156019,64.8289641064428,73.7889237306674,76.8053102925064,69.2446682789355,86.2321158616926,88.5785228784443,90.409453535442,90.7020250470305,91.768613737574,89.4630228206186,91.3335079885026,93.1598455678347,83.245731559367,75.577830523004,93.6503146534506,91.4327363862335,67.5877513161081,93.6763210117713,91.1344479445459,70.9709994704619,92.8817059022163,88.7353441793866,76.0319405155662,91.0216598839422,93.2243316223062,97.316947245143,78.6128804192538,49.8855658159248,87.2771770407492,91.52519479338,81.3751373053856,79.2904006504687,92.9888236280046,94.264110794709,88.7022250158761,85.2713566507277,86.1655030324421,91.7994787488162,82.8810301611823,92.9197720418624,87.6856345732028,69.1979916179048,39.264205032829,66.1358353065521,88.4621655930907,84.7613169057443,87.7615539588883,80.296828311094,90.8847326972946,86.5356041647299,56.8745130229677,92.8256764143084,92.5348466892158,67.392195138649
,65.5,67.2292975738897,91.8898554426471,85.820940290404,88.3393640429733,88.1925270857664,94.2445764848014,94.7896862263597,85.9695872523787,90.3004299272582,94.9984196958967,87.6151849850437,90.5004450914805,82.0643237206359,93.6073441523927,92.3763713503879,89.797144831801,98.1850497599817,93.2409491991809,93.5877608749731,86.8796200891936,74.3779221969303,75.2727916130259,78.0987334955134,79.5216381612549,87.5663824640008,88.9518028550735,81.3999852542966,82.4313886335131,72.8045347882567,91.6021268516238,86.8667806427757,90.9137939454165,64.345718957265,73.6504464684745,73.4001229802311,65.3334846976259,86.9819283603754,88.3862996102762,90.2880961299772,90.9657646177543,92.6972364205167,90.6342764320061,91.5617832532241,94.0757958070531,84.6275114601424,76.0110759046574,94.4544128600332,92.9549831171992,67.5203987106795,93.6599223672788,90.7705440353111,70.2282479093456,92.0625066557927,89.0815554909286,75.4305300663123,91.0966202150548,94.7279732147506,98.2634789717486,78.2863187594705,56.1530352072787,86.5146923167088,92.1236300156838,81.9417878905142,78.2306141246868,93.0059077747117,95.0995343976385,89.0627648603031,85.1041847738816,85.9017780763747,92.0956557100358,84.0674343163257,91.9570427048775,88.1828425031276,68.7645997889817,37.48934722716,60.7767515517502,89.7328195104335,86.6110163291607,88.3884178856094,81.2483669183844,91.7055877946345,86.8789733154158,54.5253518961924,93.9412888314887,93.7412571541299,67.3202413534968
,66,68.3813342843575,92.1695635132553,87.3985611530497,88.694493556937,88.3436731330826,93.9519807348852,95.7035575578116,86.3147577278344,90.4760185660364,96.415823031334,87.1993905724132,90.7277324818751,82.0643015523528,94.8034041378005,92.8156106811907,89.6899444978451,99.0700345101416,94.0615506552647,94.8473357338903,87.8548177932803,75.3551280553913,77.6684528823037,77.5673454678299,77.4909448184678,87.4299888110334,89.9729018654687,83.6961070713278,84.0664410232034,74.1165087088723,92.6259550935006,87.5446238553213,92.1395386249758,66.2749119640766,75.667158410203,70.4270420357341,62.4424853592654,87.8674866173337,89.3659692973258,91.8125432664003,91.9396483108953,93.7360708060946,94.7493065551253,92.4875673126971,95.1269631687983,85.9807630651515,78.8236381685811,95.4075593396822,94.8219184186075,71.2787136106995,95.2468261254155,90.9948662617524,70.2732890606528,92.37823169987,91.3155300013257,77.8898939819737,93.0538179260761,97.0535617692933,100.185655518195,81.1538721405061,64.9226949249439,89.0242215715859,93.8403084071426,85.38472557871,80.129789034751,93.8506564198995,96.7929272163535,91.3534147057455,86.3369967748436,86.6977810414041,92.9250672290741,86.0263887857288,92.6634871309107,89.3285737211731,71.3239779316089,39.6187384529688,56.9378624769265,91.5510704168091,88.5001214045242,90.0325736377158,82.4383976554509,92.7937739151816,87.5241398280737,52.3926579776123,94.7480701396194,95.0410329943313,69.5821282456736
,66.5,73.8243055992273,92.3370068459544,88.7058110750318,90.1119221773979,89.2296324225108,94.139404482497,98.0415894306041,87.387772206811,92.1002693510786,98.3667762723755,86.2564521249781,91.4106359077148,83.5974608974821,97.8206745061586,95.1009351512766,92.27423460772,101.514163119257,97.2040242119735,98.4303774340433,92.3224434896281,80.6570206737742,84.4450452086298,78.2977816672797,77.6176795101476,89.8290843176483,93.179823830543,88.121038893474,90.0361278852683,81.3907447748927,96.859400431817,92.0874894638036,95.9989120756891,72.6523839088525,82.6805715270043,68.1756382319851,61.1745368358047,90.3464311900325,93.5330988566689,96.5050146828196,95.324623295257,96.9674523970791,103.778677401301,97.4395222340977,99.3462750242661,89.1105968117984,85.9186968662061,97.8863082474063,99.3886875743876,79.2301280822278,100.768480654043,94.1108391896078,75.2116489176674,95.1389393749296,96.2399863930502,84.3988096413586,96.9293826334376,98.8480356997457,102.659838706546,86.8884202050083,76.7553177241882,94.9889767326131,95.751255279351,90.9425651260483,85.7969128748875,94.5161945607306,98.4070454053895,94.2682802903075,88.0123116731991,89.345007157516,95.5419477126652,87.5762118337409,95.0864002789258,91.8390117581503,76.7304122247238,45.6525045607717,53.2297226348705,92.5808794498921,89.2442958302186,91.4116421589963,83.9908342098354,95.0564221637073,89.4340185543581,48.1412352555519,95.2693422105694,95.5917264429247,74.1682761386958
,67,82.6350765327159,92.4800158727346,89.7742686435561,92.4686203947736,91.091924675924,95.7163873836114,101.622606605826,90.3807177170474,94.6786624394736,100.566283564961,86.1861856375081,93.7739651341521,88.0282316038001,103.480941913527,100.594666377523,97.9682414158146,106.50360827718,102.723239672338,104.612705185089,99.8495576632486,91.0163361329194,96.161866040937,81.7759156654322,79.4393701869351,95.2406341724943,99.3189951920629,96.8202177319799,99.3833163530805,93.73340110664,104.26870239748,100.348157105097,103.003018296646,83.5684458675439,94.2994925934254,66.4460315093316,61.2065172013458,95.0943432334725,99.8345116789512,103.329495685991,101.835977761712,102.739524359845,116.039498810959,104.399190337175,106.889186726113,93.9498032949725,97.3780470476217,102.427248557709,106.559457980562,92.0965096826419,109.480673458464,100.282119853292,85.8031805358214,100.557328096013,104.052468558904,95.7383107690623,102.59542417986,101.825504405525,107.053865470215,95.7998513955097,91.8506954394954,103.328595431193,98.8608305469763,99.0336866959458,95.1902033661331,97.4868742565573,101.086909009848,98.3385920404507,91.634791308129,94.0521098079428,101.376763232521,91.2079591059244,98.7117351590753,96.787143525147,84.9417692032544,54.5242245511567,50.251407512666,95.0205497924928,91.9519765545645,94.8478590720224,86.9316304323486,99.6884735793244,93.9565475237555,45.4077182424492,96.8027727399303,96.9474742926122,82.226785419726
,67.5,94.5358795355976,94.1790164542003,94.0164168807826,97.4770789105962,96.3529613963535,99.9561964676784,107.711828335543,95.3864383823532,99.3092424917299,105.159008800253,89.4597614593099,99.1674489452048,95.4512893198983,111.82446420359,109.530830799928,106.677184778187,115.332832916065,110.751918694562,113.667866420598,110.894362339858,106.410005878996,112.180163966121,88.3626305859884,83.7389224557733,104.25734432048,108.563691021857,110.598214677911,113.436869307036,108.830365762272,116.080224731872,113.582090428486,114.678208230024,99.3598158483378,110.963529688021,66.3279692072171,63.4273202923868,103.260892734548,109.335232103231,114.428498105169,112.663984889712,111.584171179348,133.056281476428,114.309906995646,116.892375580395,101.721630633443,113.79334317025,111.659332588488,116.992903144033,112.046638157015,123.225837954939,110.73935140541,102.358451583332,110.7937809048,117.309636493558,113.377791548774,113.708564558179,110.38771325955,116.828259558471,111.0486106521,110.812788108609,117.939645797369,107.331089777387,112.928636966087,110.718681541517,98.9695710254284,103.336513549214,108.206235293822,101.216023609044,104.188404394425,111.849197750584,100.611624715731,108.156152334546,106.751594619155,101.660808825777,47.1310311649567,31.1537556005275,95.1076609366153,95.2820718045218,103.178547670328,94.5193050590874,108.70799252303,103.877428881733,45.3974714652857,102.750723935244,108.91388324825,97.5691985296216
,68,112.124497750044,100.449681061704,103.962799237456,108.53360857912,108.221513012216,109.871820436025,120.800094431776,106.135098821758,110.493119527074,115.580159804222,97.655016703005,109.395342524927,108.99164456583,126.075070525264,125.296131558327,122.486208846564,130.293199187492,125.554132997322,129.06672406247,129.050291136092,127.272945571003,133.310334217085,99.7628696450925,93.9349721875028,120.25227439189,123.865741929314,130.201931937946,134.87692445548,128.133957348266,134.958846539513,134.013921872393,132.388542954309,121.08717156238,132.986292222249,71.2333587641563,70.6391933444982,117.522133978747,126.418464027133,133.524365384836,130.323336698085,127.339063616204,155.996136096599,132.476672468528,133.141584100929,115.432977936965,135.637091046563,127.824741817637,134.203990055023,137.287309269112,144.590765348376,128.971282788574,123.755389300651,128.61353372524,137.273078998088,136.441744250999,132.90990115089,125.568994437243,133.652333086338,133.576754216692,133.649780630119,140.192285628266,122.928802549336,133.7614498336,133.213693794848,169.559051525906,160.484334530836,128.972290550624,124.636748782307,124.928308540912,132.196919640142,111.72913328759,122.105377437645,127.474355384411,106.493204866697,176.053557642541,175.314330423267,157.66186285705,141.088127139487,132.080118253984,114.75100124494,125.947134138951,122.865938918347,107.454322051284,120.924506994475,79.6792611708825,114.095401838774
,68.5,132.124802760784,111.896785052594,119.336794348806,125.872901191349,126.830489908401,125.864518181751,140.621119713414,124.661150726281,129.184928808315,132.306456324888,111.459636369715,123.963200596955,130.083979563209,147.96475433416,149.302439811822,145.974137250548,151.643945600494,148.001008669364,150.280735387457,152.762403163003,151.01843736494,157.558713346813,115.58148064442,108.86825748448,142.593365392509,146.108287806751,154.653985600864,160.521807475731,150.318499007326,159.391176765673,159.14422825901,155.457127737076,145.227964039309,157.219340351049,80.7475276849282,81.8783974380202,138.096108638231,149.559569868123,157.69510953412,154.837721686346,149.922758523541,179.910061919024,156.94364463248,156.348782596208,135.267772254727,159.590106448647,149.459026578314,157.248289382822,161.844752944248,169.979225437944,154.599710859728,146.596158908721,152.534504499909,161.900816722465,160.842659123304,157.326806051058,147.544928391686,156.532077655549,157.945155639767,158.038533492772,165.224128452681,144.764996110633,157.115128959665,157.986920382054,244.48538310457,223.192910165691,154.284002765239,154.307261951484,151.856592659653,159.922454322102,129.894955944165,142.250369531739,154.194520576016,113.945723883913,302.296047845343,322.55748878774,226.322390045593,192.975911923258,166.823372525881,141.590259413231,150.143684897258,147.570827788274,179.477254400995,145.909996048933,57.9082294051591,134.598730874803
,69,148.758414119271,128.446358994059,140.870349105389,149.210628610528,151.453100047196,147.715264150336,164.746983736017,149.077013704861,153.475098311532,155.61366859187,129.464837396888,140.49812417872,154.8247826821,173.949076029135,177.202741127498,172.720664235745,176.525021788983,174.656406962718,174.90000635916,177.32375998369,174.785520454148,180.97438190015,132.312343864486,124.673934631843,167.356224854325,171.018803513226,180.592016093474,186.156317969055,170.713810303112,185.762630225921,185.850262256869,181.522218711069,168.032638127893,180.48739201472,92.7580192742348,94.9124919777321,162.103501487829,173.623297695461,183.277287781193,182.080582283376,175.597101034186,202.319729861233,182.9460191525,181.943863690349,160.570056777151,182.1356530855,173.491735862814,181.50922787712,184.571085113747,195.552312433659,183.144477181355,169.402821841806,178.725897226024,188.09412541806,184.621700759275,183.849884099123,173.923702914778,182.797960982246,181.039675269325,181.493719595526,189.94749824448,170.907025989848,180.452094935567,181.444494550409,260.374548363525,241.243141792463,178.424584348861,181.412609076139,178.048641432098,186.923586988036,156.731245679635,168.136074284379,179.032187241293,139.270890358883,288.032922006987,312.974918898851,242.230954878542,212.220540576998,190.771854200769,166.068844764504,174.730992695555,172.086969933445,208.753289501658,170.591344134687,89.7738334184446,160.721905197632
,69.5,161.64634097535,146.617245239431,165.876372658211,175.509710804815,177.652542321132,172.747988897772,191.416670855921,175.488067363123,180.676077706499,182.954701283144,146.939402022006,155.339029691785,179.302093066422,199.978024637629,204.376286449126,198.844273573266,201.139625749011,201.516866462198,200.576398503601,201.067193699592,197.162587362991,202.505574004791,146.953532648369,139.21442147573,191.780755185896,195.554093513218,205.29266206957,210.907940448278,188.57602840292,211.836227945611,211.333216105423,207.324520733046,188.886565097268,201.508398523645,105.907893931973,108.214815453983,186.158380563178,197.520934440954,209.259180238239,207.865223171645,200.715762537517,224.14542884217,208.991299719345,206.945865605917,187.863750276218,202.659844605892,197.190041619151,204.900466981264,205.520522400934,220.48211551922,210.869675764117,190.648154949718,204.94496457821,213.357433786978,206.076755531588,211.273704057007,200.124392065055,208.732689314069,204.030742967768,203.575085587516,214.122964196944,197.504690761551,203.224171629956,203.091709895951,284.735020693468,266.16228274639,203.422206007696,209.031653206219,203.426610009434,212.830169704419,182.037646498525,193.846629980137,203.14509955248,161.27675214687,289.736384138572,323.669720953593,265.646928632301,236.579190568345,215.420489495721,191.379746238478,198.017073009354,195.614735887159,246.522480300167,197.261152350789,118.057935337319,184.47764611331
,70,171.606470754041,162.203741718511,189.268379454207,200.119063840801,201.36822437958,197.423027059169,217.587682588421,202.040716460779,207.812556182824,210.802884315406,160.879955128863,167.31335336392,202.362772254886,224.388220820909,230.120684659552,223.577156500309,224.179977225978,226.744513475357,225.11954412923,223.827320716767,216.936892421304,221.967517430154,158.953642933558,151.587700649974,214.115223566974,219.105413628077,227.888022816931,233.065730569557,209.139213481832,235.89386468087,233.789918612354,231.51527788449,207.416380531229,219.535754744166,118.682171214136,120.207426039654,208.147912482979,220.495071226367,233.494068198653,231.477704900934,224.158681975233,243.095549627431,233.621017665945,231.158390521615,213.437978751185,220.421090246242,218.430275415141,226.336676110133,221.394177373535,242.975188556395,235.829270334348,208.115357136872,228.516905050795,235.860280649411,224.320698105412,235.757187358775,224.006535383586,231.748777002257,224.064856683289,222.007907140337,234.864595184724,221.139889198881,222.461357871832,221.305518443203,321.311593693625,300.537465440018,226.367809851121,235.019555457147,227.421250785708,237.475474838703,203.777881385753,216.432191827801,225.848549179163,175.728720769905,325.437138337004,372.660821413043,301.64305404008,267.700333384734,241.049246445101,215.646257251944,220.357518952584,217.313494580684,292.675595186963,222.853127736551,132.827459148154,204.307437181859
,70.5,176.596222953859,174.624700332402,209.526749888358,221.692064898832,221.785745997448,219.321885693976,239.795119431286,225.99166309924,231.358192198769,235.321953594862,171.055619565798,175.547374268873,222.083439612895,245.624765607343,252.050982197936,244.95058892813,244.060905730943,248.265319796513,245.655283440832,243.080579644147,233.844966505879,238.315759855001,166.809623863486,160.524302065968,232.95266513461,239.16134813677,246.57344771452,251.2575367324,230.483576049393,255.182072138019,253.228198276989,253.0813992883,222.357524524932,234.82115057388,129.093744931974,129.580304733927,227.057800457561,239.515547552218,253.531510568794,252.062517169079,244.005431741627,258.556378724746,254.086351469736,252.798651589074,235.971122255967,235.278873680798,236.023343048303,243.610391890626,233.191291829381,260.916682501771,256.18531598255,225.326437644687,247.861278391468,254.477632446811,239.911824670406,254.885042368476,244.56333439305,251.051037973141,239.003267086482,236.64785134219,251.091947602513,240.794208380998,236.800093190663,235.303894122127,229.259591169055,235.126755148797,238.133273439299,244.314991712058,241.704069289415,253.317618109581,231.718681709962,241.868447914866,237.196824252933,224.115854335905,86.7689912385246,102.046917443753,221.429309561021,221.587770281833,235.708669471431,225.297671360558,236.349367264589,231.364619778977,229.35591268055,234.849207054989,240.430023060434,232.102822616832
,71,179.762830129523,184.917243716301,227.778810299852,242.081030161071,240.022648670977,239.84227117213,259.966995050172,246.39436807093,251.795649457132,257.471153100968,177.811843302935,181.695978462454,238.580639374867,264.196111246948,270.162107054249,263.565169910204,261.569944053239,266.792464115126,265.174214752803,260.864921763363,247.201799775522,253.974486454067,171.252402715117,166.540008311096,250.038397185692,256.708228980718,263.200792652245,268.34852242444,249.454203297058,272.291041181559,271.314840917266,272.695462721314,236.650049013733,249.489791247012,137.254156540094,136.769276327446,243.661324289064,255.859399867211,270.84363150725,269.485027944731,260.803128747046,274.210012134245,271.984762509445,272.032453361281,256.578603593976,250.231428144294,251.789112872767,258.433992587942,246.036870131038,277.425055268959,273.959270333962,245.448451510754,265.17282425108,270.727435333552,254.978675096672,272.01921295579,261.719241851631,267.646085457446,253.073673855224,250.998691928051,266.403812796497,257.768661085308,250.238678536482,248.166144109337,135.844033427269,166.766658855166,247.929091571954,250.399435293379,252.778011988893,265.681951106096,255.652466295622,264.20945074458,246.16531774689,271.403162893126,-150.383801018459,-169.943543438417,138.176202165282,172.133342149977,226.991738380453,231.512003345476,248.25144220936,242.427006127307,159.377997042566,243.579992261857,344.330113430452,257.781271487004
,71.5,184.310762519074,192.044346170578,243.539479726042,259.862976991272,255.567236424875,257.558291289346,279.129071357972,264.636292222235,270.069661412458,277.838729339983,182.329908528834,187.121992426713,253.940100387049,281.399802950968,287.040885605319,280.945254305053,278.104572943509,283.415417306164,284.461140005674,279.577445469408,258.434289553573,270.991962055415,174.69543421868,170.551565592047,266.565619406624,274.116266579531,280.322632491883,286.281092432227,270.151967314697,289.54149992555,288.860132856102,291.410997675308,252.370735666521,265.064430025104,143.413385560609,141.87455204013,258.710131457079,272.5005319674,287.494976641675,285.678688144987,276.619681981425,290.632056943179,289.980230844831,291.161927643695,275.587389095771,266.456926905906,267.71550253114,273.723531974505,260.640571971608,295.127888875413,290.780327512408,266.219274431867,282.651649787074,287.399145272793,271.541512167564,290.136796922587,278.6184236514,284.136869512462,269.474303459609,266.755944668661,283.806864710816,274.752824896086,265.172442181389,262.674708567609,167.286509956211,194.266046343968,265.297490135556,268.754637563597,270.508690912367,284.207499340312,269.765655999486,280.13919967474,263.574597869007,281.879048488115,-112.419851855232,-125.329279077096,167.754628790221,195.38540219086,245.848513330033,247.616936460745,263.384851930543,257.579012840855,189.124054433435,261.227538095998,351.066907219019,273.011003490478
,72,190.45523775966,198.29674842424,259.234608270428,276.969758972316,271.429972374066,274.237661897692,299.1266557008,284.298627010567,288.620851004964,297.64475448943,187.716783932706,193.854968244992,270.941640544157,300.808063534856,306.389885593532,299.828442584077,296.119658493531,301.186453800944,304.492967529353,300.451072681577,272.795149215954,290.717597253206,178.537334148568,174.419958774232,284.661295293836,293.151559825619,299.406041012093,306.300111172712,293.802202525368,308.282146279485,309.015536446143,312.504769136846,270.131849671413,283.24796618413,147.22829857295,144.99010431605,275.764835228041,291.260110687662,306.227072747509,305.031901389259,294.351687508724,308.64222227852,310.460716432945,312.435544488654,294.481019086308,285.280749903125,285.736625626014,291.056491844212,277.061255280111,314.800909827896,309.474047857357,288.70528618908,302.012327827492,307.192865289887,291.021177525299,309.599620842664,298.446577622301,303.594909272462,286.785089279069,285.052762672917,303.21900232288,294.188749416352,281.545652453871,279.529180241159,184.435366697685,211.49072557261,283.824993458722,288.145105751339,291.086830304907,305.543744733122,287.978559417001,299.315280399194,282.869489465116,299.317750984542,-110.276185974962,-122.343736649016,184.836418389135,211.543134013496,264.359302536571,264.604960519934,281.016539572038,274.900080382077,206.606943249292,279.621643062237,371.08144266053,292.105944748477
,72.5,199.350489571405,208.68626744314,278.837545465253,298.465922285509,292.006769779168,294.800068170879,323.38628283139,307.182675450672,310.538640375985,320.412942735516,196.614846174754,203.615213328004,291.504398592495,325.085344049311,330.202635734406,322.751186703991,317.696423071977,323.940567908438,329.069149337045,325.058261210304,291.931152285205,314.375419291018,183.873216291018,180.209816680805,306.79242776627,315.776133158009,321.901672537518,330.043703147911,317.863316124687,330.449326074161,334.308716769528,337.355292421122,291.097795223922,304.689409705781,149.586690917776,147.263518800327,297.397736494563,313.505939829689,329.247670159564,328.30532465173,315.531085003875,330.681542792127,335.553581396741,337.339640180423,316.960357703383,307.941631583699,307.394301510901,312.157380007263,299.128292746031,337.831647014634,333.418343955773,315.645087023578,325.196357096061,330.591375061856,311.448771743129,332.889362655305,321.344422259087,327.153833244431,307.294471872162,307.079728965437,326.639536350686,317.673134984755,301.774045458815,300.052778535689,197.252329680079,225.738327676531,305.864910951327,310.022598511988,314.260224312968,330.027471126812,309.86962539296,322.307143101582,304.515047311714,322.484713451555,-126.399618426224,-140.925023588894,197.079914507669,226.561393687284,283.775854318119,284.544153416918,300.8433062238,295.168426873532,219.929320605757,301.095854473267,400.25649208677,314.551277994084
,73,212.119320900197,222.754220890587,300.864208342101,322.397236893991,315.14669920501,317.607563362821,350.794021528007,332.359590359162,334.744285486487,346.111558162685,209.439574381493,217.35759155346,314.752184136535,352.217381816437,356.94515259934,348.795508200204,342.589098935991,350.312297556038,356.452072888618,351.860158740768,313.753660059287,340.485085982366,192.467323197973,188.51256286107,331.33794160112,342.03938679014,348.089048122179,357.193225254804,342.967675744681,356.124676495691,362.013432068993,364.42559603747,312.366623490469,328.510139966678,152.111751457784,150.164573368827,322.268156476996,339.217271078516,355.23035274358,354.354269499319,339.836995297639,356.297120626953,364.144348352304,364.99484809351,342.555678038848,332.993262942895,332.061451818527,336.956184024861,326.194663227958,365.052159440488,361.278909953554,343.821680629651,351.698762981321,357.209991664653,332.311473259915,361.101519857432,347.076812775101,353.685156776656,332.086226832097,331.555570061024,354.291577675891,344.336095213756,325.643072614489,323.669672265704,275.60071327212,291.132443940247,334.55481634477,341.399216879965,342.634363420904,359.696128026848,329.339516127829,344.645424383909,332.800499002454,329.097385031573,-6.35696934333168,-1.32287960724886,267.797607644397,281.153030346147,319.309422041533,312.272659261678,325.320906813325,320.141376894354,286.914591335422,329.830104437862,384.35693259329,333.752622420739
,73.5,229.45228373184,240.892701015982,323.628797519406,345.533732126177,338.429491611153,340.101317209241,378.447288890967,358.58450662465,359.656002746411,372.094559054813,227.785965275949,235.70952830911,338.030253182919,379.701429581009,384.518167844154,375.25800318746,368.472929313631,376.925921228964,382.770678089532,377.867308305235,341.931565313265,366.797088977032,206.561614331109,201.491389617783,356.188362557154,368.497124081729,374.935216725462,385.151078686299,370.02422365968,382.813921293039,390.018212198968,391.921195719322,331.910653886526,352.881416666872,157.409783127303,155.663824905121,347.664868318215,366.16339723081,382.416623448838,381.485624679626,365.063458610665,382.805255155444,393.283583967386,392.527338897598,367.826994313241,358.23132305257,356.815704580556,362.146755552134,353.412186641406,392.991347374243,388.818928072377,369.829289634328,378.222120760708,384.942112619027,354.780753317085,389.923887847906,373.201946152455,380.829118972249,357.519262504835,356.62506233135,381.920268220709,370.986608490329,350.275108587559,348.358044178249,354.873041901831,358.3740352772,363.515190632404,374.154506841535,371.319380037622,389.242740169675,350.177076328274,367.27359752474,361.234856302654,335.643146541122,114.202015308748,140.529373729837,339.070356331516,336.667089563828,355.95437415293,340.476034936559,351.878489926478,346.274696797155,355.850664638588,359.108740724333,368.45256386319,353.171745453887
,74,252.705389097542,266.165018992507,345.778024587285,367.926979328057,361.203829690893,362.712638945253,403.704715266557,382.638754778878,383.915212924027,396.371960056494,253.743806335376,260.837118954996,359.216465245198,405.572945056499,410.959267990476,399.799827381856,392.822523997676,402.822995384932,406.500433017929,401.699182009826,373.71324460674,390.87830034572,228.176431606124,223.063326060565,379.783744877712,392.675566325599,399.105880071882,410.677347707558,394.896474044637,407.580009069974,416.254375993718,417.320049637355,350.396566749525,375.492181649373,169.341470899802,168.193643997022,372.099525927094,391.438926014544,408.611157886317,407.025804702648,389.159873866262,408.598031742775,419.595248141857,417.324322385048,390.770897792922,381.947874785418,379.448899555012,385.36297186763,378.388750834209,418.17857295356,414.489061406165,393.313068531204,402.415267416679,410.139646818082,375.258689288863,416.006970779722,396.204689362142,405.447321398756,380.770324648598,380.307383927747,406.51339695178,394.623889226972,374.273947805781,373.054212216259,370.176526552066,377.059972373012,386.911699207224,398.021990909472,394.237922364082,412.73325125566,374.463503048471,392.123162491507,383.540885146649,359.755837088306,102.931687751751,130.064344705567,352.259852523565,353.799618451689,376.443648719892,361.846439964515,375.512763666427,369.117228358367,371.558881799629,381.797285816466,397.454626366558,375.799885713861
,74.5,283.139925561668,299.480917581437,363.012915522085,386.539155911477,380.123240150788,381.828069043564,421.476470109911,399.204170350306,402.913718238185,415.619729660208,287.666042892877,295.047346164619,375.476642599833,425.166174494326,431.334736919609,419.241845099635,412.97043491763,424.294162719801,424.98107468665,419.813671225817,398.49941089533,408.249604185443,259.438844065408,254.346647379651,398.145052702853,411.990182381839,417.484813826594,430.057206421544,414.524268740596,427.525293527201,436.379577444843,436.327105153341,365.322974086551,394.248358282079,192.58819391373,192.552752591544,391.94453776453,412.234196688939,428.92613228791,426.413273401122,409.509337191931,430.342081624022,438.960622429524,436.441080043936,409.51515536087,401.029491803264,398.269771254594,405.430166227114,399.017567122966,438.507947723802,435.122753426912,411.328903646275,421.898434195811,429.956702061564,391.02188519862,437.210125422447,413.432093673277,424.628607565994,400.155542064279,399.031501974065,426.470444986794,412.832314277455,396.651733424448,394.994297194375,389.896453373998,397.951443740536,405.633152495803,416.103974878377,410.986137334933,429.836426383734,393.783821606315,412.227328989014,402.448985473463,377.199500183834,117.899192814535,150.715307002816,368.299623445714,370.557818325058,392.874416270796,378.958628217804,394.626208717305,387.395121238015,387.886179464127,399.521475062791,414.832844020241,392.006750366471
,75,320.994800199079,340.184144257224,373.2839055345,397.686989033074,392.331359403833,393.82983636785,428.231057820915,405.34231148762,413.783012781103,426.777365836612,330.247410173828,338.49866626262,384.067710894815,435.573277255483,442.302138402418,430.647114574632,426.379416310801,437.058685617756,434.380675367974,428.906847387158,413.954425117817,416.537022623022,301.804549771991,295.612425241931,408.605137362411,423.252477155328,427.518436735454,440.800964568125,426.947213687257,440.353167394779,446.615097196904,445.956882915421,374.000774142148,407.313845724182,230.012248627686,230.576765225207,402.90622340723,425.305107954073,439.884859641535,437.28879026457,423.636186993749,445.153896349435,448.231138847224,446.274460615967,420.847202304064,412.643684728025,410.568953856484,419.344624830871,411.472858833541,451.01171589208,445.743565057678,420.092875596322,434.189992417175,442.141012661867,404.741575798342,450.270064461308,423.437015307313,436.504868895059,412.554199109658,410.488455419678,438.28539452471,423.088085995984,413.980995181295,411.467974459163,403.601813493773,413.190747855865,415.403106408134,426.137427038899,418.74380370005,437.519417979679,406.369219979192,425.218918559432,414.491409535115,387.66376718196,144.793880431479,186.137357474574,378.552829883577,380.561833669276,402.096923255729,388.048739454829,406.832601687309,397.884961679527,396.764677598502,409.125597432679,423.366980437161,400.0873535413
,75.5,366.370454552126,388.871921537108,378.650901459292,403.22831934221,399.059442370431,400.857611768621,425.39736199203,402.457259805308,418.891372492862,431.936226243507,381.47953406365,390.830195132903,385.488625249374,438.488058806296,445.9487702781,434.029952048774,433.06928119458,442.715565084122,437.298485870511,431.457462967044,422.485868109132,418.706339636255,355.281174143752,348.476150780786,412.547939108687,426.935819646554,429.271982180351,442.437393765044,432.357264032258,446.73886455314,448.402416905132,447.472894577068,382.225409821375,415.005159109257,282.72155145243,283.683880486631,406.265698829992,430.618166626809,443.329550580228,440.472636443847,431.493756296728,453.641386086274,447.867232829957,446.487129941489,424.825588398787,417.477808602853,417.619463088755,426.952606318274,415.638451955501,455.565168833737,447.341809443664,420.682703944558,439.938720618976,447.440674405703,415.900094101895,454.707430748496,428.536358791509,443.17170262041,418.057278417153,416.406676830663,441.829891077572,426.04269322896,427.256526248693,424.161880450227,412.592564171433,423.578915652439,417.690266762349,428.745963904882,419.668171146107,437.400976212071,413.46257911084,432.902926310611,420.711837421124,393.200223384252,189.445435213329,240.059531102076,385.845703326482,386.352125308059,405.73819541806,390.910314556955,411.901844996152,401.785028431179,400.545311007789,412.661563015302,424.064816801363,400.933502754286
,76,419.906976182903,446.935211416762,382.155171457457,406.88885084522,403.957944554018,406.412602982926,417.024127691665,394.926640517547,421.992676612692,435.678917980571,442.633924255205,454.597435760004,385.182811878786,438.849644265173,446.486416846762,433.9982094205,437.161656831856,447.163480172082,439.21877603727,433.477265032639,426.900939548646,419.508993657872,422.235005313598,415.450686068095,414.712077494138,428.940809701958,428.146390552724,440.137351881923,435.913438215088,451.646588810886,447.988252910536,446.942126420638,395.521212599809,423.183876089581,354.890422476177,356.914681115072,408.520906607657,433.85930534776,444.981108789824,441.36011526672,438.673324785519,461.884692102177,444.583682513874,444.362513958443,428.176017295923,420.734292088704,425.835794276511,435.632113776101,418.579590445752,458.933488587533,446.547727066048,419.450457294956,445.641026684148,452.760458432001,424.832665060859,457.422949606499,435.59918617886,451.372028759781,423.189799343406,422.351705536362,444.96732106454,428.867671741045,443.50938570076,439.044548892549,423.937226519758,435.01724908966,419.5052361186,429.030973191945,419.742024334077,436.603191085526,420.939070216865,441.60557444942,429.165835409707,400.017730005803,256.329129148363,316.631742434021,395.443306227948,393.832802898729,408.984647010838,393.486300706037,415.244871439869,404.656202440662,403.518591997598,416.691488959613,424.808135731172,400.798407093245
,76.5,484.700142303825,516.898752677542,388.606841988905,413.674817223588,412.660170468627,415.437000008074,410.053392536239,389.255283451819,427.746725392513,442.94103620295,515.529034354916,530.939647511575,388.551335601725,442.442767470832,449.516840216202,437.821590650674,445.373352486552,455.239551707973,445.548842753806,439.228276388901,432.454389664071,423.774374441169,503.814221785361,496.196839321497,420.05315558485,435.200794391353,430.543459046522,440.92516922209,443.494861828369,460.830735741827,450.437821832481,449.367975163872,412.79449966282,436.328201243454,446.425598219664,449.065693641673,413.491045507147,439.877192908876,449.846399434237,446.217571851598,450.708479533656,474.910609940205,445.173969116819,445.33995918835,435.665443870717,427.641328719205,438.382438167828,449.096623796396,425.672260447759,467.573182953449,448.729282539956,421.160806850723,456.357163101686,462.81348138558,437.156308599869,464.316231811075,446.948630842883,464.776065540141,432.098817740202,431.851428737686,452.224439409187,435.787604289241,465.430068099412,458.648499136843,437.619644807936,449.67062594753,423.87216456856,432.651871949773,422.503603901599,439.603519679766,431.64416224916,453.14856826828,441.590007480031,410.807581770054,336.553797259297,406.517559923684,406.589004098593,404.885408653734,416.301278837708,400.184397118024,422.404699158183,411.038255151247,409.171594961216,424.143742701361,428.792417694405,403.699782892147
,77,548.828550825673,585.209730349205,395.787934657553,421.062490710424,422.46544326324,425.671339018992,404.264548138127,384.647627568962,433.85206195295,449.830336608845,584.72544028849,601.671166916277,390.48204484941,445.804016770164,452.574396577898,441.369921746321,453.534232429674,463.004457690615,452.128673400631,444.298891417867,437.047741769106,428.592668887509,582.153747979312,573.749759707544,424.456072912706,440.346609939181,432.641385734986,441.255069441222,450.100147359205,468.856109133,451.213407656632,449.657956454166,427.407498957053,447.123983563151,536.186551517905,538.164317973838,414.907533528362,442.613796021907,453.834439918854,450.661303597991,461.386343043683,486.316863501776,444.539328313846,443.603347278657,441.510954707261,433.550380682234,446.87083673859,458.685405418454,430.577501789337,474.202582629323,448.814308291916,420.846159180174,464.440888400871,469.508015140048,445.903514608675,469.069392066532,454.106587913264,474.558592532167,438.347625628614,438.688034584653,455.739462958689,439.03504483038,482.705795214022,475.117598127003,443.772121131241,458.934435478884,424.978148662275,434.612982706324,423.814608953841,440.412967374846,437.854550136029,460.038436820591,448.570344915229,417.680704749653,409.546230481663,485.380636050963,411.43608604931,411.834188842994,421.85944922342,405.164543587334,427.439796253545,415.515336132412,412.700126958235,427.85211232724,428.521098821378,403.730143364617
,77.5,589.935467239025,628.182659612075,394.325492365413,420.068366353676,423.456927502287,427.159702867967,393.637615960441,375.427561113307,431.988422962688,447.655403303185,626.815914794532,644.416862061594,383.973055627834,440.334666127031,447.52544392915,435.638337716331,451.970729647723,461.906391221185,449.916793647351,441.150790379689,433.190779278313,426.051850220753,632.81923737903,624.488007793363,419.631185560806,436.264955455537,426.098213886924,433.554365303853,447.478852004893,466.761979132905,443.67400894848,441.104392250988,431.673715071926,447.224505231675,599.196355633147,600.055582839398,407.735622045186,435.575830602041,449.488203608439,446.899310419941,461.437384694699,486.738036510054,435.386014634585,433.506146066025,437.4615815498,430.465814210576,443.257472166683,456.358969957514,425.683970538382,470.560874533127,440.592059806082,412.17887674039,461.442589562417,465.41653317112,441.796927575371,464.019380032513,449.613308166324,471.989249442243,434.949450947553,435.57093145704,448.879700308031,431.935002999391,486.405368159794,478.700589895067,437.570784822402,454.996472603831,417.672761442041,427.703695797776,417.729067454224,432.950408788934,433.395435359132,455.233833446256,445.053385713644,414.204056270404,458.194121789567,534.603850881716,405.01509959128,408.479999313901,418.302714097066,401.697982651418,422.867442386204,411.079849617033,408.150200714088,421.883019021771,418.99248474584,395.626013823306
,78,597.873926620462,635.877119383627,380.452573037084,406.123242373556,411.515100740953,415.233531203424,375.380791571252,358.632717219664,417.468553461347,431.859961032891,632.731903086863,649.907694761427,367.504201287426,422.855845384402,430.090654104349,418.629102526767,436.82676910423,446.759127680329,435.021682062556,425.479728459391,417.526657030744,411.009518884152,644.592572729622,636.404290769559,402.295104100722,419.760928200311,408.365825779224,415.403984100234,431.591462039717,450.865147838568,424.692828781333,421.304582604146,419.531599407164,432.803767305409,622.771660108078,621.66809441605,389.17343114068,416.346347267663,432.962480651093,431.148527816351,447.226516147578,471.570571249619,416.166438752795,413.706553037727,420.957445455287,415.453773950773,424.397420110946,438.948901655739,408.916287709846,453.587157239979,421.592555412023,392.98063714456,444.003953350478,447.103376217776,423.013166199664,445.983729675589,428.672589054416,453.159476608985,418.387614381049,418.672754161319,429.562385638165,412.638815879771,472.307928520628,464.438669072147,415.556951405929,434.704922399507,398.911155527184,409.045876147133,399.947300522678,414.387588496136,415.328523283909,434.840864909301,426.876548740393,396.666814725806,468.436698557031,540.915560208302,382.421898702392,390.224467250677,401.355658871548,387.219626908727,406.320243085324,394.680627153102,391.330748961059,403.377384372637,397.814730445499,376.539616079553
,78.5,564.6998038275,598.530057696613,348.550121958791,373.857217850467,380.967796361522,384.789403118371,343.729729437378,328.082901430649,383.326658197346,394.857822164021,591.558030517903,605.975036833959,333.766325743875,385.617991806115,393.361307023503,383.537719324179,401.253574341567,409.727273516092,399.621365049554,388.604349648686,380.979313302744,375.906133508726,604.648157731679,596.917613139503,365.171620874519,382.530288422387,372.447752276218,379.16241175888,394.359690273052,412.182567261361,385.464001189413,381.245759568512,381.77909939792,394.93034685953,590.434974664304,586.403886557797,349.8977092742,375.715384639977,394.948357434714,394.737770060326,410.496158041346,431.327979090534,377.89943395192,374.732933370117,383.388482501977,380.368676619118,380.970519096201,396.59186907503,371.639391369831,413.810543307625,383.134389792334,355.347298239219,402.954782669125,404.149307959389,382.852127215434,406.396178138411,381.246888027859,407.758622772339,379.783047083691,378.821536954667,387.496083086819,371.543344391185,428.843244908191,422.867772979857,365.795949656733,387.780262898624,358.975778376887,370.236065740639,361.896862527633,374.89039315464,373.574768969322,389.5784474379,382.224052141491,355.6649997973,425.758006301246,487.752581474327,334.52798770199,347.572419185711,362.61908783436,352.898027716573,369.298875077437,358.267959749774,353.822853316341,361.935986482521,355.275491628245,337.529098933952
,79,478.270648541535,504.192708476676,291.726042101749,315.536599606519,323.17995748662,326.993311159304,291.175078121991,276.895885020114,322.553026402806,330.054215077524,492.222967668203,502.214661729567,276.331942600653,321.695688306657,329.802499462856,321.515842679994,337.406351758014,343.429710956539,335.743931995878,324.448204390511,317.773505363812,314.988293872865,503.062884396272,496.377224836238,302.421279382341,317.98210904936,311.129205598786,317.545901512043,329.314539184699,343.584654410272,320.135369742182,315.02949685654,316.07497365722,328.109233987832,493.180347524747,486.538923026186,286.642507604584,309.32494666554,329.305695353768,330.679530567442,343.401659500684,359.298413554848,313.524981301012,310.500184632639,318.64311861128,318.103959599314,310.009198052227,325.005025066736,307.802215479752,344.142171225594,318.673204072889,293.875375296552,332.71368751417,332.319511328215,315.888764019916,338.486333811863,307.692119421678,332.682206300453,314.261080142483,312.20375531293,318.116892249935,304.199209844097,351.708978934983,348.641389357006,290.713685200309,312.61431195704,295.122905580665,306.125574846654,300.277386490295,310.38788928539,305.184495749103,317.375144443019,310.43041553339,289.182163278521,337.540405444305,384.019016029397,265.158584801955,280.688054262451,298.691626210391,293.108453994475,305.991748153815,296.793361376581,292.620248735259,295.021357871935,289.199732458697,275.958823167429
,79.5,356.907533143715,374.571456387247,221.890668214707,241.793284754289,248.955543676974,252.010954377005,227.129800289468,214.629232686584,247.486155968976,251.916621297914,360.945043174843,367.575684235781,209.615692552988,245.273063271507,252.878589321982,246.471852384817,258.284876590903,261.863375331089,257.638541321688,248.626366569209,243.494183410894,241.714319564342,367.975357450322,362.813562059305,228.977278433052,241.578403255497,238.166584155066,244.058357509734,251.177191324648,261.556872230708,244.036689928496,239.435259509216,239.186562308032,248.90176194787,361.663373028094,354.072423794172,215.892973719281,233.61450881585,251.662305628938,253.718623036865,261.433749947627,272.540547146246,239.036897983924,237.439650082406,242.415589412358,242.953307591148,230.825305743284,243.283199918824,233.668488851144,262.353263547429,243.752865421881,223.44304994742,251.556654283571,251.023066865152,239.900369030868,258.776041033192,228.943092926683,249.024670727438,238.310964212234,236.015890808105,240.52418917206,229.255371208499,262.892726240852,261.209379651058,213.289770443549,231.035947344054,223.982479322372,233.610198776568,229.949280306442,237.922256950897,229.30172955874,237.718642344161,232.114560481216,216.04765489463,236.090739776785,267.276176904511,194.178003957617,208.369315032253,225.842872780775,223.563935740389,232.76493520527,225.357380540358,224.25183140235,222.04057841487,217.787361960931,208.716810175638
,80,239.329760855729,250.367271547691,158.404603051859,173.171191679689,179.426500855306,181.720270445299,167.916428283776,157.523700702604,177.633446455981,180.407293441917,237.29693917707,241.456163088611,150.412613160819,176.165514396452,182.566578722559,178.461579162859,184.944499010731,186.734943907501,186.511655216077,179.779191548695,176.239368089386,174.789625090121,239.997619754831,237.066199168061,163.30757730687,172.591454589639,172.26707807367,177.254424632218,179.392931955745,186.385669546805,175.782106290222,172.438297823342,169.618877888356,176.66215550016,235.703179155227,228.920297987519,152.995120061642,165.978576176148,181.034905582902,183.045508573912,186.199681677847,192.779735751908,173.012535789324,172.525572054025,173.944954804856,174.546321972053,161.597178757925,170.10057347838,167.083918014609,187.987749856635,176.226415461232,160.753867380705,178.62649145054,178.417270234394,171.714451387196,186.375181123969,160.462471643171,175.486734469646,169.654643656219,167.471736713997,171.730712768488,163.474813397448,182.87503570377,182.516362810191,146.587768519922,159.952028038426,160.38806095031,168.642700897857,166.271015359126,172.851987520582,161.962522322105,167.259473173679,162.239943445857,151.277770024975,145.009773016671,163.253330987304,132.899270062294,144.736538044192,160.570692639524,161.110116482748,166.922714708305,160.809730667457,163.448931805096,157.432256855438,155.429894660394,149.116459756741
,80.5,142.103049173341,147.383632468678,106.430103121931,116.802553074434,121.75255237466,123.543063233953,118.581820802621,110.353101383446,119.765287162649,121.375518805077,135.295994804832,137.241246438106,101.581525957123,119.229527541991,124.287396686237,121.942979535824,124.45349262597,125.202059955683,127.332660403721,122.819269277613,120.399335768638,119.790592122423,135.188765847709,133.708391832981,109.952221929738,116.211754613894,117.964643455157,122.186210600727,120.546779644093,124.203829227354,119.883778114341,117.528019413447,112.642620005553,117.636559674925,131.585989401183,126.28464248619,101.833328863101,110.756778017045,122.340508468235,124.148556531476,124.155940154956,127.308202066728,118.662133920738,118.828179954534,117.486114740612,117.640710623719,105.778357104875,110.907412491691,112.102559181859,126.468709083932,120.199587788667,109.46975161872,118.963306691662,118.807555504956,115.073464211285,126.185793047568,105.6165294904,115.796763007534,113.086098869506,111.315783886939,114.765577769532,109.740765548887,117.060920537108,118.414364967319,92.8975723661857,102.672248549008,108.189092733595,114.467106714464,113.831850031149,118.400999922845,106.670736776032,110.487865559564,105.648212395995,98.8329565483596,74.0586059774932,82.5746359536857,84.9785540299262,94.092565918261,107.4084848109,108.936720379882,112.433840613069,107.802510369476,113.594374741548,104.63330639294,104.723875768744,100.595881882309
,81,70.7941938942461,72.9473087358283,68.9053699258381,75.5205987604547,78.8107450711628,79.9059163857158,82.1515701434889,75.564369898041,78.0963212134322,79.4760154149841,63.3750629501961,63.9275696439803,66.7782905408634,78.7191878328904,82.3570249897575,80.8783418072458,80.9067914712992,80.951426290115,84.5080963015907,82.4191278532289,80.6595281352371,80.6071275963111,62.051479891833,61.0028065668985,72.3954978613738,76.4105052062335,78.7763450460242,82.5224118809494,79.0814163345298,80.4789801342795,80.2197396055944,79.0490823526498,73.0476929943684,76.4492346269294,59.639181374768,56.3788467259362,67.1162178462396,72.9901763466802,80.7707321414345,82.0164932993614,79.5188259249136,81.2166011801083,80.3487800826646,81.1819991758003,77.3873837867654,76.921693643718,67.8904624876569,70.2900326148516,73.7139484219449,83.3880343916933,80.5345596635042,73.5300036720037,77.8365711010094,78.0355534361884,75.871454397213,83.1467026094987,70.3182531142206,75.1665139039188,73.7713027868224,72.8733186143978,75.9799333586821,72.8388907992541,72.433343990381,73.856025594297,59.0302917162172,64.546647946603,72.5634918789418,76.6846871886725,77.6543025238673,80.6101539897734,69.309055328887,72.3270530243278,68.3957026535832,64.3460246865678,32.0075613850897,35.1275388047304,55.6774302839402,61.4335727362603,71.1724474800004,72.2359890485416,74.0899318100558,70.6947201588823,79.8458799035704,69.2436988404216,70.7870125321928,68.3598890922797
,81.5,33.2632272155386,34.8443299969275,49.4815793457558,53.2647321739422,55.1422444716964,55.5881902053879,61.8140761060322,56.7848179298163,56.0884029625051,57.7208480857037,28.8505592845708,29.3604404591094,49.3405669972437,57.8447120243237,60.4883855954724,59.6683076987302,58.0343751568324,58.136661446739,62.3324868264877,61.8719324081111,59.9845898955205,60.0639126244162,27.4118101224477,27.2243069377156,53.372974993228,55.9992171143343,58.4746490098674,61.7429602838232,57.6090669702189,58.2707189482228,60.2273290878341,60.1793484342474,53.587187303184,55.5292423912601,26.0610934195745,25.0827759830661,50.1403940828067,54.2687561133221,59.9016414548346,60.1554920694766,56.3940556419377,57.8366499557614,61.3008973786989,62.3667045400514,57.024439586576,56.5239037233205,49.9033077724368,50.4841810128628,54.6670139014832,61.6161241195859,60.283572467485,55.2931106983777,57.4549596941765,58.2930745617828,56.307930688846,60.6242741793257,54.1462136310927,55.8098182840394,54.1257587806568,53.7209813369539,57.1350791735578,54.9845364242686,51.7622919250842,52.3658468867392,44.802529175724,46.6639731192986,54.7280009294433,58.0211175667673,59.3368791206663,61.3944992722116,51.6925438007389,53.69234288528,51.123284489062,48.2149987668942,17.3683655179186,18.1658529883726,43.0517551498529,46.1014219548306,53.5587288978384,54.1295520082211,54.6063883359425,51.4861479938394,63.8466730184421,52.556883104961,54.5283880754101,52.7230200602657
,82,22.0943544372534,23.8063194746979,41.7773064540888,44.5558262068867,45.5812680020322,45.6955550085221,52.4258743481311,48.4504228257663,46.9902147392917,48.269217578738,19.7041923456906,19.9186231270361,41.9479507758642,48.7288653644213,51.101960424818,50.5628640223486,48.4309742150616,49.5350216620595,52.7238117057885,52.3970562922132,51.0684114304044,50.9413753818194,18.7378530870931,19.0580620587916,45.0954013941245,47.1407304468188,49.1591916511618,52.3539798915381,48.308132905775,48.4913103047853,51.6191471676146,51.6058998393999,45.6571355691369,46.6051362425869,17.7127964976177,17.9709383100681,42.3805152672819,45.8761796548681,50.5563092264196,50.1671128057622,46.9315417289754,48.1467422214869,52.4873576194355,53.4315803093327,47.8520493309896,48.1877635380597,41.9650330858726,41.9768837217254,46.0236226154691,51.5045224508756,50.7656355502286,46.9251203039341,48.4255763699967,49.0469750942887,46.7939154829438,49.8812740647011,45.4222095614561,46.9350827567378,45.5300459803051,44.8300015461572,47.638516485909,46.6028965602753,42.8993954078422,43.6976375915339,37.738647339212,38.1878605136591,45.6540550711435,48.4557377911444,49.8830919956184,51.0061940421383,43.5324951732892,44.7196711107151,42.9311058632978,40.5619597755307,14.6388734982116,14.584891096862,36.5263866486113,38.9928299152222,44.9775522770562,45.6335981286058,44.9322504623125,42.449704001385,55.9344433256631,44.3569259991309,46.2157426048283,44.2886098085959
,82.5,18.9037543849794,20.5563731280491,36.0245038212777,38.7180045718328,39.1932320245746,39.246226958865,45.2875928006617,41.6276632988789,40.8457258979034,41.45324371546,17.4924388313807,16.7996827106978,36.199838844419,41.8731135422118,44.0065792506464,43.597526612229,41.8415479684103,43.4013508606362,45.4016977473824,44.615207963467,44.1758258674828,43.9494305315374,16.965891310911,16.4327134248545,38.7658863690468,40.3671483036628,42.0133097840361,44.7739260390939,41.785745377767,41.6944133135108,44.293214174577,44.1984772798735,39.6243253939688,40.3575181841323,16.0497231102403,16.5460042220219,36.1808844896311,39.2164895967732,42.9468357462997,42.6970101933071,40.2557266326081,41.5881616952432,44.8523174756618,45.75156184598,40.5937894304765,41.7732775384014,35.3171660731434,36.0053754515808,39.4648152520993,44.3869603763864,43.0502525991996,40.4986841661503,42.1953446796736,41.8098883935336,39.7233827068446,41.8419768966745,38.4467359633096,39.7171895425718,39.0744948698095,38.2668955688329,40.3513855732589,39.7050575177476,36.6531944856578,37.4163476196136,31.5703402113055,31.6362867016373,38.7125588471162,40.6834403102723,42.4129229767467,43.0499720041497,36.9093315635263,37.9389514862677,36.2825751969476,34.9263609726453,13.8273404900784,13.3703458039503,31.2415853870131,33.4710637526692,38.244393152546,38.7928354926257,37.440532492,36.3204859999765,48.9268924385638,38.0954428209612,39.2514964018364,37.4596852295264
,83,16.8798208434548,18.4593415734841,30.5595255353213,33.2882055256737,33.2133962143245,33.2059350439708,38.6070651382863,35.4509902795455,35.4132436913809,35.6111404837396,16.91804463593,16.151478051216,31.2340558564574,35.9267423748381,38.3314241293095,37.4781415449226,36.2756376588322,37.6611968292226,39.3293078525095,37.9605985733583,37.6179075793754,37.3397049824064,16.410888981096,15.3375949710245,33.1612442639751,34.308552330139,36.2285351009467,37.7955031960022,36.0351523129656,36.1060967140021,37.7671078356716,37.5507792464992,34.3030440534205,35.0100540133961,15.142485070421,15.9186856860073,30.956671634115,33.2160563635183,36.7987657103801,36.554459065491,34.6267919853059,35.8749471858952,38.4089905747043,38.9042085693265,34.7412744079115,36.1988150513972,29.5957091592079,31.0059298637747,34.1507274297901,38.5254245693281,36.4636508003658,35.0818421814053,37.0664449095125,36.2934600538615,34.394594467512,35.797382778829,33.5004006174839,33.7864826382916,34.0342936501,32.9521498021279,34.9518141943508,34.1123645556585,32.3901274640571,32.661147376763,27.2050055037671,26.6449962261266,32.7937347633585,35.2396861908092,36.3992131837335,37.129612617464,31.6642406040564,32.4108560497397,31.0519517743202,30.4135427139524,14.2784234217344,13.1048264234059,27.0836331535988,28.4386784701246,33.1748371555584,33.2588207083654,31.4105871431474,31.4721868793934,43.4921804351794,32.8262618231454,33.8961883759382,32.2191871166146
,83.5,15.9508084891077,17.4447836840624,25.9846314796897,29.003009875897,28.7786459012464,28.3633844595057,32.9848953815571,30.8439465030754,30.5284458065434,30.5775938655771,16.7720729952148,16.7408786549279,27.2509139634345,30.9638566450308,33.6797623974365,32.4977084768522,31.5716607569514,32.9978837512083,33.7894509649741,32.0101499006755,32.3284644232698,31.724914411746,16.4181433413571,15.7360445878064,28.4088398792362,29.39278426442,31.4638675332123,32.0711582815138,30.7383406626877,30.9419211350013,32.4241186330245,31.8743695714925,29.6914832532331,29.7217023546939,14.7643238949083,15.5702690892455,26.4725398894281,28.209888428031,32.0466254366791,31.0614489972386,30.0007476880711,30.8276718252226,33.02029733588,32.8077374130054,30.1306483534774,31.3106039552707,25.3827496175374,27.135642102349,29.4637827975605,32.8389572523037,30.6353487901052,30.2873032864489,31.9053497598408,31.395347150165,29.5032262838171,30.7557657553153,28.8861076500134,29.1889644075758,29.5638090170666,28.1536017177996,29.5021946836964,29.4061860323395,28.2979675942042,28.9659250263058,23.6917665654023,22.9700093566832,27.5685458022535,30.6580237717953,31.0673410601908,31.666661265233,26.8339635880561,27.659148298073,26.8745845714761,26.0932228353184,14.6733583212342,13.4748819591368,23.5767762419656,24.2313241168555,28.6762985161679,28.2454095990494,26.5811786324004,26.8013568294116,38.915445506452,28.0301183951838,28.9876610082081,27.3088808174919
,84,15.3585295709177,16.5628549243806,22.2066550296706,25.1376598270595,25.1680882424453,24.304740970477,28.0168022148131,26.3279231212198,26.0957966219405,26.3552782605855,16.2409689682786,16.927802232112,23.6914685065869,26.8919615833152,29.209046271676,28.0967567363255,27.0067095229307,28.6316524160475,28.6798289872511,26.7993180668288,27.9743124893166,27.2755466961125,16.2449656851943,15.4792597180331,24.7531607847589,25.4883542007694,27.0764690938994,27.1491624680278,26.2996630668774,26.4079766805176,27.5745185582526,26.8606799623648,25.1851024813971,25.5566855334747,14.382959831778,15.1827804222941,22.399638373561,24.3353298483941,27.3240790106111,26.5038811482214,25.8505414940013,26.1059031814372,27.9609823241753,27.7704304786466,25.7175248065868,26.2494906892603,22.0380253683534,24.166570394418,25.4312586618057,27.9919714721746,25.8640685369251,26.5131383419139,27.3825762904421,26.6348048241815,25.3308819865865,26.6072108331877,25.0037861686321,25.6178466637451,25.4959915717575,24.1263404785036,24.9906484413032,25.658795847689,24.1107298264467,25.6447854619768,20.6716114367552,20.6753911866599,23.4491957154044,26.4093192227054,26.2061668326467,26.6777079781127,22.5640539906635,24.0663728766458,23.0067564183735,22.4731641301927,14.1858974790414,13.3323891427127,20.7526139416034,21.4017776253542,24.2277813340508,23.6306324405876,22.6440997562849,23.1265946641738,34.8769860586557,23.8825600245506,24.6478249501432,23.4598323299805
,84.5,15.227308505198,15.8379551830802,19.0134158537294,21.8341501224122,21.548234776373,20.9241149834724,23.5233910079695,22.40897621157,22.4830212239717,22.9672204787896,16.0423094897395,17.2019220875581,20.6523829316719,23.8340422198401,25.4682933225783,24.4128776451443,23.508616525546,24.4351596127929,25.0176015685906,23.0934525621073,23.674071573371,23.2717423663843,16.255680915287,15.0554640463369,21.9904257580223,22.5024839666423,23.6091897407252,23.4420548747619,23.072072698068,23.7532194185396,23.4784111969236,22.941817375823,21.2095034457416,23.0999386583575,13.9851949149361,14.795175466284,19.5690922987764,21.3775008132441,23.7851578448272,23.8761651495605,22.6817533254542,22.9060227278646,24.7151750204871,24.3060743862166,22.4632011224546,22.2301020465765,19.5680165971198,21.7816543952836,22.5669965597011,24.9097851529571,22.8508031553701,23.4791943998928,23.927805531465,23.0737342353705,22.298562357496,23.9957457442787,23.0600166824686,22.7017407217561,22.5595725502929,21.4356723500512,22.4198821929027,23.1931966221749,21.4755138490323,23.0205444248267,18.7394456557308,19.2236122658246,20.8915302652802,23.2659722524089,22.8635367676952,23.436963398156,19.7844262820527,21.4910037058435,20.1212118224771,19.9131459109222,13.8017294594375,13.0047916193691,18.7596311750084,19.0614182144696,21.4923901643421,20.4081496526451,20.2456536621762,20.7736505669968,31.8520500108546,20.7084907758469,21.8109954595093,21.3694729188586
,85,15.3299147075371,15.4883218102567,16.8231467476,19.6935588287865,18.9162887580203,18.3976896519405,20.5716202318211,20.0280048666624,19.8287839575037,20.6351419927957,16.2856673383012,17.8183725036682,18.2045763477765,21.3101063594161,22.7530624934982,21.7114695362215,21.3869635614772,21.3643830114881,22.1847855266115,20.7027926788799,20.5741391381145,20.2564793484299,16.8064115561679,15.8083517258789,19.4983886258532,20.4596067721279,20.9632307334066,21.3428871939827,20.8093332839642,22.0977349926109,20.8118337539859,20.6988913666181,18.811917756982,21.0865832594818,14.4432186609883,14.7381024020785,17.9934987852658,19.3681878167393,21.8885139079544,21.9056461528965,20.4920564941515,21.2904456824683,22.968188620058,21.8403443041761,20.4194081345265,20.0272308537392,18.2272780537706,20.1836638664681,20.5528370814568,22.8097892781923,21.0654818388523,21.042545129542,20.9399661631798,20.7891640951914,19.9291654316271,22.0584018931793,21.034540017206,20.2661512619486,20.377136703233,19.4400264663015,20.1294676224193,21.2784702377856,19.6404738259243,21.5876378180678,17.4799211432128,18.1323786759978,18.9868958299092,21.3361953529997,20.7199808902652,20.9792295522705,18.0846070554753,19.6164982384673,18.8988451139753,18.1672915888644,13.6816944227033,13.3996603894476,17.327341251373,17.0864771133196,19.5899862886731,18.4173121203357,19.0109267752201,18.5710223346796,30.2822360735368,18.4346476198833,19.9386969771847,19.941728070256
,85.5,15.0672611878977,15.6179384508893,15.7256943470924,18.1338848357985,17.3965034087064,16.7471872006611,18.4495610570482,18.0218713949783,17.9225466002459,19.1024857079336,16.0064791240155,17.7130521016612,16.3819342749624,19.4143149979187,20.2338753161691,19.8522851523169,19.6974188550194,19.3533945693217,19.5615089708702,18.9159533116164,19.0181565501867,18.5452394167373,16.669174426121,16.5210916301378,17.6335716554721,18.7133859151807,18.5373753599393,19.9368908580397,18.9787945186785,19.958724712354,18.9445034845318,19.1738991974926,16.9687311558932,18.8505713940501,15.3107247901646,15.1721330330147,16.4009090522816,17.8542970399999,20.0591919719485,20.1290830513517,18.5594102923935,19.6835141387734,20.8707907843754,20.364156492778,18.5443701658774,18.6968808037209,17.3420648984022,18.820030522884,18.6848413471169,20.9700703279066,19.6786627983714,18.8687040940908,18.514048343126,18.4483909650015,17.9973239659032,20.209831778265,18.672476044209,18.7499360274794,18.1711027961852,17.6042691041701,17.9980668568317,19.3586210810753,17.4453327056258,19.9978071689761,16.3142684854402,17.1368833610205,17.7928829982268,19.1246457677929,18.7456670297632,18.9012502562682,16.6283836249449,18.1940916404946,17.8023342767099,16.7104718301038,13.0318636934282,13.4180351625596,16.304090353358,15.8405074479414,17.3250578225867,16.7720533716366,18.0072376482169,16.4823876815435,28.9633803920822,16.8792576925342,18.0653634931968,18.1351522600983
,86,15.1476125693783,15.5835046267093,15.0225375846612,16.5763531422607,15.7612894496822,15.655255488943,16.512753974246,15.8833259916257,16.3815535138911,17.7163796383875,15.5028036637951,16.7515664629491,15.1914687755637,17.8525270493819,17.7919964156213,18.1592957083697,17.8820724497128,17.5146059369548,17.7016069178785,17.9479644058465,17.4615971753583,16.8172490401023,16.3528140794722,16.2357319616445,16.2593314437637,17.3278498262297,16.5167722902406,18.3975469297471,17.5144036735703,18.2421247275392,17.1504772111949,17.537841474633,15.548978212438,17.6609515864705,15.3790677313281,15.1570986548832,15.2579090348848,16.1665260068007,18.1166902463443,19.1041824444473,17.0666099167629,18.171384926743,18.7531316349304,19.2935281597227,16.5549790499726,17.3048574315699,16.3446535275873,17.3308674330539,17.3382093183857,19.6776612756846,18.717124394728,17.1284743775194,17.056205233836,16.5338692118854,16.6634734068407,18.6832361219746,17.0397905625672,17.8378812400095,16.1815785896429,16.2508582161271,17.1037924404004,17.619348390454,16.0735706572196,17.9035153639487,15.5123249103808,16.4030858207509,17.018850377582,17.3025278001571,17.07929818033,17.3960084830158,15.8972950682997,17.1434314721622,16.2218925601488,15.6898577229972,12.841970150397,12.9346148228478,15.2783841138939,14.8480889120998,15.6946962485934,15.3969793309605,16.6329109957775,15.1584116565816,27.6804407297833,15.8521153927978,16.4387433398422,16.691242656708
,86.5,15.5947275873103,15.4559129060632,14.168845171721,15.2606936188616,14.5695336071875,14.9466101791425,15.7110576732613,14.5587210084155,15.1702711079643,16.5395058916293,15.6141647113322,15.9374725134202,14.4255094450268,16.4045097362323,16.451935671838,16.3970395569029,16.6325368198028,16.1858093688244,16.4315368425904,17.1269308426328,16.0275069780281,15.4172591088309,16.2251059419187,15.6369993057789,14.7407849596792,16.3739625834023,14.9786176694629,17.0454914733116,16.4889087786868,17.4151296974683,15.6812496572819,16.2856448508802,14.8764952717421,16.5782341669743,15.617030551876,14.7588188086427,14.8172556107157,14.7336531828174,16.9249187586981,17.6217770334743,16.0740186220592,17.4964502744585,17.4358845449061,17.9646974722858,15.4014348632232,16.9034934905894,15.4256555225883,16.2872751474274,16.3655400152495,18.446390409648,17.6493742271884,15.4756712763533,15.9064192447573,16.0198980751754,15.6430499810029,17.4353303174422,15.62056159048,16.4817872117543,15.0539257850434,15.5882888956443,16.3763849830216,16.0122172889573,15.3795963518274,16.5186603000845,14.5845875543213,15.6414134683187,16.1069751492979,16.1188052010987,15.811717050021,16.2197683170689,15.1502467612301,16.079961970866,15.3279464416727,14.7754567661584,12.7630160625741,13.1119347446676,14.0958755735722,13.9441181371001,14.8952516245111,14.4983990291992,15.6185347079511,13.8015698975802,26.7872492286225,15.0073536411895,15.31228472384,15.6338765078527
,87,15.3672935628991,15.1169769506342,13.6214867346844,14.2902398221224,14.3693013778521,14.3051165391877,15.4779343727477,13.8983499860071,14.4409112590882,15.9077879697343,15.2728013435943,15.3274690737568,13.9524733121358,15.3392265121429,15.7026590689489,15.2479782156315,16.129147003151,15.5918061779167,15.0993187902922,16.0501277497925,15.5784872073469,15.3535492041127,15.7345799675364,15.2164104363248,13.4495087155182,15.593374177832,14.3253784295636,16.1278157984187,15.827260110892,16.1903482810297,15.2739927293467,15.9532170799096,14.7387846778396,14.8343208372825,15.9681560751097,14.9871690776436,14.1087086821532,14.0547400964844,16.0496163577997,15.5399340354878,15.1712243749828,16.8964078214979,16.2545896783348,16.7472572048549,15.057997180785,16.6208664721158,14.6038063536807,15.8101857716343,15.5081336085155,17.3165356026425,16.2114068284604,14.332251406579,15.0054506978339,16.0627333625705,15.1373662047593,15.9545868482444,14.2322524360251,15.7203893599207,14.0083902555226,14.8909262022875,15.4629455135737,15.0261943843439,14.9746790364579,15.8967419890893,13.655847390347,15.0224724759004,15.2785241124637,15.4192561523006,15.059598065424,15.6971512668769,14.242638264122,15.4356300168618,15.3274025759448,14.1134609200823,12.4330823400836,13.648851861115,13.2922878082256,13.503441282378,14.3793991818692,14.1778398151557,15.0876169068232,12.4998967291561,26.7506993749531,14.6847733251162,14.3265881023664,14.710013797351
,87.5,15.066754340237,14.9124775499286,13.5709620423709,13.497215328752,13.9772518009905,13.8932765023015,14.5294111868441,13.0160427991085,14.2910305491974,15.3496787911308,14.4977220567517,14.7890000350091,13.5716062802986,14.8543778760268,15.013097931698,14.6538507166846,15.6493093781156,15.2638339919874,14.4545220569286,15.1992074509384,15.1443227801916,15.1845456036653,15.0181052420123,14.7337311160454,13.1964110737215,14.7251532286465,14.3053949092491,15.1054564855317,15.0695259634379,14.7299933328526,15.0841241551697,15.1512330630113,14.4164086893905,13.8200975855955,15.2711790638099,14.8654347634833,13.2514882965423,13.4736510582829,15.2213485789741,14.5675082142532,14.7845499388884,15.5862666443186,15.0556771807824,15.8242370790386,14.7295098155436,15.5345579072952,13.8925385779384,14.8334646326119,14.9353892146625,16.2882098796952,14.9728611253199,13.8840372833975,14.3809026651563,15.6071118936451,14.5877113531861,15.0870030305974,13.5881509638902,15.8719592029385,13.2701905324774,14.1796429483553,14.9539743952378,14.5606135518752,14.7821756488225,15.1573325658269,13.2244829195598,14.5644422347044,14.6442755832571,14.8075446082519,14.4895278527425,15.3046471162955,13.726536148606,14.9516401675481,14.6956096621101,13.3771133640917,12.32100968551,13.5682017802639,12.7172158054195,13.2455875350657,13.7308040808422,13.4763809300094,14.0986730204937,11.7622394481508,26.7594616620232,14.1121199605048,13.2520549728991,13.8958195555882
,88,15.0846647059087,14.4680849883376,12.7595607960441,12.6220432234929,13.1114376288648,13.5719544046382,13.687346472832,12.4469063512319,13.8145264979977,14.6377812912291,14.1542028572051,14.2467506184167,12.9915690198403,14.2578407678196,14.4093943166801,14.0333482289321,14.6048444224899,14.558352320664,14.2371172738374,14.2880874253876,14.1114296869834,14.5115224512905,14.6328190272476,13.7639421422817,13.1611393853399,14.0685686384075,14.0915917825754,13.924828899618,14.1920265606503,14.2236706494556,14.1525523306648,14.1057941569308,13.7559065258747,13.6688339975055,14.294975328813,13.9044064337419,12.6412586651174,13.25219266493,14.5084598127303,13.7636116377183,14.4091190225994,14.5928859696842,14.3463838683965,14.6450542808241,14.1682062036957,14.5590131625588,13.294498158188,13.7451021701789,14.5453336211482,15.4572021307843,14.1768932350196,13.444635431926,13.6546647086536,15.3280027890048,14.0049901290261,14.7889542172961,13.3738089415819,15.109731252515,12.8738215639154,13.8704105733386,14.7028222491609,13.8205518237546,14.8204911768108,14.5018572443376,12.8270129219258,14.1291767691276,13.8913996405095,14.2678052632264,14.1337970402263,14.4866831823889,12.9164945105887,14.114863552426,13.8491281040759,12.7998080349861,12.0962483553589,13.1172281907151,11.7586432856635,12.9137804235363,13.3818356274771,12.8466547312746,13.1435161295768,11.1261743264232,26.629573684005,13.0476124667857,12.4140992258559,13.3554022785142
,88.5,14.5267786083868,13.9748924133697,11.9443258288347,12.0945575909496,12.6401105316808,12.9676741515481,13.2016464157691,12.132188198911,13.2023255943831,14.0206660070179,13.8847774095827,13.8393116413426,12.1114009046102,13.5574146147165,14.3358140384296,13.4044872753105,14.0850059312012,13.9227389969645,13.8523779778702,13.3353968532983,13.339361991605,14.3042648203468,14.3441339156181,13.1279594742408,12.7634271510763,13.1532254243535,13.7106866632552,13.376472892405,13.4211202055346,13.9347703666076,13.7385244006992,13.7567966918445,13.0575777233373,13.3504839756209,14.09568082301,13.4657806167992,11.8526270883621,13.2583105770526,13.7503672257218,12.5258596077014,13.5777889812867,13.8864272361066,13.8438344461049,13.7165553966371,13.8773118622197,14.0447530171278,12.9086009551376,13.1470140734785,14.0817658347781,14.803777762137,13.502812039845,12.8056332416954,12.9962761238045,15.0181180634002,13.466313209235,14.3503367563063,13.0476664578094,13.7457020175262,12.699534287698,13.3436707296682,14.2354592796979,13.3660042384481,14.412709762234,14.2543909400039,12.2400459514699,13.670895578246,13.0485441198443,13.6032226737379,13.5987808093859,13.8448108097994,12.0342364177658,13.4718467813266,13.651712668567,12.0967817043394,11.3078500683474,12.7882208265474,10.707877560789,12.2883877681872,12.9534336508419,12.7484744674672,12.8732674202287,11.0032627959148,26.6361647762654,12.383381297143,12.1852171786005,12.9966971866451
,89,13.4782869619567,13.7479334463048,11.7127068615163,11.7916559226454,11.5996696316385,12.2507735678206,11.9028348415241,11.580824530318,12.9186731817626,13.2786822082038,13.0341042269935,13.4660072737852,11.2427917516989,12.7909143703555,13.5310974727175,13.3158559634239,13.7412444840183,13.2557135259651,13.3125219779242,12.4913192765331,12.6774491945064,13.5852112179004,13.6954295023831,13.2685846382128,12.3436641793129,11.9591351175449,13.4416953159266,13.092226106589,12.2851466210914,13.1643500070925,13.6773571752327,13.4484161569895,12.179654356282,12.5250123289,13.5904724614959,13.0809488769771,11.0899332259594,12.8531964564776,13.0227039859788,12.0852052512863,12.5892312092614,13.1661279531328,13.1499788176137,13.1560233703655,13.5243387621389,12.8756488375925,12.6083467707509,12.2947138418985,13.1293091061576,14.2452555721092,12.8849796285191,12.2073677109896,12.3487598151081,13.6150264742034,12.5202901413714,13.5719437104719,12.6598952449875,12.909682536136,12.064228584995,12.1654785825446,13.350437002039,13.2779853273959,13.6638559362675,13.7210093065081,11.7002419126202,12.8628121944563,12.3599987027835,12.670324523281,12.7065164947771,13.4489323540597,11.6978726852882,13.1222357857693,13.0171447373968,11.3097750965948,10.5797419693097,12.1393698607086,10.1368089673583,11.0445247855453,12.0580884977318,12.0737386923693,12.1885497722014,11.0754014529306,26.3915108500084,11.8073542065012,11.875658583481,12.0381160550637
,89.5,12.7287591891047,13.2928942305028,11.0889323566686,11.2331036314062,10.0957240240989,11.5925821079549,10.7584403256917,10.9639785309504,12.204861523024,12.4192317865745,12.2585552224525,12.9254539889304,10.4062863845361,12.1390040837406,12.1525386403556,13.0295820490928,12.3731444433145,12.5141035567808,12.7398283767038,11.7939586680247,11.5425785322709,12.2297723601181,13.0081813425805,12.9327135725834,12.3172628477806,11.0182853719445,12.7010884776226,12.422762222278,11.2499915260136,12.4327483063172,12.685140965174,12.3642482934196,11.0443199137407,11.7417364801231,12.4676954378044,11.8443381442423,10.5714122904345,12.2451801044169,12.4225377648787,11.8835877778835,11.8663783684439,12.1146976846468,12.3700364205696,12.1570451157932,12.4277019738355,11.6358278408484,12.1048484662836,11.203668915948,11.9008274453356,13.1213073425005,12.3734224496085,11.5549082977199,11.5696782875678,11.8441959826153,11.3347116753995,12.9694043077001,12.0796735196762,11.9126544569768,11.1871960521258,11.1902092068641,12.6490916801484,12.0544086549116,12.5183589171335,13.0035515122727,11.3616853700036,11.8313165160216,11.4603759717833,11.7094959391641,11.568626864246,12.269905383519,11.0466052386436,12.5568652631109,11.8424274968574,10.7581288562425,9.9675594894876,11.1890189739285,9.57603034229641,9.55013365537894,10.9775949969428,10.7788893624031,10.6899938508395,10.7515397102582,25.4534230232861,10.487229496822,11.2669192426824,10.7394477613432
,90,12.1330269329091,12.5969069238253,9.81346336952794,10.8834903309381,9.65343619034428,10.989751102299,10.508324438857,10.6626191515463,11.0001758878037,11.3647900403282,11.7280145462117,12.2261011205059,9.55586693111337,11.4207378073407,11.2609973827391,12.2995684654738,10.9007243369799,11.5560029501766,11.8529786341603,11.0248420394657,10.5386882897207,11.2794574427888,12.3709609347472,11.823512539142,11.775342926609,10.3380099166739,11.5166119235396,11.9845885294778,10.7050550758567,11.9704271436098,11.5008451613722,11.4251513164509,9.88335025873596,11.0141450300209,11.8185099132161,10.8970605103224,10.1576529880167,11.6089335249536,11.616293958993,10.9677033260423,11.2014995362554,11.2248510532438,11.5040893131849,11.0951276494696,11.1084428420995,10.9300444770761,11.2542869725661,10.6754945296575,10.7754064479221,12.0040821665145,11.7801719251835,10.167928924996,10.9331907179827,10.3947808818118,10.8895278575849,12.0561580356829,11.3934629221201,10.521985899073,10.6031101635151,10.5016152843998,12.1715636371285,10.7568526400673,11.378865538222,12.0612220185797,10.565211172106,10.8195268053616,10.4715723118488,10.68039002897,10.3349733345237,11.1392888287643,9.76437841552206,11.7111511221357,11.0797085210939,10.0362572974914,8.9963077743227,10.0995385715289,8.77398554772526,8.50256725783112,10.2499991311656,9.9645711742175,9.80313756016716,10.5107371302749,23.8771014361951,9.54576694190473,10.9461585536845,9.83847950513348
,90.5,11.3583283418588,11.9192288029868,9.04106341026477,10.7290792671349,9.24903881356062,10.2645336423824,10.1368672724363,10.1300669539278,10.0407707779062,10.1628636803925,10.9992213899252,11.3976949618054,9.01788278886607,10.4420856669812,10.5212967922575,11.2911062294293,10.2096943869479,10.4395457547781,10.8124476129561,10.4571322127453,9.84377229998745,10.5742304950178,11.7141695323658,11.2514384056769,10.440926104354,9.55407876901836,10.6539164081801,11.5359575763824,10.1358544707579,11.0645985286501,10.8354350852893,10.7530865980445,9.24924053738471,9.77972934440174,11.0385231346324,10.4490104546497,10.0327893325499,10.3135804791729,10.6717581776611,10.0879293564948,10.2890253414995,10.5498039908761,10.5412365360337,10.4114366619395,10.3193135987669,10.0538884778349,10.3241125431867,10.5323305780407,9.84890417608466,10.770606439565,10.7429864187076,9.10372335307034,10.3762568146927,8.81612953157946,10.228456900807,10.4491102533984,10.0916379322337,9.75022749096996,9.98881577270413,9.32983114343313,11.2039841901478,10.3400588533825,10.1383349126481,11.1156653324151,9.40178456477804,9.75496580066704,9.46925408375449,10.0050008999702,9.29414969582007,10.4145154483953,9.12832563732093,10.9800826894032,10.2508038597114,8.97602579238389,8.02029352293061,9.28705187963283,7.84201729825276,7.71778225829962,9.2618891883501,9.2616986030946,9.25486894845812,10.1099538399713,22.4224930398777,9.4166584773925,10.2996015405213,8.97765278544034
,91,10.3662956319832,10.8985194243853,8.26125614173003,9.90676707764618,8.23647173855238,9.16040166800531,9.1178892367634,9.22364794213263,9.35945796897335,9.12679535011387,10.1231055720718,10.7116213663498,8.68778136516818,9.447771945385,9.30378641626896,10.1613873044099,9.34495762462296,9.30823434678143,9.61866572912959,9.77739958158804,8.71774337140909,9.29781846278792,10.441060323941,10.7743795181811,9.52571594201521,9.11262739967174,10.0210446415201,10.5863660243606,9.63765735863592,10.0532175027292,9.74097353919365,9.92122353146624,8.51598748673337,8.5276380610498,9.96278102968358,9.45030687529436,9.72919331125831,9.08652509158912,9.94863638359789,9.67220686910002,9.46718925403678,10.2080916597603,9.65080487862173,9.34550377484379,9.60775854327306,9.11156676970199,9.28136661582431,10.1997386510081,8.56345499920411,9.35783824578004,9.70092253165234,8.46255817411372,9.33151299704122,7.59210198482447,9.28891710375103,9.18110077949916,8.7064121573859,9.31779697739159,9.3710549410111,8.37850819468451,9.96715751429815,9.57295808533416,8.9880544737307,10.3339194372551,8.49843929922895,8.30087128414442,8.44807429904284,9.19016240912572,8.65347098483949,9.51042912848004,8.40444542410756,9.9937906172911,9.26679538727154,8.20256734751524,7.32038624110351,8.40180774137428,7.45120993045674,6.94302591284992,8.27987174879888,8.1637419950664,8.26473878134732,9.00578355581496,20.8385739019959,8.56815306292128,9.03325367770611,7.99598396764321
,91.5,9.36467751619381,9.7042635319321,7.17161785072744,9.17211823376078,8.03068657662396,8.26876873456212,8.56059061579936,8.51697548817424,8.34465024014747,8.30297081786892,9.36688245336637,9.56580125943839,8.07312761994177,8.94154168510221,8.70404579274941,8.87156964561171,8.29456042102191,8.49093214798819,8.38661048599312,8.89517189506165,7.84863832466453,8.27509874295151,9.18592406665897,9.29935440270538,9.00979314420675,8.7288205256973,9.27043722349993,9.51813077466818,9.54952746136922,9.21317188878373,8.6614175126976,9.05902507049177,7.95135115187708,8.19980619220621,8.85974777029492,8.68410563664372,8.85128228854796,8.20687994276636,9.14397380512486,9.09761886651654,8.99305289981226,9.71338415446797,9.1279052757742,8.15727304640109,8.53253462254099,8.51601964227086,7.90160071270242,9.27704285228145,7.75339688787562,8.40219220532026,8.55790536917812,7.72080941631691,8.49376411917081,7.05049891178771,8.92338528431969,8.23869080165139,7.68343309901462,8.64186024294827,8.86015849570629,7.95507568141892,9.29286698138156,8.1859896061473,8.16598904160168,9.4889337262149,7.64899852344161,6.87606872876171,7.25624246504282,8.44299590419161,8.44694403957578,8.51008070298417,7.08042287112221,8.64576412789086,8.30420002114079,7.81308206770353,6.78301367016206,7.32896914227041,6.90560483146766,6.43059779739298,7.59639798240204,7.15471278533244,7.21095893031821,7.96883152307919,19.0644494490957,7.60322112074437,7.95780213541133,7.52840774081375
,92,8.33851171720289,8.88673772255737,6.48620302818739,8.46012191182558,7.93816136965899,7.90474412017676,8.01838414353188,7.83321198882908,7.46104891654045,7.50679170812805,8.67282077486516,8.26104182845643,7.16256627475883,8.23847167525372,8.78991062933494,7.84386211232663,7.95164499509571,7.80900627514922,7.50125087982497,8.07316434811787,7.29915535921083,7.50013605526732,8.31159842312582,7.98475580458984,7.77137125074222,7.84322641553848,8.45528443938184,8.61898075200668,8.8984197118167,8.25609701601633,7.97253050309678,8.2003389213304,7.59872383654402,8.2902363928817,8.01789810475401,8.38307239125965,7.95978568816923,6.97576500804075,8.11143619575716,8.45265940015145,8.37159463797536,9.02632945125009,8.45569469710529,7.69749763876541,7.68749202312659,8.03104767557574,6.85061100307627,8.37892705339863,7.62196182184141,8.21683819436407,7.72921560675593,7.20342987156363,7.87477720876353,6.47939108946048,8.55101901888952,7.25148735020383,6.77714011881682,8.14380492622274,8.32729994574441,7.18996888702844,8.44327801980711,7.7888966112418,7.67814128372311,8.41446477294494,6.54177058784762,6.33119622292975,6.34354800849718,7.67768064955675,8.02634933537666,7.68028173599828,6.42728484308992,7.34899556881641,7.34828321976619,6.88037637249028,6.36564157375619,6.35690325516424,6.1305987812741,6.64388144095511,6.48707443214067,6.37002758007225,6.92838224015026,7.18037071756243,17.8262778114188,7.60905148608458,7.21959427384763,7.13257220617089
,92.5,7.32362764639203,7.94161139579103,6.05185177383538,7.35830544500357,7.03468454394414,7.10777984747227,6.7781347446537,7.16370883639235,6.96650446039035,7.06960381992081,7.84280162178567,7.2462549521249,6.61277373995904,7.41172691214115,8.32734021318089,6.97006153735839,7.42881092085599,7.20316152286495,6.76737848286052,7.44145628657435,6.68022585058992,6.46548623350259,7.34107594235343,7.34865470233166,6.31301370829755,7.06437883303693,7.5067916187445,7.22025652503373,7.81726209493007,7.46495225534397,6.96086449002797,7.60550803476332,6.92879053090832,7.75340071903577,7.16817304195001,7.85995636593549,6.92330459931168,6.02468652255561,7.05110489333055,7.81786652526102,7.12303533341674,8.3203113893361,7.45198876532771,7.36715957506863,7.39468779267605,7.35294886530528,6.12452718686114,7.55224030055768,7.27440475689423,7.64670108149215,7.33178431916883,7.14027073539063,6.81369801676141,5.74707528466683,7.61849037922627,6.66226328601749,5.96110796842294,7.70606769483896,7.43173286602041,6.39446114582893,7.17074104984727,7.46680129197989,6.89328966608167,7.26950099866184,5.77328534139275,5.89494477378435,5.90575913066931,7.00021137182551,7.54307480354595,6.77957569776459,6.40964254664527,6.57045439668462,6.27214146559209,5.99919161373083,6.1038535277707,5.9811626705789,5.73872060172636,6.56427300764722,5.4805415236271,5.87072024160278,6.35715057902371,6.06860703944238,17.3474309151072,7.15101054946757,6.28414660611639,6.33091465169076
,93,6.59922367907012,7.19865786211034,5.61465905040745,6.46934738918321,6.48880960204042,6.41321493608098,5.95806699983928,6.62293867782341,6.27794552277868,6.67608949515056,6.84313005592338,6.26791363669849,5.73328304507299,7.16085534330108,7.6819229383359,6.29133813121911,6.46150831414093,7.10407378855012,6.03923994590747,6.49984373854403,6.23094780880115,5.77391843982809,6.46461373697815,6.29605372754531,5.5937944886125,6.17949660069456,6.30478944225075,6.28459253444066,7.22982826309539,6.78202456516982,6.26473769482533,6.56839775976283,5.94262054387292,7.46152638590695,6.46024469089593,7.62220623431608,5.62917761450791,5.39285705518074,6.52406394860975,7.05928840435672,6.57763882902168,7.50708347057321,6.71527524074844,6.6235801745442,6.77628196986052,6.68830681917819,5.13497454152997,6.12566073303367,6.67233821893029,6.91371821717479,6.98568355205703,6.82410694982349,5.76726412857369,5.35817171338255,6.58644540548511,6.41259453578789,5.92903184073316,7.25786064614903,6.47772004262703,6.1097912468922,6.24747112363997,6.58249571899165,6.25407373565309,6.42703815768266,5.32120842326253,5.47517488963831,5.50217441102797,6.64332534859943,6.57472242576813,5.99014694114322,6.21109433264587,5.93283303905105,5.16745147069418,5.72902592568431,5.69593707302516,5.74864219699521,5.44448312443615,6.0517366008242,4.9277500356875,5.12543125200932,5.35879074951521,5.12378274676462,16.9160701530304,6.14606693740376,5.86529806028858,5.82593548302242
,93.5,6.56530596829651,6.37065667912537,4.31931891922414,6.69747864865883,6.1353840595329,5.69582403024123,5.4416455272538,7.08738502108218,5.8516553542359,5.94702748271112,5.8070396189334,5.61518374598285,4.39626036385528,6.91251658664959,6.56465657898849,5.18927752505607,5.42674141523935,6.61919562083449,6.1469719493852,5.30419930262747,6.58127259828137,5.54950392477139,6.48761031839467,5.27446070876221,4.12240268203556,5.223544248689,4.66157315401762,5.14862554053622,6.67898681648194,5.96366956088104,5.23676525398508,5.80401862271219,5.12739509563681,6.64662367461295,5.61790589966296,7.12242319321712,5.08321771467575,4.91726481310781,5.38450770149143,6.06401321545781,6.61417130909149,6.13600304536544,5.53276342549668,5.99882640292168,6.35302971714492,5.94868825159045,4.24946866427536,4.76010943089028,6.1982451694891,6.11370387961279,6.43642407979377,6.28102791564152,5.47697290845724,4.41468231685627,6.11358554063958,6.29276523189668,6.13611512539046,6.63859525091192,5.67003095615411,5.99222769977996,4.9928515063325,6.02946025207069,5.16559544329385,5.54375405067611,4.52568300144662,5.2529302621445,5.5714582085684,6.83864089032693,5.24148276059418,5.70262013417965,5.48207247640829,5.75361399482745,3.93478950263574,5.13252993407855,5.30116659184131,5.70196766121643,4.67409798324326,5.62829837499856,4.38328261297266,4.34685632378279,5.20510068218618,4.83402464497857,16.731436902975,5.55070564301809,6.12921191275473,5.22141975766345
,94,6.57628662127468,5.80753991801248,3.70631450280132,6.58287290931497,5.66611401635629,5.19252670841956,4.87010824448657,7.16735155396231,5.61846049356132,5.62359886778609,5.21449805058484,5.32920062675504,3.96028416471779,6.5110118287725,5.92300791190911,4.54417390596205,4.88320400635251,6.30620241980341,6.18334699174142,4.95766739338978,6.52457938921776,5.38665995330257,6.48527262276366,4.97342236101099,3.04277257285617,4.62998956804182,3.66882642358661,4.21478595112552,6.1411335690272,5.56865273363815,4.30856589156161,5.24846114542351,4.39658717330411,5.7309776147319,5.09520883531246,6.82762379142815,4.74776999691704,4.46075373293979,4.63011627009666,5.30630152239496,6.19075492583261,5.0925236186406,4.53882304081594,5.83766142507807,6.42877237132689,5.48444967874582,4.01525320608022,4.44466543412972,6.01996601604907,5.24834827405664,6.31463636146594,6.16147481766802,5.06138270178019,3.63977791104901,5.55871762364887,6.32916149874785,6.00140345048982,6.40324721909116,5.05999496756431,5.68242456655435,4.10516536957306,5.80953629673655,4.31772587907966,4.79955832812436,4.21866033859607,5.33804272957678,5.87671376687473,6.92360415348742,4.48388198149433,5.41516438633647,5.61494608663742,5.91896549646822,3.28626415874123,4.56901180786184,5.00926939849523,6.06275557220698,4.23059603741899,5.42467998312719,4.06533491938126,4.3220230685024,5.15017388664575,4.47895152397712,16.8760245520675,5.19547274736959,5.99193745343297,4.65096059668167
,94.5,7.7667786453369,4.87872486824153,1.60206437355453,8.4624784647412,5.36472999410563,3.72517768794955,4.33323306671286,9.14957959211409,6.38784330430394,5.14685931464078,4.52769374187375,6.15798638900816,3.2719964390152,6.53365920011942,4.06997087818201,2.85897786663469,4.18880149927367,5.49892750399249,7.54327045696431,4.32711422041848,7.7581721090674,5.61856473755597,7.54500955058393,5.29591246624727,1.27014605611953,4.74709389910055,2.10124780591906,2.74976499895405,6.49812245333754,5.48222169254973,2.64647576878139,5.75107698563323,3.85867975781474,4.03380921332536,4.68259958200866,5.85340664448159,5.66384302160014,4.92031973726353,3.16699919332461,4.70437435637109,7.0033006294766,4.17685509508078,3.0779406303011,5.40185540257539,7.37724417913569,5.09769556412527,3.95806909492518,4.41455901640637,5.58069996606974,3.89389164445481,6.05459612138787,6.08928062775021,5.69894757547274,2.5765705584555,6.04200910297305,7.34232585031208,6.61415888710286,6.2098157233541,5.21869536577196,6.46749923996049,2.5409626651944,5.73178934313734,2.45844830961818,4.50653714075941,3.90388846896468,4.96681837267789,7.14652339889841,8.3338510296154,3.64554446328231,6.27569725838015,4.7234581356326,7.10925161443242,2.51164125008563,4.36253764459292,5.04633141693694,7.15559539781981,3.84426210526703,4.84694139011168,4.47532416659396,4.13832349938002,6.29249226480243,5.27816965911131,18.4705148786938,4.63519245912374,6.94229062227447,4.27134247633421
,95,3.95126955786259,1.61461508354068,-0.492355744305883,4.80325168394387,2.2185923165128,0.884537876824425,1.69194337070644,5.01143774604401,3.12449897985084,1.87900101216906,1.64033463028983,3.07486231176046,1.00874510700567,2.81541139437007,0.824100143758471,0.264840172194056,1.57870741817709,1.87421688017321,3.95918724645747,1.5163259178571,4.00870843903846,2.55064536857026,3.82965312565739,2.40856364854449,-0.298167119571872,2.10835668587566,0.205071310241522,0.432009329397658,3.07892135748301,2.26502573685843,0.32169850593715,2.76709238304073,1.54602534916256,0.882458794189631,1.74236055187617,1.92590189822232,3.03220822745044,2.33862020483684,0.536155094372248,1.8047693459182,3.56639276496435,1.34680383106411,0.691842393755223,2.08791431525674,3.59967016284099,2.02290750071313,1.71621702137151,1.91679853354634,2.23013595916638,1.05378747799375,2.23601506757262,2.54152239225368,3.00009195217001,0.578953373840363,2.991108771558,3.64640373630021,3.05774173833748,2.5288712287084,2.4376502765158,3.16961877582753,0.346107218940176,2.34950989899158,0.0509762537348593,1.85836265109663,1.47084910187579,1.8125678366053,3.63691024653605,4.31049262040744,1.23787307679714,3.20991661538022,1.37080479023933,3.64164601378184,0.705591670445301,1.79305010768206,2.20660558212421,3.5780434362967,1.37540186682713,1.72363649301229,2.12318782119382,1.55504961346196,3.41115260171301,2.83707661310279,8.5623533108992,1.81205137431033,3.48290110107843,1.68117978788177
