,Temperature,A1,A2,A3,A4,A5,A6,A7,A8,A9,A10,A11,A12,B1,B2,B3,B4,B5,B6,B7,B8,B9,B10,B11,B12,C1,C2,C3,C4,C5,C6,C7,C8,C9,C10,C11,C12,D1,D2,D3,D4,D5,D6,D7,D8,D9,D10,D11,D12,E3,E4,E5,E6,E7,E8,E9,E10,E11,E12,F3,F4,F5,F6,F9,F10,F11,F12,G3,G4,G5,G6,G7,G8,G9,G10,G11,G12,H1,H2,H3,H4,H5,H6,H7,H8,H9,H10,H11,H12
,60,7225.36568397373,7394.9738527617,7087.28448622371,7222.54357075041,7311.023029979,7298.31622700928,7321.43752949235,7302.14104892389,7475.85301040863,7594.49865003326,7389.04566560368,7258.76138699112,7312.0092531432,7291.39161828194,7212.91277602025,7674.53171816936,7712.0348382018,7585.45652971006,7622.34590114047,7678.87301581406,7674.2401606592,7719.70219091883,7327.36433163008,7420.4731030439,7322.01795647333,6974.74933883578,7271.74189411647,7472.31661756549,7115.55083249312,7685.7066252436,7456.66922977478,7287.13633315533,7404.38825771679,7586.94259496368,6967.43693566447,7370.71017610721,6458.58506885711,6328.21258415124,7213.94742912996,7479.11119256771,7286.26481801024,7706.0277108734,7611.70745975723,7262.29349801895,7755.95572817992,7707.20231141502,7229.48432924311,7534.69573308551,7511.28100483556,7551.00683724338,7573.14746115697,7798.55192532816,7488.72164461347,7448.48442238661,7722.4556362625,7773.68441564965,7611.97854365834,7931.55928961481,7525.75046791393,7772.67566450282,7418.08696250912,7546.98286848305,7682.51542551294,7557.42680047499,7609.05282072693,7628.60021836497,6953.7664094141,7570.20510390322,7412.08464167074,7205.50100733663,7416.09417426589,7524.94183723261,7147.54153983096,7517.45250442442,7518.98119255988,6940.7082678224,5796.41981991502,5972.85946547561,6535.8297342228,7070.00961939861,7381.90032580276,6806.68739406449,7383.99457556785,7289.1117468336,7750.38792643084,7341.33258023371,7520.98105525037,6896.64924919476
,60.5,7185.94133117213,7348.21273752728,7042.10946670548,7178.76538807419,7264.67906553044,7251.36883653891,7274.0273997261,7254.09374200448,7428.21394886484,7543.67266145782,7343.59628508171,7218.29303421438,7267.26496896538,7245.43465038097,7167.77163589206,7626.0398126647,7662.65139701236,7537.26005155336,7574.30252917423,7628.6221176031,7623.66462985726,7672.61182744669,7282.39763223705,7377.16903753905,7273.35441859622,6930.37516959907,7225.93612457232,7426.11221935251,7079.98828294827,7636.83570952968,7426.65326791636,7244.10482805581,7364.71851613722,7540.42477354599,6929.19774146009,7328.72308666352,6406.89316840882,6283.54920337775,7168.1821209782,7432.55826665011,7246.02445964855,7657.45084244031,7563.71628409314,7224.82970568884,7707.16542648436,7657.48276094773,7189.33928775736,7492.81795364493,7462.15617366597,7502.87916689998,7528.96492126411,7750.82257061434,7446.26101715127,7416.18424766198,7675.71562593294,7730.95769875126,7575.5084261285,7880.7591783416,7476.91929319601,7721.10338201103,7372.59824330075,7499.8025391197,7637.49629664385,7508.76254913431,7562.40951649649,7584.20836454565,6911.90388982711,7520.46021952733,7364.46453375722,7164.21085839848,7369.72857208388,7477.16684080492,7104.83468638104,7468.22515214236,7472.74493827355,6903.22403613337,5749.9037605995,5921.60605848152,6498.86203482208,7025.6168365909,7335.8705398241,6769.65740669721,7335.78495252086,7242.68843947911,7722.98481159601,7294.1654288511,7471.7642251996,6863.05152421383
,61,7146.51697837053,7301.45162229286,6996.93444718724,7134.98720539797,7218.33510108188,7204.42144606854,7226.61726995986,7206.04643508507,7380.57488732106,7492.84667288237,7298.14690455973,7177.82468143763,7222.52068478756,7199.47768248001,7122.63049576387,7577.54790716004,7613.26795582292,7489.06357339666,7526.259157208,7578.37121939214,7573.08909905532,7625.52146397455,7237.43093284403,7333.86497203419,7224.69088071912,6886.00100036236,7180.13035502816,7379.90782113953,7044.42573340343,7587.96479381575,7396.63730605795,7201.07332295629,7325.04877455764,7493.9069521283,6890.95854725571,7286.73599721982,6355.20126796053,6238.88582260426,7122.41681282644,7386.0053407325,7205.78410128686,7608.87397400722,7515.72510842905,7187.36591335873,7658.37512478879,7607.76321048043,7149.19424627161,7450.94017420434,7413.03134249639,7454.75149655658,7484.78238137125,7703.09321590053,7403.80038968906,7383.88407293734,7628.97561560339,7688.23098185286,7539.03830859866,7829.95906706839,7428.08811847809,7669.53109951924,7327.10952409238,7452.62220975635,7592.47716777475,7460.09829779363,7515.76621226604,7539.81651072633,6870.04137024012,7470.71533515144,7316.84442584369,7122.92070946032,7323.36296990188,7429.39184437723,7062.12783293112,7418.9977998603,7426.50868398722,6865.73980444435,5703.38770128398,5870.35265148742,6461.89433542136,6981.2240537832,7289.84075384543,6732.62741932992,7287.57532947386,7196.26513212462,7695.58169676118,7246.99827746849,7422.54739514884,6829.4537992329
,61.5,7107.09262556894,7254.69050705845,6951.75942766901,7091.20902272175,7171.99113663332,7157.47405559817,7179.20714019362,7157.99912816565,7332.93582577727,7442.02068430692,7252.69752403776,7137.35632866089,7177.77640060975,7153.52071457904,7077.48935563568,7529.05600165538,7563.88451463348,7440.86709523997,7478.21578524177,7528.12032118118,7522.51356825338,7578.43110050241,7192.464233451,7290.56090652934,7176.02734284202,6841.62683112566,7134.324585484,7333.70342292655,7008.86318385859,7539.09387810182,7366.62134419953,7158.04181785677,7285.37903297807,7447.38913071061,6852.71935305133,7244.74890777613,6303.50936751223,6194.22244183076,7076.65150467469,7339.4524148149,7165.54374292518,7560.29710557413,7467.73393276496,7149.90212102862,7609.58482309323,7558.04366001313,7109.04920478585,7409.06239476376,7363.90651132681,7406.62382621318,7440.59984147839,7655.36386118672,7361.33976222686,7351.5838982127,7582.23560527384,7645.50426495447,7502.56819106882,7779.15895579517,7379.25694376017,7617.95881702745,7281.62080488401,7405.441880393,7547.45803890565,7411.43404645295,7469.1229080356,7495.42465690701,6828.17885065313,7420.97045077556,7269.22431793017,7081.63056052217,7276.99736771987,7381.61684794954,7019.4209794812,7369.77044757824,7380.27242970089,6828.25557275533,5656.87164196847,5819.09924449333,6424.92663602064,6936.83127097549,7243.81096786677,6695.59743196264,7239.36570642687,7149.84182477013,7668.17858192635,7199.83112608588,7373.33056509807,6795.85607425197
,62,7067.66827276734,7207.92939182403,6906.58440815077,7047.43084004553,7125.64717218476,7110.5266651278,7131.79701042738,7109.95182124624,7285.29676423349,7391.19469573147,7207.24814351579,7096.88797588415,7133.03211643193,7107.56374667808,7032.34821550749,7480.56409615072,7514.50107344404,7392.67061708327,7430.17241327554,7477.86942297022,7471.93803745144,7531.34073703027,7147.49753405797,7247.25684102449,7127.36380496492,6797.25266188895,7088.51881593984,7287.49902471357,6973.30063431374,7490.22296238789,7336.60538234112,7115.01031275724,7245.70929139849,7400.87130929292,6814.48015884695,7202.76181833243,6251.81746706394,6149.55906105727,7030.88619652293,7292.8994888973,7125.30338456349,7511.72023714103,7419.74275710087,7112.43832869851,7560.79452139766,7508.32410954583,7068.9041633001,7367.18461532317,7314.78168015722,7358.49615586979,7396.41730158553,7607.63450647291,7318.87913476465,7319.28372348806,7535.49559494428,7602.77754805607,7466.09807353897,7728.35884452196,7330.42576904225,7566.38653453566,7236.13208567564,7358.26155102965,7502.43891003656,7362.76979511227,7422.47960380516,7451.03280308769,6786.31633106614,7371.22556639967,7221.60421001665,7040.34041158402,7230.63176553787,7333.84185152185,6976.71412603128,7320.54309529617,7334.03617541456,6790.7713410663,5610.35558265295,5767.84583749924,6387.95893661992,6892.43848816778,7197.78118188811,6658.56744459535,7191.15608337987,7103.41851741564,7640.77546709152,7152.66397470327,7324.1137350473,6762.25834927104
,62.5,7028.24391996575,7161.16827658964,6861.4093886326,7003.65265736927,7079.30320773626,7063.57927465746,7084.38688066117,7061.90451432672,7237.65770268964,7340.368707156,7161.79876299387,7056.41962310745,7088.28783225413,7061.60677877704,6987.20707537925,7432.07219064616,7465.11763225451,7344.47413892655,7382.12904130925,7427.6185247592,7421.36250664949,7484.25037355817,7102.53083466497,7203.95277551967,7078.70026708786,6752.87849265228,7042.71304639577,7241.29462650059,6937.7380847689,7441.35204667393,7306.58942048264,7071.97880765774,7206.03954981886,7354.35348787528,6776.24096464249,7160.77472888875,6200.12556661568,6104.89568028382,6985.12088837117,7246.34656297971,7085.06302620173,7463.14336870801,7371.75158143668,7074.97453636839,7512.00421970203,7458.60455907851,7028.75912181433,7325.30683588264,7265.65684898762,7310.36848552637,7352.23476169267,7559.90515175914,7276.41850730247,7286.98354876343,7488.75558461465,7560.05083115774,7429.62795600912,7677.55873324874,7281.59459432439,7514.8142520439,7190.64336646726,7311.08122166639,7457.41978116747,7314.10554377158,7375.83629957479,7406.64094926838,6744.45381147917,7321.4806820238,7173.98410210319,6999.05026264577,7184.26616335589,7286.06685509421,6934.00727258135,7271.31574301411,7287.79992112828,6753.28710937717,5563.83952333737,5716.59243050514,6350.99123721928,6848.04570536002,7151.75139590948,6621.5374572281,7142.94646033285,7056.99521006104,7613.37235225669,7105.49682332066,7274.89690499648,6728.66062429001
,63,6988.81956716415,7114.40716135522,6816.23436911437,6959.87447469305,7032.9592432877,7016.63188418709,7036.97675089493,7013.85720740731,7190.01864114585,7289.54271858055,7116.3493824719,7015.95127033071,7043.54354807632,7015.64981087608,6942.06593525106,7383.5802851415,7415.73419106506,7296.27766076985,7334.08566934301,7377.36762654824,7370.78697584756,7437.16001008603,7057.56413527194,7160.64871001481,7030.03672921076,6708.50432341557,6996.90727685161,7195.09022828761,6902.17553522406,7392.48113096,7276.57345862422,7028.94730255822,7166.36980823928,7307.83566645758,6738.00177043811,7118.78763944506,6148.43366616739,6060.23229951032,6939.35558021941,7199.79363706211,7044.82266784004,7414.56650027491,7323.76040577259,7037.51074403828,7463.21391800647,7408.88500861121,6988.61408032857,7283.42905644206,7216.53201781804,7262.24081518297,7308.0522217998,7512.17579704533,7233.95787984026,7254.68337403879,7442.0155742851,7517.32411425935,7393.15783847927,7626.75862197553,7232.76341960647,7463.24196955211,7145.15464725889,7263.90089230304,7412.40065229838,7265.4412924309,7329.19299534434,7362.24909544906,6702.59129189218,7271.73579764791,7126.36399418967,6957.76011370762,7137.90056117389,7238.29185866652,6891.30041913143,7222.08839073205,7241.56366684195,6715.80287768814,5517.32346402186,5665.33902351105,6314.02353781856,6803.65292255231,7105.72160993082,6584.50746986081,7094.73683728586,7010.57190270655,7585.96923742186,7058.32967193805,7225.68007494571,6695.06289930908
,63.5,6950.63593637121,7068.08983900065,6771.91278651003,6917.32565317557,6987.64088196891,6971.00003351764,6990.81198541035,6967.21871778602,7143.2454025026,7239.91333160409,7072.10657987556,6977.59081175368,7000.28202988101,6970.88687731187,6897.945934769,7336.67414902693,7368.28916172075,7249.45922624514,7287.90290374695,7329.21353106445,7322.19101644447,7391.1678707817,7014.72879176865,7119.11865137654,6983.38872574046,6666.38563780532,6952.75670893619,7150.16050250174,6868.57329773566,7344.80427064945,7245.59436551184,6987.67514482498,7128.37265886382,7263.26238320978,6701.65916356413,7078.85960914143,6101.86983919513,6019.85825884977,6895.12477825657,7154.95714600961,7005.48141299026,7367.90284367525,7276.78478797864,7001.50672397921,7415.99791436429,7360.46907663889,6949.98919403868,7243.4480064946,7168.33687373421,7215.67160180411,7266.31616405676,7466.43893206321,7193.37858547448,7220.81698664918,7396.71991418192,7474.8282543889,7354.27310551308,7577.67062762244,7185.53955822328,7413.6718874152,7101.10073672531,7218.31406281091,7368.62832458857,7217.86420606527,7284.1600557586,7320.23691588478,6662.0011512979,7223.50275315591,7080.33875883847,6918.21906183417,7093.06695376792,7192.19378745223,6850.22275983899,7174.28889646405,7196.81466444726,6679.57526091498,5477.33321715126,5620.28969184408,6278.43755383157,6760.3189486397,7061.29854121307,6548.43238424241,7048.15834836032,6965.53170178245,7560.68011528031,7012.15539306862,7177.4378690225,6663.09813833513
,64,6913.87264914263,7023.19926394451,6729.17522869889,6875.58806023194,6943.41508296407,6926.72569106045,6945.80448084794,6921.93993390165,7097.26207014609,7191.55084716064,7029.37001475812,6940.67362664875,6958.47496588739,6927.49833573248,6855.07578847268,7291.5182758513,7321.96277980585,7203.5691148106,7243.06145023851,7282.25338573409,7274.91894444515,7346.72304953928,6973.48973238897,7079.22125082096,6937.99910453734,6626.66791852922,6909.39791831825,7106.13242422691,6835.94774194789,7298.99836575339,7213.29275795509,6948.29758739882,7091.13608747661,7220.07969664219,6666.84373331332,7040.65242246204,6059.96465628299,5983.71670906096,6852.61819757827,7111.25391042141,6967.06035677551,7322.97611318506,7230.88215475273,6967.04966372513,7369.95132262667,7313.26966145075,6912.13791251821,7204.69195975095,7121.89390556483,7170.43335805544,7226.73516053962,7422.43591371399,7154.12435295191,7185.649591664,7352.37896819519,7431.77052598801,7313.22465863745,7530.16689240326,7140.10176092715,7365.6260417801,7058.3071955906,7173.43838556757,7326.77960439633,7171.66620197637,7240.4866554998,7279.61640054465,6622.9534226619,7177.16006760348,7035.68758042866,6879.84266683633,7050.01607045721,7147.52801985021,6810.57322023176,7127.81656173235,7153.56482947503,6644.32066681647,5442.5929157999,5580.2804398017,6243.40906289489,6718.42767210209,7018.22661303662,6513.34476334179,7003.51516141519,6921.84895596907,7537.74582492733,6967.03825036606,7130.51993398555,6632.55000715712
,64.5,6878.84347887033,6978.6674057851,6687.41966168865,6834.71410910243,6900.30501437217,6883.54250054915,6902.03902247262,6877.21893916564,7051.78323969215,7144.18790094824,6987.99314053443,6905.26709198412,6918.35781124359,6885.15202291246,6813.21552104831,7247.95458038066,7276.66238994237,7158.77819718378,7199.33806570694,7236.74825283585,7228.80722665637,7303.45904907934,6933.54981778452,7040.90319926242,6894.66224327784,6588.89183449159,6867.20212390631,7063.60345862824,6804.63309882158,7254.62357103492,7179.15403763918,6910.12930068801,7055.48873091287,7178.26572716795,6633.25105053767,7004.14351022038,6021.9062940134,5951.17953800731,6811.12341917112,7069.02073303271,6929.79908135927,7279.99566327765,7186.52044677479,6934.00885817759,7325.11544563797,7267.57806078624,6875.2095011976,7167.49555345998,7076.66701647205,7126.55142736047,7188.77067491191,7380.10305085985,7116.72416270116,7149.20716402785,7309.24384444201,7389.84224533251,7273.88808826149,7484.19396887739,7095.81087630141,7318.6809709767,7016.03473083378,7129.60239952419,7286.75377479103,7126.9569079719,7197.96855372465,7240.23680850481,6584.96082493823,7132.44010659585,6992.6227780422,6842.65479480982,7008.70888787979,7104.17436970844,6772.17121532131,7082.51217913462,7111.49693720097,6610.13467833281,5412.7768290973,5545.07649448703,6209.69099560318,6677.49395871144,6976.63793524455,6479.21984614731,6960.17666507909,6879.06851156009,7517.86343262469,6923.32884366403,7084.81869221153,6603.52285891293
,65,6844.77796079896,6934.63132776444,6646.21221326596,6794.31669741669,6857.83047808541,6841.28738412593,6858.93581349094,6833.12629746095,7006.40568186316,7097.38373809653,6947.60839102749,6871.58630844107,6879.77585748305,6843.96167386996,6772.36383752992,7205.76043499562,7232.17676276711,7115.38020019404,7156.85027599862,7192.23453611714,7183.92396407256,7261.22975447086,6895.15081337884,7003.37382411746,6853.00833103047,6553.05653098384,6826.3131459488,7022.31723183896,6774.40344508154,7211.75800516169,7143.30843105882,6873.20521341597,7020.7489167046,7137.37275369154,6600.89100915118,6968.80989588761,5986.92987576489,5922.24821590684,6770.58915436967,7027.74205591431,6893.53042531148,7238.45434701779,7143.7337953198,6902.23581568616,7281.02999832001,7223.51356950107,6839.28347765174,7131.60995190762,7032.66466807239,7083.67460991137,7152.0761210659,7339.07851673059,7081.15448412927,7112.03214931745,7267.08650942035,7349.09406805741,7235.79600563579,7439.29068328808,7052.71594301727,7273.00019544907,6974.72222582576,7086.52041141698,7247.97216571791,7083.56457646712,7156.88342197693,7202.14892441625,6547.88538104533,7089.00589461675,6951.0188351982,6806.3805766041,6968.52684273025,7061.96812134896,6735.34621165599,7038.40383908565,7069.99626212962,6577.45591862636,5387.08565872319,5514.14757120737,6176.73422791196,6637.65545873155,6936.38228069618,6446.24711360713,6918.06022553068,6837.36482557266,7501.1850698271,6880.48009702185,7039.85348019576,6575.51542811253
,65.5,6812.07296592307,6891.61982804583,6605.59109429185,6754.90418913994,6816.32352964271,6800.31851507453,6816.28512815606,6789.89285177496,6961.76276944834,7050.98472787438,6907.99573635828,6838.16200801607,6842.5120571633,6804.27426590535,6733.01426402705,7165.08069326389,7189.19596263617,7073.38642599431,7115.24158356435,7148.51323653196,7139.87319312932,7218.91789775607,6857.05040488612,6965.58680185228,6813.09700287787,6519.89220211811,6786.7828805653,6981.87247885499,6745.26283075395,7169.87932757147,7105.56263269936,6837.46301008186,6985.2436454614,7096.56717642593,6569.52429398315,6933.2233936367,5955.01258554835,5896.29579529928,6731.26482729907,6987.99304077361,6858.41021006991,7198.58218439176,7101.94216630015,6870.83250967325,7238.14235878959,7180.35415086467,6804.01717305935,7096.01905901184,6990.20029178938,7042.16729068902,7115.33383258597,7298.39342236458,7045.18496820045,7074.5167623102,7224.66918037308,7308.93791824177,7197.85970170363,7395.49815839608,7010.48845664876,7228.20082478694,6934.49656115164,7044.71328699176,7209.45675048202,7040.60018904069,7116.89074062422,7164.57591446216,6511.63186361339,7046.29249330326,6910.57889493318,6771.15465110174,6929.2681280332,7020.7860753226,6699.50436065805,6995.63378411871,7029.48787587163,6545.86348342273,5364.39007497775,5486.5570824378,6144.81641900786,6598.85719688281,6897.01961936828,6414.52865322763,6876.86108748413,6796.69758240029,7488.36116065756,6838.49274475053,6995.74822899681,6548.25641410343
,66,6780.22208327091,6850.37955465007,6565.77933591011,6716.22343238128,6775.74277989386,6760.25153354796,6774.02340719143,6747.32844865551,6917.84406385636,7005.04419609962,6868.67704496733,6802.46259873921,6805.88581905216,6765.1752838962,6694.37227719201,7124.01784240898,7146.02999833814,7031.90702059662,7073.58627794351,7104.5856018432,7095.93871950278,7174.8902198938,6817.47134139577,6925.50824094213,6774.30912445518,6488.21953831659,6747.19364008307,6941.5094091945,6714.07517102749,7128.50285705906,7065.64141150562,6801.71299626569,6946.59770314137,7054.83617592982,6537.27226501545,6895.17586786522,5925.82888867801,5872.58626744136,6691.79393994111,6947.70835045935,6823.47129012813,7157.79418019474,7060.14124741634,6837.50256044264,7194.8337053141,7137.88061906359,6768.5460183415,7058.27247432251,6947.85775340879,7001.27706344584,7075.72024888881,7255.3870753726,7006.37072373137,7035.08195433762,7180.0667622861,7266.33227091835,7158.23951927813,7350.84049612111,6968.22775981497,7183.35618195251,6893.46454991892,7002.62508165645,7168.43587924477,6997.95788115517,7075.87287409344,7125.46631478919,6476.21380176838,7003.86619489772,6870.1075300917,6736.06718507087,6889.30267545956,6979.28196962765,6663.88231106518,6953.0144046218,6988.57228588745,6514.83434220275,5342.7765050436,5461.82573718019,6113.27851536242,6560.69057466158,6857.56997173946,6383.13139852907,6834.90450791191,6755.71181478049,7479.61259871695,6797.33082788599,6952.41377857668,6519.77398609171
,66.5,6747.14947704166,6809.43127206663,6525.41464232228,6677.45580805916,6734.10025521553,6719.91539029671,6731.35569463013,6704.86535834842,6873.96365004669,6959.10045564168,6827.467393543,6762.40543228027,6767.21355639116,6724.74743770887,6653.9680085283,7080.05118279474,7100.79758685659,6989.13639977183,7030.26760041315,7059.2094277782,7050.50231678283,7125.8837318166,6774.40364089057,6880.69925699796,6735.85193545509,6455.95386135136,6705.79828650913,6899.00077917018,6678.99608149523,7084.5995879936,7020.91397395311,6763.9908895486,6902.50903227014,7009.80953087808,6502.21903659876,6852.42868168737,5897.60759795635,5848.98098861084,6649.97945231664,6904.59756392623,6786.57303866645,7113.90392395774,7015.92212989253,6799.50952772989,7148.99941782101,7093.65674001428,6730.77330430616,7015.87501240933,6902.83493196933,6958.51436033437,7030.91408445273,7207.47321523353,6962.28763704703,6990.27645310847,7131.08239916204,7219.15916995346,7114.45842901948,7303.04603176574,6923.37374065212,7136.19752318258,6849.3987422598,6958.24034508247,7121.88418116028,6952.82073120214,7031.45599331776,7083.01721808998,6439.23692987211,6958.86251647356,6827.07367492334,6699.24044564349,6845.93923685014,6935.28229371002,6626.54301048194,6908.3016869264,6944.37889005645,6482.20298678632,5321.04891432682,5438.51127406614,6081.43231540589,6520.41747496892,6815.60112637721,6350.4130446668,6789.63289162008,6712.03543838054,7472.57729960524,6754.74939866173,6908.0132424478,6487.55919227467
,67,6710.49813898854,6767.72753365024,6482.32162768214,6636.13384692452,6689.22489303256,6676.97808815818,6685.95327755568,6660.25444364825,6827.94617964459,6910.91761170538,6781.6888397905,6714.86995294983,6724.39752561244,6681.21699249021,6609.51162746551,7030.50802612677,7051.44078053528,6942.42123244585,6982.48128856547,7009.67863226639,7001.18605917208,7070.05855061358,6725.2492210163,6828.26563087981,6694.99641159272,6421.43898523659,6660.00377204358,6851.74731856167,6636.73717080976,7035.93826719763,6969.20329987514,6722.06324680811,6849.72823592874,6959.01775300096,6462.06995039982,6802.17341851149,5868.46252552828,5823.49264354474,6603.81371227786,6855.34841490726,6744.94131697281,7063.84206735497,6966.19909249052,6753.95214611677,7097.90116361217,7044.4931783527,6688.46263685127,6965.58097516069,6852.79521419859,6911.16726434105,6978.38038021035,7151.36480471964,6909.47068637615,6937.44889096617,7074.27645499759,7164.18079137107,7062.91983138534,7248.63604254155,6873.68403114173,7084.47740138339,6799.94730517078,6908.66151568324,7066.487647142,6902.32592557488,6980.88651063699,7034.29830027094,6398.4011281297,6908.92736448293,6778.53539065333,6657.55310222563,6796.35052532345,6886.14502395059,6584.72970275354,6859.03162871543,6894.34880272414,6445.69555037317,5296.70805062726,5414.43821511448,6046.44529196403,6475.6543759773,6768.32596119109,6313.49166810759,6739.02620260235,6663.61213130771,7462.53431493124,6708.09595208485,6860.07455789041,6448.61976235608
,67.5,6667.83374448751,6723.08636155645,6434.22323928318,6589.91299693636,6639.04530890561,6628.53414760539,6635.32779280184,6610.67848701763,6777.21559330462,6858.24960502578,6728.74947405154,6656.7538719357,6674.68736504817,6632.30737094461,6557.65968036659,6971.83544982783,6994.6073419796,6887.9085887957,6927.48000876154,6953.25757227207,6944.79711072302,7004.2019965945,6667.35668612772,6766.04081867213,6649.48683576334,6381.91941049991,6606.76417760333,6796.46530290098,6583.87732787772,6978.77388894785,6907.22729641208,6672.38710356491,6785.76880738863,6899.31882861575,6413.60344586927,6741.30474239413,5836.55874361191,5793.65284868211,6550.40894129916,6797.19513485765,6695.21988683724,7004.39775243786,6907.72699093854,6697.16955913335,7038.71797046945,6987.0009221918,6637.84150819963,6904.6646661145,6794.41253923727,6856.24807572671,6914.029641379,7083.94356779136,6844.24884253534,6873.41401584755,7006.57502019025,7098.23738362431,7000.2455289967,7184.76522211968,6816.15192940668,7024.92017316781,6741.54664515245,6851.00012366774,6999.41895082332,6843.67109328181,6920.79328502555,6975.86620577739,6351.32033037936,6851.12511774659,6721.80391455497,6608.03764313549,6738.10294067678,6828.65019927946,6535.23625015236,6801.8780634094,6835.55568833696,6401.80651128222,5267.85050660924,5387.94885442315,6005.49978720058,6423.64878590246,6712.60661268967,6269.4254353349,6680.27943179648,6606.95903457545,7444.85150283832,6654.96586356345,6806.42475453058,6400.59543621988
,68,6615.88316509374,6672.35729675137,6378.06581374263,6534.97419144104,6579.98526940353,6571.10437777166,6576.40967380638,6553.07062780827,6718.39308616952,6798.08787964431,6665.78575206744,6587.04160290725,6615.38449237854,6575.28943519362,6494.95919996097,6901.00828371184,6925.96819087541,6822.06611633203,6861.4049343006,6886.66005483456,6878.47315099752,6926.39082910824,6598.63349549462,6692.36821403523,6596.61041939181,6334.11961009905,6543.04017942084,6730.30936658309,6517.96018810276,6909.99813313178,6832.40701329508,6611.24880272831,6710.07525369847,6828.29359407099,6354.14119244862,6668.89469807084,5799.65389484895,5757.3666585835,6486.40908556455,6726.68599217134,6633.82844843511,6931.99361103763,6837.54367750634,6627.66829794304,6967.70333873818,6918.60225847635,6576.15913993393,6831.5595891123,6724.65510760427,6790.26706197498,6837.13372109598,7003.86569509765,6767.62266028624,6797.16941054409,6927.08435165588,7019.38289668926,6924.79321849057,7108.25539578981,6747.61100010493,6953.9159794309,6671.33152496827,6781.70775433733,6919.44981608361,6773.96923286541,6848.06823977678,6904.35038073143,6294.29569535741,6782.62634792417,6653.43079743021,6546.99838508105,6667.90724984122,6758.97131242488,6474.88852636621,6733.3741188203,6763.88938440128,6347.37333151689,5233.91429756798,5357.67159805542,5955.6224180649,6361.20734921331,6645.26776359017,6214.81334721722,6610.05428087743,6539.54829975989,7413.61453854332,6592.09636915311,6743.51640575298,6340.34331527082
,68.5,6552.98961390936,6611.98684479058,6311.01180221815,6468.29317135262,6508.62790250119,6501.7429984641,6505.94770918511,6484.09390291508,6647.69878283938,6727.00379412073,6590.83013935106,6506.52805287245,6546.16812862907,6509.16453911815,6420.20063650814,6817.33930360541,6844.54207385592,6743.19584667665,6782.3887563229,6808.02719706687,6799.44318127158,6837.20059855385,6518.52143201403,6607.61693671272,6534.73506868827,6276.48697502502,6467.42941951452,6651.66603346916,6440.29812906485,6827.64820373775,6745.85623924954,6537.37459519363,6623.47119632704,6744.56699913474,6283.73195212017,6585.89935056159,5756.22942290307,5713.82520888021,6410.79914019379,6643.70423479421,6558.87336421883,6847.00792183391,6754.92607954306,6546.35675730464,6883.9488757578,6837.05764577616,6501.95781146722,6747.04890156449,6642.5682485331,6710.8770875343,6749.30629079152,6912.51064328177,6680.62683074184,6709.55843903959,6836.49300941538,6928.47428686059,6837.22660582475,7019.35352086098,6666.28769498766,6869.70009850783,6589.34689195264,6700.01653163438,6828.3153914601,6691.54602878524,6763.12455156147,6820.92014184577,6224.62853818864,6701.1326366856,6572.67292367982,6472.78617457814,6585.7512715519,6676.77020185926,6401.80861047367,6652.02096061324,6679.33806476755,6279.73712919089,5195.64342300511,5322.0181177972,5894.29391034582,6286.58079508975,6564.99294698055,6148.10503546186,6528.67172000514,6460.41517185009,7363.71666376123,6517.02219641295,6668.52426690969,6268.23961845161
,69,6480.49835728487,6541.91135509865,6231.63960685234,6388.41389676082,6425.45531862914,6419.7956414843,6422.71330687883,6402.00192475052,6563.51137444977,6642.33558865745,6504.44002883714,6416.11256302364,6469.35118039913,6435.10906224435,6334.35850505703,6721.74481727637,6751.12458217697,6651.77388796012,6691.12922283968,6716.97008351513,6708.11789623966,6738.00344458455,6427.9724965946,6512.88649901873,6463.9879693067,6210.56842784635,6380.88040759635,6561.55896815277,6351.68799712761,6733.14649131486,6649.193403168,6451.028027727,6527.34299859445,6649.34494939329,6202.67842548733,6493.19509308967,5707.24375544992,5664.38764355578,6324.0862749707,6549.40043630035,6471.45430418527,6750.18288343896,6660.96628130815,6454.65264491279,6788.45839714423,6743.00503408554,6416.20401355123,6652.82128367037,6549.20705807434,6619.56404107332,6651.65324624809,6811.09596748614,6584.40666080291,6612.36787156075,6735.72384766485,6826.53115518996,6738.36597515132,6918.6326313311,6573.16062952538,6773.13604966505,6496.68477032253,6607.01208332213,6727.16775354633,6597.61006733312,6666.91867713972,6726.01570881615,6143.00708160776,6607.63717393053,6480.99964751262,6386.22844692042,6492.83372399187,6582.827545878,6316.40920286834,6558.72112761158,6583.11378633719,6199.62553974843,5153.65031138952,5281.45490808594,5820.73774731276,6200.89170253618,6473.195142969,6069.40698579578,6437.10349966885,6370.64016973734,7294.50725612795,6430.23207658126,6580.93776564176,6185.38146143805
,69.5,6400.28796413951,6463.76845513206,6141.45440181869,6296.43387492929,6331.14379848704,6326.4361357741,6327.99388645622,6308.06688919044,6467.31099392134,6545.22264452598,6408.36150054542,6318.10992506101,6386.12524234244,6354.55988637383,6237.97237878304,6615.68685395769,6646.28525979332,6548.82156286482,6589.28677722534,6614.44367511916,6605.52063094873,6629.9255634903,6328.56093047125,6409.55140380765,6386.10899270738,6137.41806181598,6284.13430213184,6460.81138805058,6253.68183234348,6627.69211004148,6543.25539346443,6353.3054146581,6423.28391378962,6544.0011164429,6112.10855014116,6392.31318714613,5653.72449327166,5610.63131332289,6227.47459228788,6445.71811655351,6372.53363475817,6642.8506744885,6556.82806423042,6353.75246108337,6682.37474807238,6638.21489354151,6319.94041011937,6550.50280212975,6445.9391927024,6517.40424919837,6545.00765347911,6701.30314958114,6480.51520289123,6507.05849365761,6626.51299598502,6715.52473067118,6630.11489769008,6808.27178133693,6469.75477265649,6665.32760445403,6394.4795751482,6503.87342203747,6617.84213245511,6493.93389518585,6560.98208258495,6621.44308374963,6050.45291119735,6503.10607109209,6379.5669646268,6289.05828728055,6390.7707521305,6478.60904299472,6220.27832828408,6454.78540020749,6476.34352433164,6107.97777159053,5109.45177494309,5237.21589052879,5736.11285660713,6105.19135126799,6370.62837883255,5980.25757341057,6336.30346635914,6271.47321941351,7208.9089959051,6332.99916615874,6481.97742647608,6093.11606138522
,70,6314.45763562048,6378.64894007669,6041.56520766614,6193.43238362324,6226.82102890086,6223.3642122143,6223.07256842128,6203.42655228742,6360.38935792796,6436.71726596919,6304.22571578217,6214.14847179386,6299.19963495428,6269.15295760801,6133.62898435697,6501.24765814169,6531.73631232638,6436.66016543908,6477.66685777127,6502.06391318813,6493.24920365362,6514.59125746397,6221.57858249859,6298.75940374934,6302.95182366328,6059.13191553384,6178.66924190227,6350.96753608243,6148.12764482134,6512.87968146966,6429.75023984801,6246.44248794662,6312.85832490884,6430.20519742077,6013.59324569945,6285.31593919349,5596.76568562904,5553.41505999827,6122.42569441282,6333.68463665139,6264.03738218319,6526.72143290853,6444.35488377881,6246.0490059585,6567.06221533749,6524.48092701877,6215.17958246903,6441.83630435751,6334.67420314843,6406.3187668402,6432.39242045503,6585.15086524325,6372.79523465207,6395.19861342237,6510.45515377674,6596.72909820686,6514.68555449721,6689.48464590239,6357.27943108152,6547.72702600597,6284.64129379993,6392.23120102159,6501.90196711278,6381.54488961764,6447.18441797394,6508.9269632749,5948.02709922242,6388.89294520132,6269.57886691337,6182.79335449769,6280.52176968745,6365.45405847712,6115.09514496193,6341.84905610315,6360.4259988193,6006.32360427687,5064.0915845322,5189.98681672963,5642.4575525457,6000.84652376816,6259.35844107864,5882.03363624816,6227.76792338957,6164.9197741322,7109.51101840623,6226.5717831934,6372.64430359086,5992.74206520842
,70.5,6225.822686107,6289.29302922917,5933.45456314345,6081.78720007946,6114.26107598348,6112.18607350587,6109.61515698606,6089.79845699182,6244.33168517466,6318.48427000583,6195.23006507408,6105.01409344337,6210.96845528657,6181.25974000143,6022.4586192682,6379.77340274523,6410.10875989454,6317.20290581832,6358.66834273849,6381.61316115017,6372.98909291679,6393.50364275452,6108.51634528386,6181.91958746349,6216.98558072344,5978.09711415886,6066.09381878239,6233.9629536064,6036.41561522291,6390.76419701247,6310.658990832,6132.22375443881,6196.74696458992,6309.52568776338,5909.08244794676,6172.90691769484,5537.34906285711,5493.80963216415,6010.56094344248,6215.46118229692,6148.02179847605,6403.8093035803,6325.34870327837,6132.68182434082,6444.68250259087,6403.11079672234,6103.61499050862,6327.6353727516,6216.6748070509,6288.02552005163,6314.55464389187,6463.57530994363,6261.01375525079,6277.64711217606,6388.08193037176,6471.42220600932,6393.27309990536,6564.38223640544,6237.70826255994,6422.92494528514,6168.42010058307,6273.75597048454,6380.14740634618,6262.52246276621,6327.23568601284,6391.16631753444,5837.77139394671,6266.79233541239,6153.14942787057,6069.92867063388,6164.21643703821,6245.92560373019,6002.58919536875,6221.94866664529,6237.88376243587,5896.50652868815,5017.1779069285,5139.88135717135,5541.03493406428,5889.47243984618,6141.49978795961,5776.39238733847,6113.72488708292,6051.95011659102,7000.22662882498,6113.20656103891,6255.17821618746,5886.43771839374
,71,6138.69510693229,6198.51474216182,5818.35009787294,5963.25718051832,5995.43137820814,5994.66939267221,5989.23867046637,5969.00391012662,6121.43777542473,6192.24192441948,6084.30542543325,5991.20457631548,6122.07799605442,6092.09092640771,5905.18012241316,6252.13488099846,6281.73853564221,6191.4355279211,6233.44556439955,6254.15428519775,6246.31512362267,6266.34515853237,5993.12858803049,6059.20364695719,6129.81756049554,5896.26938438672,5947.44821732552,6110.06930193187,5918.2319441908,6261.93466128382,6185.28020567005,6011.51419584335,6074.49295737544,6182.64710200416,5798.47797234174,6054.82947357424,5476.03397660057,5432.56974858966,5892.71558963349,6090.94341180009,6025.68177146309,6274.14390720876,6200.55139630074,6013.42367653973,6315.65635360993,6274.95558059928,5985.99494997024,6207.75752720952,6092.82128320883,6163.90969078787,6190.7877440769,6336.08363269478,6144.63546242316,6154.01378020085,6259.38144064398,6339.25075546767,6265.73621172694,6432.74923007691,6112.12695325729,6291.69065282739,6045.73665666303,6149.10507336309,6252.17110969176,6137.5312980554,6201.2661221392,6266.95460605197,5721.23785033268,6137.78157419355,6030.73347346519,5950.95223917615,6041.56936883921,6119.80361885661,5883.25765124132,6095.6067844545,6108.38605217172,5779.96833419792,4968.5948558366,5087.8043952661,5433.48094791005,5772.08403918825,6017.43781453265,5664.54164460378,5993.56582337717,5933.34924002214,6884.30511946181,5993.58647129047,6130.80674063765,5774.316289144
,71.5,6053.02798398647,6106.0832096514,5697.39477330911,5838.57340891055,5870.25874345261,5870.4980822678,5862.311322261,5841.36638157181,5991.80049981515,6059.17226580284,5970.95598725737,5872.27035792363,6031.94165922645,6002.01392054958,5781.04071585758,6117.8618411868,6146.4229990464,6058.85959841968,6101.22540761001,6119.87394577968,6112.64667804863,6132.44042750844,5874.22488282935,5929.97671095809,6042.35366348326,5813.47817690314,5821.44036413577,5978.65058440816,5792.95223424134,6125.43296662132,6052.56567614505,5884.00329429846,5945.19477819981,6048.5125806002,5681.95397137189,5930.60971903977,5412.6934370465,5369.5414681829,5768.27828279928,5959.09565836232,5895.59697634525,6136.8086329008,6068.76720392633,5887.40217559766,6179.00857695173,6139.64484983872,5861.86264463445,6081.36200575371,5962.07365406279,6032.55627201399,6060.61084912804,6202.05099827417,6023.11806391845,6023.46659140854,6123.25820924055,6199.93072351057,6131.87762524283,6294.33046503123,5979.23101176361,6152.96526590856,5915.82419553539,6017.21890149578,6117.38506619004,6005.91080239426,6068.52921364087,6138.7938489998,5597.76142482223,6001.09044831521,5901.41262308262,5825.20736916959,5912.09508271511,5986.45336511516,5756.88352750151,5961.90161922518,5971.05974524852,5656.01449921498,4918.35294283773,5034.1198711404,5319.84737987395,5648.0770954948,5885.67108207077,5546.21074162113,5866.79275759142,5808.40815272034,6763.10973723412,5867.45835017992,5999.83576842162,5656.11426994962
,72,5968.32443735903,6011.34269856637,5569.11470869356,5706.49714043931,5738.17873489896,5738.95026426122,5727.24928003414,5706.13100895971,5853.87395181859,5917.87492898768,5853.52090481011,5746.4979728178,5940.52152829258,5910.47468714527,5649.5530080568,5975.16639432074,6002.63539009633,5918.73101758622,5960.54983614569,5977.88015937906,5970.56605651834,5990.26302846814,5750.21740620673,5793.25152369075,5954.41438472304,5730.03353339987,5687.09066319826,5838.69048052587,5659.89671025778,5979.97813674774,5911.62833794889,5748.51698837388,5807.67559300389,5905.42374412466,5558.19040946064,5799.28984776894,5347.74273990168,5304.78160219269,5635.63310709211,5818.38454186112,5756.62519258536,5990.25998005263,5929.00707838202,5753.91752858683,6033.55124775247,5995.42008401003,5730.32562311577,5947.45100910548,5823.1173178556,5892.73149165588,5923.16201030283,6060.19913381905,5894.81988282628,5884.5226553296,5978.00899215308,6051.35473419056,5990.08963033361,6147.60835242013,5837.13271653842,6005.23996884672,5777.58012616799,5876.95038943781,5973.84944774447,5865.85332922749,5927.59491259259,6004.79091477941,5465.99065002277,5855.36603558872,5764.28774324918,5691.75666381012,5774.08773871439,5844.31189348423,5622.31682996505,5819.3927670752,5824.82429496819,5523.35646254126,4866.5832421823,4978.88220620171,5198.79237697082,5516.19541770744,5745.71048506921,5419.97712460745,5732.44225830574,5675.93778328216,6635.80765977861,5733.76644029683,5860.88659247452,5531.35538827077
,72.5,5883.62401399024,5913.98271877248,5432.03537814486,5565.66861623206,5597.17700161166,5598.1659808303,5582.55001491174,5561.5968207581,5706.03895354976,5766.47978560282,5730.15415736086,5612.50326956508,5846.36004960545,5816.92642133445,5508.0461532729,5821.95365388272,5848.95641636517,5768.51573451997,5809.71136393876,5826.23686650553,5818.36087977505,5838.36216714406,5618.68523929923,5647.41744267956,5865.52271617507,5645.50889802955,5542.75613965158,5688.35903900517,5517.04690995123,5823.86557672003,5760.57391677978,5602.91237494277,5659.68404149477,5751.40801296589,5425.94650468675,5659.13663677684,5281.79656215332,5239.28315850415,5492.90440305565,5667.29775529648,5607.12501808603,5832.72356365372,5779.40362368739,5610.7491570059,5877.47621348377,5840.3504264002,5589.72892466648,5804.02764297155,5673.89322806902,5742.56361076532,5775.96163530947,5908.3851960016,5754.56003009404,5735.63376385912,5821.99318406746,5891.66952113475,5838.35534646513,5990.76127008053,5684.36013356104,5846.70168872694,5628.95939100409,5726.36563973758,5819.84842509169,5715.88655064002,5776.50076900259,5863.12551164863,5324.13537145029,5698.79015389248,5617.70362455628,5548.96044061021,5626.42038378325,5692.13221298678,5477.58114218207,5666.05330800829,5667.33818459364,5380.0546448246,4814.19761858121,4923.2244821566,5068.63771979437,5374.7095948461,5594.95260497633,5284.23384869271,5588.66769521182,5533.84790032252,6500.82570938705,5590.89202870238,5712.40777397863,5398.12674548118
,73,5796.66460396497,5811.42331791708,5284.31705492386,5413.71734286562,5445.58751263211,5446.59732453854,5426.16660699069,5405.2977994156,5546.43135304318,5602.84865974845,5595.41412146801,5468.78997844613,5747.47407146724,5718.93528989259,5355.59429354057,5656.56399244815,5682.50754945793,5606.07414007259,5646.53566533381,5662.4351552856,5653.69442782006,5674.36688485493,5476.7542128869,5489.71388509082,5774.2320632146,5558.70042317547,5386.31679928818,5525.02174314258,5362.0794815392,5654.30413594339,5596.7457541173,5445.30729417683,5498.79534287847,5584.39096567273,5282.68456907061,5508.22894664264,5215.81934476409,5173.97803570161,5338.5632466049,5503.26173612852,5444.66791456158,5661.36740567179,5617.85553158937,5455.84146840499,5708.30855976246,5672.40441919844,5437.91504716975,5649.47903932353,5512.54943377256,5580.00841045108,5616.69989852992,5744.32385900466,5599.52785160929,5574.25246582108,5653.18734055212,5718.64141753894,5674.49858451661,5821.4420061263,5518.37387816343,5674.60525660376,5468.04114810905,5563.4975166444,5653.48323362608,5553.80168660128,5613.25346745344,5710.64133558544,5170.96913661518,5529.13308006147,5459.62268940883,5394.30899208026,5466.45251173202,5527.18132263741,5320.86920383675,5499.7460644935,5496.49177331412,5224.34219336487,4762.44153850102,4868.24613786075,4927.91454002751,5221.60459254955,5431.29430768145,5137.28817192487,5433.07835221746,5380.90181879541,6356.25586301883,5436.4013573398,5552.36157603867,5254.41731507537
,73.5,5699.77915855005,5700.86662978336,5125.08779131204,5249.22079747377,5282.0737153635,5282.86476581996,5256.19326215146,5235.69466723575,5373.38905248725,5425.91407190787,5444.01245515502,5313.35970177723,5641.40259457395,5614.47310102416,5190.88008630019,5477.45196681522,5502.38742228184,5429.85304983324,5469.66578636542,5485.09812326702,5475.57160580969,5496.90899829855,5316.85137437544,5318.91846761012,5678.17929781343,5467.32114419759,5216.38930895177,5348.24426710259,5193.97537536742,5470.14457361566,5419.19332766002,5274.36933089846,5324.54535554202,5403.33521075917,5127.75128566946,5345.11015879955,5149.79420100103,5108.09993695149,5170.85983315374,5325.43406330589,5268.11552550577,5474.81234545702,5442.75606486513,5287.89306221464,5525.35183530485,5490.80697497671,5273.98856412884,5482.60633900043,5337.76147303892,5403.77212007906,5444.02116862385,5566.44394855696,5428.71104016456,5399.07041730183,5469.95828436516,5531.50590465523,5497.40324086585,5638.47174011641,5338.23253928252,5488.03737486589,5293.99256519311,5386.73824553833,5473.17753848901,5378.62717309391,5436.82082369896,5546.4641175287,5005.44777091132,5345.93657391881,5289.03402669496,5227.30487719944,5293.38567647342,5348.99497060541,5151.65641957871,5319.55172677309,5311.57913476849,5055.5313147722,4711.14483463345,4813.65908293819,4775.83258879358,5055.82009825185,5254.12600480716,4977.78705470535,5265.01639614566,5215.80555495401,6201.37572009579,5270.04189819322,5379.98687418805,5099.41522814136
,74,5589.76957045573,5580.58904532034,4953.95834867185,5071.98596774104,5106.0779349029,5107.40990180988,5072.77431333086,5053.35897277496,5187.84421804582,5236.36443286319,5276.22405081596,5146.41246033217,5525.58688181516,5499.75811923985,5014.71245061025,5284.85303254712,5308.16888890496,5240.53841374979,5279.50522236268,5294.56032852391,5284.21421281809,5306.72211164896,5139.56505435733,5135.2604538968,5573.88181902743,5368.51479158681,5034.05024176305,5158.15532486492,5013.49722729046,5271.94761512317,5228.49481213792,5090.51267053877,5137.45132782827,5208.98237113778,4961.10731230533,5169.63016948712,5081.68472968835,5039.53127565246,4990.61507502438,5134.56431328957,5078.55067669526,5273.79798758979,5254.68039798461,5107.5006570096,5329.49546044014,5296.21568859487,5098.22074087499,5303.63411619834,5150.43590854831,5215.06708356069,5257.92588469377,5374.24458691454,5241.95232925938,5210.24104726612,5273.81952747727,5330.71451476692,5307.05242678965,5441.72854502356,5145.44817083346,5287.95414460477,5107.14330435386,5196.51174039838,5279.17684870802,5190.51984980246,5247.4782764052,5365.00461725934,4828.73508093931,5149.87477910718,5105.90095825623,5048.21659699125,5107.34145594525,5157.68123799639,4970.24257953137,5126.40850171321,5113.66258271385,4874.68616079517,4658.68834630018,4757.40829324491,4613.56257540957,4878.11397709995,5064.64652498129,4806.49984329094,5084.6605779001,5038.8692309615,6035.5552134889,5092.14892998491,5195.8250981157,4933.37660154829
,74.5,5462.87594010449,5446.80675804699,4772.64870377608,4884.23194603937,4918.92590974216,4921.38477831615,4878.20208327666,4859.64790402978,4992.07564960013,5036.12572347047,5093.43913553557,4969.3706878827,5395.90865181293,5371.34707536081,4828.8802613521,5081.49035696299,5102.49631332049,5039.37236525253,5078.06105815221,5092.30698872023,5082.0871974342,5105.85777946152,4947.44374810083,4940.67716316225,5456.88435556633,5257.78405417174,4841.46354466708,4957.01519567359,4821.90479859676,5061.98448613711,5026.43893031521,4896.11519004944,4940.03878742854,5004.40288131137,4784.6938243966,4983.26255813818,5007.69282672061,4964.42246672221,4800.39963132897,4932.81749039529,4878.60076292211,5061.31167865142,5055.60864369996,4916.41962068739,5122.66687896702,5091.17222690143,4912.17892662753,5113.82214677991,4952.62255453523,5015.92921122996,5059.87165159767,5169.6841632265,5041.53741891186,5009.78637154327,5067.72610768249,5119.25268979715,5105.28221245511,5233.02056764,4942.90831474894,5077.21760433911,4909.58876325814,4995.1783405687,5074.64421304996,4991.88748132042,5047.25426424759,5168.28485425126,4643.97083280579,4943.9835385826,4912.43748398293,4858.81958697801,4910.8368602953,4955.84105108635,4778.66248721906,4922.5922608157,4905.31872241681,4684.85905763513,4600.97912633424,4695.29624020099,4444.07881711084,4691.28234597333,4865.19194354706,4626.38528439008,4893.91717342365,4851.74837442323,5860.01915348644,4904.37514610305,5001.67625479031,4757.50948544978
,75,5315.34979838525,5295.33032526456,4584.61191643292,4689.3164832109,4724.5697430919,4727.99750328062,4676.25325027952,4658.75053249011,4789.66223472151,4829.55807910661,4898.14628001044,4784.11756321091,5248.35879979205,5224.8319301165,4637.53590294529,4871.58449969983,4888.92455355819,4830.82429540808,4869.52766941932,4882.12154786941,4873.10618555964,4897.60512373772,4745.08881668131,4739.00153270766,5321.99401996184,5130.51131659017,4642.54646014473,4749.14840932327,4623.88679560543,4844.44846426089,4817.0162672802,4695.07803898961,4736.88862643497,4794.06240147396,4601.36490010264,4788.64294902331,4922.38632079619,4877.24004691646,4604.44287620706,4724.78612235464,4672.6748502026,4841.65665542326,4848.68340603764,4718.56530650375,4909.28561043025,4879.65297739817,4719.25581463438,4916.56657603505,4748.31895756801,4809.95452580274,4853.21194634143,4955.962917764,4832.68816979402,4801.23080633007,4855.91100472544,4901.95579393395,4896.13228422122,5016.2605204642,4734.51152387332,4859.99965648067,4705.68889710663,4786.52566271106,4863.36612194302,4786.41893471545,4839.95022614552,4960.28949513478,4455.90333436675,4733.12922137825,4712.29285694774,4662.88114369373,4707.38091832004,4747.35857814342,4581.19818925912,4712.94762252111,4692.52667270541,4491.18533962129,4532.07431015374,4621.1338784242,4270.83164178914,4499.41228934007,4661.15011122111,4441.4941715553,4696.60916587066,4658.22899853881,5678.38361933166,4709.90335313071,4800.55152478255,4575.14628182406
,75.5,5143.86843734928,5123.14708155196,4394.70634976098,4492.08417966278,4527.1310779785,4531.4808785547,4472.13879110126,4456.06614739774,4585.37913513942,4621.3303963484,4695.74857394704,4593.80743935822,5079.31062738766,5056.69213393327,4444.62848872232,4659.67374988512,4673.17303140852,4620.11053873125,4658.74350414521,4669.2208417532,4662.22144540529,4686.67295244908,4538.11337270959,4535.53120570503,5163.3677539462,4981.1402280205,4442.59309281065,4540.08595843067,4424.98971290208,4625.67912920838,4605.84994895343,4492.67717942913,4533.38915591343,4583.00083226874,4415.37725362931,4589.73826277113,4817.77430290071,4770.60785349714,4407.23146437857,4516.00279789919,4466.60213741613,4621.53826348107,4638.87147539602,4518.47752105411,4694.45553182354,4666.79463157994,4523.58435395356,4715.65694676035,4542.18032012283,4601.86797887341,4642.52232697069,4737.46662900194,4620.84385650547,4589.96525717895,4643.01343707429,4683.80499200871,4683.713603357,4795.65067521049,4525.53420964323,4641.51733978185,4500.41799824865,4575.82893888396,4649.50345375713,4578.3432491409,4629.79030981174,4745.84698803257,4268.07973850956,4522.3858420963,4509.89612056159,4465.15518421132,4502.54814319736,4537.62229527135,4382.79996163199,4502.36667758896,4480.47387248351,4298.66272556728,4444.34803139552,4526.43987970907,4098.0829874899,4307.30225947201,4457.63109569646,4256.91845853443,4497.11777455862,4462.06710728461,5493.95674621698,4512.48346706278,4595.68252148953,4389.89085067552
,76,4947.65088215219,4926.83297170625,4205.83003556929,4296.06977803593,4329.9771530613,4335.02066483385,4270.94792096393,4256.14730044993,4382.64732347084,4414.26380794688,4490.03197062131,4400.29182982705,4884.6018447076,4862.56973328644,4253.25689134181,4449.02891677721,4458.35629931535,4410.80599155481,4449.14494180853,4456.88062421597,4451.98557255118,4476.04361689436,4332.86168273225,4333.21458642621,4975.55882501413,4804.36584169052,4244.89614174083,4333.00872374839,4228.76658950211,4409.67043856041,4396.35636838466,4292.42117433586,4332.96943888841,4374.47695125585,4228.75591373252,4388.75530330273,4684.90198897738,4635.88069946534,4212.45606642556,4309.77079578909,4264.13865256521,4405.31432181613,4429.31728582286,4319.37638296342,4480.81377813649,4454.90777728209,4327.58551509507,4513.83769373369,4336.6424402335,4394.46859604293,4430.70153594714,4517.45585145323,4409.46508463317,4379.39965804631,4432.32211895144,4467.69502215114,4470.29486806802,4573.96302624712,4317.67905942642,4424.37312638102,4296.97169103056,4366.45978201978,4436.22994697871,4370.41200222592,4418.97668905331,4527.73386167193,4082.54509325452,4313.95107102656,4307.56346491501,4268.16824986871,4299.4148824326,4329.45860563675,4186.57879651746,4294.12613028662,4272.31935225491,4110.3521735806,4328.03228280431,4400.83448330849,3927.44732292459,4117.60183112784,4257.77875167691,4076.11664005734,4298.3970836501,4266.14331852622,5308.38993596594,4313.76327795269,4388.72324602836,4203.09719432075
,76.5,4721.51547605057,4700.18753736464,4017.73890700452,4101.82533666915,4133.46405669741,4138.64761008927,4073.11835310405,4059.21307230062,4180.47994789388,4206.88921882717,4278.77716120684,4201.34258233721,4657.62842358571,4636.48213215088,4061.85954013138,4238.53209428424,4244.39834276616,4201.85259789338,4240.04156460577,4243.83538558452,4241.33994191437,4263.90429877089,4128.85495723111,4131.39691241666,4750.48251676282,4592.82857576903,4048.76999676396,4127.91130759979,4034.94071198388,4196.55990212981,4188.0136776751,4094.02593750873,4134.8821642357,4167.57579046724,4039.94711482123,4184.40948755584,4512.70891620536,4462.734570246,4019.16583671824,4105.30446850391,4065.38192211421,4193.05408293812,4219.44793092673,4120.44872492055,4266.79605915979,4242.62769131011,4129.80100452283,4310.51059300968,4129.72723430349,4185.58894193396,4216.6785221664,4295.98288363479,4198.39182748034,4169.00989855272,4221.8838273647,4252.04329662849,4254.53971187848,4349.99397345066,4108.97681989006,4206.89047527052,4094.25989683166,4158.20058061799,4221.9258615422,4161.44726753696,4206.15674336495,4307.1072443187,3897.86330909135,4106.61681353475,4104.83431129079,4071.25783278545,4097.35827204875,4122.78143749447,3992.18437594432,4087.12014953692,4067.30260695134,3925.36446516242,4172.52859575732,4233.46190563754,3757.53166937117,3928.76161876995,4061.3024757736,3898.69221520506,4099.51364767644,4069.43224626586,5120.70609862835,4111.69607999354,4176.97377978944,4012.78572804447
,77,4461.4192357666,4439.41068094039,3828.88268580893,3906.92643178411,3935.64862459905,3940.04257819719,3877.19155570363,3864.05348537803,3976.55447834225,3997.65608969509,4059.54983950616,3994.44513418961,4395.53006974093,4375.05513971893,3868.81449634846,4026.17386252024,4029.55569411409,3991.98362862894,4029.79266933912,4028.45702581914,4028.25500052621,4048.3141386664,3924.11047760761,3928.29420288559,4484.00749757537,4342.85037579626,3853.33068744938,3923.32549051651,3843.26277414781,3984.93742974018,3979.65836925593,3896.03723758888,3937.01035013023,3960.63726902163,3847.76225435447,3974.78870980733,4294.66045828795,4245.39718022313,3826.55543273798,3901.82549777767,3869.38061284408,3983.15558104049,4007.53811138215,3919.98899635991,4050.95226447992,4028.33420749417,3928.20527853401,4103.77702653956,3921.11807841388,3974.90025059862,4000.00434564331,4071.34875694969,3986.65044324097,3958.02781509294,4010.30662542188,4035.88638566213,4035.3767824664,4121.85281682629,3899.33770774602,3988.52966693803,3891.79825619039,3949.69242262483,4005.34212093734,3950.59245921284,3990.42716190911,4083.32665895524,3713.86861484848,3899.61778479702,3900.20174061324,3873.1162000212,3895.4309423294,3916.41726984187,3799.22753740987,3881.01978714398,3865.17276369739,3743.1144721272,3976.3016843159,4023.89912894729,3588.70115391054,3740.68372226633,3867.32766065012,3723.41930103881,3899.19144991533,3870.93930289299,4929.94800233364,3905.54161687142,3959.76521011216,3818.29764870618
,77.5,4173.70354184434,4151.69247815557,3641.41588901179,3713.47876713327,3737.61929402727,3741.42202649761,3684.74740880189,3672.32561388828,3772.74708183263,3788.11798385762,3835.68415883805,3782.77966045528,4106.1953751262,4086.75868904826,3676.25933420478,3814.14820990995,3815.88436904348,3783.10205550936,3820.35851933345,3813.13261840865,3814.86095925093,3832.0207676571,3720.96231613406,3726.15776532597,4184.3169473829,4062.07343363262,3660.674078295,3721.51020566611,3655.53393112184,3777.21272112432,3773.81933824912,3700.72938018824,3741.48870257071,3755.71705726624,3654.9956775326,3763.39390027886,4037.03267190329,3991.10073804111,3637.09952123214,3701.41938231657,3677.90526623669,3777.84599839871,3796.61106487061,3720.53766687587,3835.36034003503,3814.41805163356,3725.70083847127,3895.7105179791,3713.90963624624,3765.25820829835,3783.7113530536,3846.87326114664,3777.22926266651,3749.5645478808,3799.51254781395,3821.14149133791,3815.26129393058,3892.38040054211,3692.31877065871,3772.64731765379,3691.97266336915,3743.72647845354,3789.5118211586,3740.8009373854,3774.72527092432,3859.10570839306,3532.8242629019,3695.44309346823,3696.6338113129,3676.25262536718,3696.20488758445,3713.07901072538,3610.38507974037,3678.54425093454,3667.58904157216,3565.11652977378,3748.06507981726,3781.73601439613,3423.95810355184,3555.90884154486,3677.50323139067,3552.24815369245,3699.43239909302,3673.07679573416,4738.59128761873,3698.88387425672,3741.16038800821,3623.00253084341
,78,3873.02581717266,3851.23454939069,3458.51126120528,3524.9801052762,3543.62985634287,3546.52458386825,3499.06141821513,3487.31668845261,3572.86184293575,3582.62669189122,3613.2585175506,3571.90268550618,3804.82767687713,3786.96690492126,3488.24903967559,3606.58240900749,3607.26116461611,3579.02494482173,3616.11603882432,3602.37726129942,3605.34899575397,3619.66674608638,3523.37431302793,3529.09721313911,3868.80193295578,3766.695417704,3474.37585082303,3526.1568382768,3474.63672284665,3576.56650862492,3573.75179674242,3511.74604480503,3551.64069973457,3556.72025866081,3466.2073416155,3555.47483250652,3755.7201824198,3715.08268684333,3454.5506951978,3507.76476911825,3493.76628666129,3580.01765629113,3590.70692089315,3526.48882473199,3624.28738002183,3604.87065999596,3527.14493468908,3691.28068928787,3512.90564957556,3561.338787413,3572.76857221777,3628.07269893628,3574.28331098359,3547.64721140865,3594.43342420014,3612.31134880118,3600.01359166344,3667.08238727644,3492.16638382789,3563.84805292022,3498.80382690471,3544.14333372058,3579.42407179642,3537.03056659641,3564.21419008071,3639.86078821929,3359.18368558777,3498.20738642518,3498.82680579293,3484.75918186633,3503.30943604443,3516.62905724359,3429.21484245841,3483.81663838215,3478.04375607416,3394.5154955298,3503.57191169957,3524.92433940454,3266.51457129528,3378.46096505202,3494.84527149718,3387.37246536087,3504.79362086373,3480.19959928182,4551.34743562699,3497.36896266645,3527.57366583187,3431.86164781446
,78.5,3577.02753340908,3556.17493569043,3286.06802823886,3346.92792088488,3359.25978340401,3361.22158956216,3324.07735923034,3313.21328181036,3383.09163433019,3387.91738437503,3401.23454678018,3370.00987004682,3510.76316594999,3494.76175008727,3310.66315301474,3410.06568713844,3410.35294228423,3385.91840436189,3422.9917023014,3402.74011110888,3406.80205154417,3418.59177230823,3337.60728794606,3343.50434967388,3558.75485119107,3476.72565937864,3300.1819667918,3343.23813644009,3305.58677281073,3388.49575386401,3385.56581752314,3334.41944341821,3371.90414516389,3369.7717950697,3288.32322706521,3359.10530329657,3472.93649011547,3439.47310421428,3284.69382245959,3327.01939883798,3322.29294945725,3394.65494756218,3396.32143180878,3343.61092027804,3424.89002743358,3407.26878724617,3339.33600966104,3497.14121730819,3325.83224933444,3370.59458262992,3374.6090476215,3421.98852990781,3383.90651338148,3358.67973210597,3401.64621244486,3416.24830942676,3397.26269233857,3454.05395476875,3307.67199639835,3369.8535197459,3318.43764625623,3357.29743386037,3382.29277364591,3346.41387089121,3366.72417386199,3433.34500410039,3199.91257971457,3315.35112132672,3313.95082193848,3305.16436457965,3322.92048513191,3333.35136342095,3261.24044607745,3303.05713653836,3302.72698139621,3236.26383893878,3265.72794740151,3277.9565962191,3123.22265902641,3214.77158894654,3325.05748092007,3233.52134220892,3321.64759849366,3298.65155708843,4375.44458076883,3308.7757284864,3327.60547469127,3252.59163051151
,79,3310.3489826608,3291.64266194913,3133.89989434218,3188.76449204573,3194.58553128217,3195.57274612696,3169.19745449338,3159.40454408643,3214.60406264942,3216.25782987226,3214.00522221322,3191.09365487319,3250.46002803939,3236.70811428206,3155.12816655126,3236.90745895524,3236.56025344013,3215.47771713633,3252.4111778273,3226.74848898969,3231.78383587592,3241.76654259815,3175.10150156888,3180.54959211474,3283.6074589313,3219.66462424863,3148.46453610421,3183.24035278412,3157.97621739799,3223.18105936772,3220.22402504502,3179.3900705764,3213.54132016624,3206.46799155955,3133.54402604707,3187.54012454417,3219.57030950979,3193.98813911755,3138.03160290039,3170.4139193071,3172.61021355107,3232.10103956756,3225.37884867586,3183.13743622273,3249.82488040716,3234.0832827326,3174.60371847188,3324.30981295357,3165.87141153884,3206.2189271408,3202.06123696878,3241.26679547076,3217.55224843416,3194.38765946991,3233.75587839108,3245.86381390926,3220.66123334409,3266.95562974864,3151.75066020493,3203.9277413989,3162.6246073857,3194.38427954968,3211.92766304558,3181.82974409335,3195.77990467242,3253.84658325821,3065.86167489602,3159.27579207807,3153.63890720667,3148.59113572212,3166.2656878858,3174.37737545041,3116.85214817521,3148.28912559234,3152.65377214681,3100.42086337855,3062.53198277239,3070.08694343545,3003.68569175716,3075.77979485169,3178.099773441,3099.61603349692,3161.44673939252,3140.26079356945,4222.1801030125,3146.79297126163,3156.05941986021,3098.04066143031
,79.5,3098.2204174149,3082.53994916576,3012.39367524952,3061.56347501139,3061.1905980115,3061.76306735645,3044.27552457212,3035.98648668064,3078.82585672855,3078.50103393862,3065.65402432691,3048.45297655896,3047.56829265579,3036.33001358156,3031.40727757156,3098.28516668973,3097.23105541289,3078.69605819528,3115.37441454876,3086.3939935214,3091.63111613047,3100.72828859888,3046.22550241981,3050.99547022539,3069.44880768981,3019.95348980224,3028.20648791559,3055.7045709645,3040.0339403704,3090.87145653123,3087.9991026828,3055.92380717455,3086.49378172838,3076.11548162788,3011.17349188918,3052.19110106638,3021.4786782413,3003.70680408779,3022.62052669391,3046.6253361593,3052.83651645332,3102.03942527019,3088.72466557902,3055.53351645603,3109.95162816777,3095.69786053776,3044.11743395487,3185.1308806813,3041.10646997409,3076.65192494134,3065.43576918781,3097.62028064838,3085.34301931125,3064.38144735343,3100.13144578067,3110.22724266248,3081.05641744529,3118.12769190495,3030.88729336643,3074.08613141538,3039.62959803171,3065.10678607528,3077.35779591287,3052.21725002788,3060.9026746112,3111.71714772035,2961.99801121617,3036.99776209744,3027.5219130618,3024.26475932624,3042.1563145324,3048.63814859934,3003.34488111902,3027.27477916042,3034.46764397471,2993.08813512583,2910.1896534185,2916.13282936974,2911.46105943449,2967.30501251852,3061.48921329032,2992.58674067157,3033.73537944111,3014.48358458948,4100.01164274687,3020.27325370912,3022.50534072442,2976.98243643446
,80,2947.37069898489,2934.48396507375,2921.62738936779,2966.06485193987,2961.17607633441,2961.04266085991,2950.13700154239,2943.48104863891,2976.51046173553,2975.14918035538,2956.82143133889,2943.62131729028,2906.03763919606,2897.11599373505,2939.07478491175,2994.27733865706,2993.24448579772,2976.3774596602,3012.54848925287,2981.94126393976,2986.7031658548,2995.92612730907,2950.47301704296,2954.90885802348,2921.34918679301,2881.66401502326,2938.71894435239,2960.36700900248,2951.3716031627,2991.246670352,2988.79459921637,2963.58900618709,2990.11750635609,2978.28434962405,2920.94319160693,2953.13114848553,2883.82282619439,2872.04492122524,2937.088391931,2954.81042118456,2962.33620856257,3004.05801309005,2986.70233942421,2960.65037267436,3005.40069651237,2992.30204137002,2947.34559868692,3081.03989489055,2949.830188304,2981.16404070441,2964.73866605343,2991.1555230609,2986.66780260664,2967.85082650461,3000.78073894989,3008.95886207655,2978.42276477565,3007.97462502612,2942.48032455289,2978.42377630096,2948.37162462327,2969.07877566973,2977.70557332075,2956.66078494533,2961.71469158058,3006.97194512468,2885.92672287934,2946.83107088602,2934.48010066997,2931.86845225561,2949.92406410739,2955.01156537503,2919.12220672941,2938.01775429567,2946.42713581122,2912.84399049467,2808.42714614853,2815.28621109667,2844.05604849077,2887.70966582173,2973.94681172676,2911.66895955449,2938.79112558729,2921.12420796745,4008.62051450784,2927.83704132949,2925.53365197174,2888.57296247331
,80.5,2850.61507037348,2840.50654247429,2857.48260446188,2898.05308332367,2890.22014361449,2889.309368034,2882.59991320409,2877.52497748773,2903.63627177079,2901.85143089348,2882.29732816729,2871.67233342259,2818.03600572117,2810.99170770194,2873.74005060931,2920.55624249456,2919.63971271734,2903.83815630901,2938.81156974167,2908.56521601751,2912.45225486476,2922.32529541977,2883.1236399549,2887.50313159131,2830.29101299856,2796.77197072629,2875.26150416576,2892.50082371203,2887.9316648402,2919.71535089394,2918.34862637294,2897.65548023352,2920.33295776439,2908.49467308105,2858.37424770984,2884.79968249854,2799.91633363209,2792.42313851982,2876.84353908225,2889.96336123383,2897.13064942356,2933.3862719078,2914.68034987062,2893.44238360017,2931.49818652355,2919.21749475138,2879.48602376227,3007.1605657648,2886.64304220816,2914.86671627986,2894.63777025231,2916.47872314475,2916.74590919508,2899.92440039065,2930.14756469057,2936.9237758791,2906.82396940983,2931.40194236743,2881.4652755939,2911.69951732959,2884.09575437748,2901.22297668617,2908.30235854112,2889.9671811188,2892.94917626078,2934.05558839649,2832.93130063016,2883.78598233132,2869.33836304356,2866.91938651357,2884.78688172195,2888.93221767391,2859.46118949897,2875.66505999067,2883.97438850702,2855.19113789819,2749.8176934244,2758.27716569809,2797.48967007218,2832.07946275862,2911.43208721229,2853.36058223262,2872.00776544522,2855.77959395793,3943.48080427397,2864.10870617094,2859.23831324473,2827.92061286039
,81,2796.84450686143,2789.16648519346,2813.94219164616,2851.82397776107,2842.4732111333,2840.81027373589,2836.40228074512,2832.74819883092,2853.97017283319,2852.38170508293,2834.43487251475,2825.97942115106,2771.6426801889,2765.9698532317,2829.59898199857,2870.63184649904,2869.94717284246,2854.776339868,2888.22995848538,2859.74888225245,2862.23032160937,2873.09169976506,2837.84977441054,2842.50689172553,2783.13400137926,2753.14832828522,2831.87054253082,2845.89961134937,2844.19347872916,2870.28788017246,2870.31446109852,2852.56394010095,2872.09699898544,2860.52307072105,2817.04515621157,2840.20124933288,2757.40019192891,2752.66792265982,2835.82537096806,2845.69191999128,2851.06402409156,2884.48930700348,2866.30634140122,2848.44622732217,2881.41913626599,2869.63209745,2834.19354064698,2957.36944952748,2844.49409418703,2870.62066996343,2848.54661064571,2867.10350306998,2869.42190122892,2854.32260786692,2882.2372608614,2887.64090075235,2859.77283241301,2880.74617634736,2840.47752108886,2866.73852425383,2840.55623284426,2855.2876984235,2862.03770619147,2845.26799179392,2847.57877577361,2886.02603395724,2796.67877876064,2840.97369728276,2825.77037187731,2822.98939323411,2840.63495140134,2844.19633688443,2818.89997451112,2834.19442436057,2840.86990640752,2814.93603063348,2721.80449819574,2731.83031900944,2765.71764592528,2794.17096341665,2867.96781406633,2812.59784867868,2826.8767207251,2812.38164328503,3898.09088049341,2822.24830016091,2816.39013725232,2788.61378514175
,81.5,2770.50435162673,2764.58739875585,2783.6801696578,2819.61761695476,2810.00583335497,2807.89880453444,2803.99852622182,2801.52544298574,2819.32107174361,2817.63710336546,2803.19748025389,2796.62528971459,2750.23469814142,2745.25846867253,2798.41454474976,2835.56345302533,2835.53865267256,2820.39629453971,2852.34487560477,2826.0015443306,2826.85135917716,2838.9667848888,2806.13203878127,2811.45778494317,2762.13603914995,2733.96038558441,2800.7862084489,2812.59311430299,2812.35218064327,2834.90648105684,2836.60554312963,2820.00214109468,2836.96895851986,2825.7304349797,2788.21004411413,2809.83098037936,2738.73665997547,2735.73224971454,2806.16125416842,2813.69767380567,2816.9770187465,2848.86604119995,2832.68107803898,2817.10958583947,2845.84970798539,2834.18344571947,2802.63061664773,2923.2879054478,2814.08709977391,2839.01304314386,2816.82518888053,2833.08307307875,2836.05066414274,2822.1042760393,2847.80832830209,2851.67929506731,2827.22617506942,2846.27827303002,2809.9312202582,2833.84358531172,2809.1452343406,2822.78524616011,2829.00895965505,2813.17749236603,2815.65405865025,2852.63703355062,2769.21905516598,2809.20431332801,2795.11150830619,2791.9494733279,2808.96854205725,2812.09071789786,2789.06821366065,2804.27668590307,2808.57869401534,2784.51825367361,2708.63352831704,2719.77844139166,2741.66930141784,2766.08658081357,2835.66481419207,2782.39453014643,2795.41391995788,2782.13808501734,3864.44100472131,2792.5526337334,2786.65959503408,2761.46021393613
,82,2755.15872283195,2750.26880773462,2758.88776827735,2793.71797285066,2784.433804084,2781.75862852333,2777.73167886406,2775.99427892958,2791.26392268125,2789.49132225071,2778.44782302398,2773.95200627804,2737.74649459585,2733.11029486418,2772.77897644156,2806.9306402236,2807.63701392684,2792.64539618425,2822.71545341428,2798.59353938589,2798.0930480694,2811.75666773641,2780.10820375647,2786.24752257653,2750.23476249579,2722.99363190399,2774.57370429365,2785.30884063649,2785.85754317079,2805.76137154903,2809.13279837363,2792.79028253502,2807.70340563866,2796.78979354523,2764.88624166294,2785.35757318428,2728.28440875011,2725.90413665261,2781.20422638436,2786.93067662818,2788.48214932389,2819.07875949853,2805.62223066285,2791.48652983875,2816.7567195205,2805.17895884992,2776.70810034441,2895.8919931975,2788.35687620992,2813.17014000381,2791.16918828298,2805.7419854144,2808.14759691954,2795.46944460535,2819.20018116641,2821.99249579727,2800.90480970538,2818.83114911387,2783.99926855384,2806.21896888706,2782.79406233608,2795.73936534152,2801.87290590761,2786.53814052582,2789.76722543889,2825.5518765507,2745.48229536152,2782.580958203,2769.56268256585,2766.68553643983,2782.47215542343,2785.43998265732,2764.04622798225,2779.08738423322,2781.15288746294,2758.53085447177,2699.48622782215,2711.77862850536,2721.34727001049,2742.5792968276,2808.40774528503,2756.98783755064,2769.76123707839,2757.56653975329,3836.23657096044,2768.23923338455,2762.26060509864,2739.3111174923
,82.5,2742.8014313168,2738.59943607986,2737.16219073389,2771.040313107,2762.2026485638,2759.23285136312,2754.92234332736,2753.56062307853,2767.0806707357,2765.46744512826,2757.09466321789,2754.46828107989,2727.82051761908,2723.11692644749,2750.55463531748,2782.10863776404,2782.88479359816,2768.32708425909,2796.44204860132,2774.61771871651,2772.99576652529,2787.87914947189,2757.44943833213,2764.29358948862,2740.01445694371,2713.61721977401,2751.54841824162,2761.19328595012,2762.26765513788,2780.37556170765,2785.04401438812,2769.15669889042,2782.36198618234,2771.46228260314,2744.70151165498,2763.57814011684,2719.69539198036,2717.87607879437,2759.44255289804,2763.25662532358,2763.43581899005,2792.64950188902,2781.9549572381,2768.90575830594,2791.2316275825,2779.69956993636,2754.4478891166,2871.80505163832,2765.45647575045,2790.74498755584,2768.92459006504,2782.17869313126,2783.72310162255,2772.01861728125,2793.83870895913,2795.94971723186,2777.87770925457,2794.94128649674,2761.28355327497,2781.95841201845,2759.93590856527,2771.69727627664,2778.39894183606,2763.22366720123,2767.02248887162,2801.7136293778,2724.74401947644,2759.2553886762,2747.38854693612,2744.70769507998,2759.07666522644,2762.27155309605,2742.25002563553,2757.11396273494,2757.31114843903,2735.63363192908,2691.52591983403,2704.50504724911,2703.67433246011,2722.02007204058,2784.5677554482,2734.48446859953,2747.58222076006,2736.20094047244,3810.85764065999,2747.20139085166,2740.66923554126,2719.61590763115
,83,2731.60380941342,2727.88484146963,2718.1099463576,2751.2195431032,2742.81178546785,2739.92117755476,2734.97627544575,2733.8382918887,2745.82316247523,2744.5713157813,2738.05035452826,2737.51325063286,2718.62510361115,2713.55394026847,2731.07501344795,2760.27407043624,2761.14744064522,2746.94350974997,2773.54648204001,2753.4509362539,2750.95560218863,2766.99666654432,2737.76051769514,2745.06608625423,2730.49466839784,2704.87860663245,2731.18858493826,2739.97435198231,2741.49433703432,2758.19676357419,2763.83604392573,2748.57895511955,2760.30606650045,2749.28858188391,2726.81875196668,2744.67249742083,2711.48482375177,2710.07320299543,2740.19992283576,2742.58569493887,2741.37101223091,2769.58547525596,2761.25285538888,2749.17118460646,2768.63436542913,2757.5325856491,2734.99175591827,2850.76151425639,2745.38564963598,2770.93446582362,2749.81137564829,2761.70959716446,2762.55042469287,2751.75532936096,2771.81390238,2773.23581999251,2758.10838393039,2773.76403165807,2741.63948049865,2760.67789467166,2739.98819285129,2750.54020933752,2757.46219576948,2742.76748430261,2747.14470210549,2781.0877923268,2706.5951617973,2738.74468081402,2728.34633891804,2725.42916197288,2738.66786871204,2741.86044419529,2723.41707536666,2737.7909399957,2736.55699452673,2715.81716318626,2683.5064672,2697.30640534033,2688.49483817165,2704.22205481395,2763.77713663686,2714.77427729647,2728.21680698075,2717.55119446347,3788.06089724594,2729.05620150093,2721.8516460081,2702.12801485289
,83.5,2721.05366953704,2717.59687761429,2701.69151412776,2733.96343258491,2725.92825975209,2723.40608218358,2717.90552580783,2716.76685254383,2727.32740251107,2726.35784406954,2721.57062363917,2722.48258464517,2709.56205322792,2704.09060935238,2714.01906999043,2741.4020549963,2742.28254438914,2728.53728877493,2753.48095371165,2734.98543085642,2731.93148581028,2748.90928309802,2720.85716269634,2728.33831955647,2721.30996023054,2696.32204430822,2713.70059080444,2721.71222077687,2723.26796168305,2739.1692224895,2745.57618804613,2730.87658176,2741.17370132019,2730.10054707127,2711.58838637208,2728.36705307182,2703.35153934228,2701.89158203825,2723.38365415691,2724.68024360377,2722.4361933694,2749.06346340502,2743.2986036542,2731.821107591,2748.72793491964,2738.44426604043,2718.32388328984,2832.4541967197,2728.06136694032,2753.69615295724,2732.95444034732,2743.89238918355,2744.3566393566,2734.11825244185,2752.39144417679,2753.58289283678,2740.92418835204,2755.45239230427,2724.32481989219,2742.1425567906,2722.58818067808,2732.27766369228,2739.237431277,2725.27637709575,2729.92952308007,2763.10526278486,2690.84159691858,2721.03832963227,2711.84848187699,2708.93584748288,2720.93617458548,2723.97552145027,2706.98955144304,2720.64223822351,2718.69557597387,2698.92051487895,2675.45559731314,2690.05082457078,2675.44983415079,2688.91782813658,2745.81190837184,2697.65450559561,2711.60958179614,2701.35882594646,3767.41573352398,2713.47535501064,2705.22207898479,2686.60091640854
,84,2710.94639878277,2707.84414580826,2687.73282953889,2719.34389480047,2711.37683497621,2708.89282129609,2703.21043842664,2702.10894989638,2711.2031880851,2710.47571371523,2707.23946359512,2709.41739315507,2700.70313848406,2694.93999092672,2698.92674676069,2725.09391258866,2725.76970427823,2712.72287926178,2735.84169287483,2719.16703601577,2715.55401593909,2733.38108454009,2705.88442356731,2713.9363551125,2712.26092914799,2687.90357087647,2698.62446210925,2705.88910900817,2707.75911286581,2722.97204084884,2729.54610168453,2715.75959421292,2724.88322068241,2713.61118768893,2698.61914329483,2714.08889095895,2695.15634817397,2693.58937430783,2708.91524389974,2709.03039513948,2706.36877598746,2731.38561731644,2727.6201168878,2716.59381741727,2731.6267943639,2722.10866172489,2704.02060855751,2816.63510224622,2712.87927444101,2738.77266264938,2718.35138888387,2728.61539487971,2728.510204467,2718.84647727392,2735.5431950004,2736.84675706675,2726.12881048619,2739.47480076007,2709.44614080914,2726.31503369057,2707.65643793891,2716.2006838262,2723.31826999725,2710.22488982769,2714.98555088883,2747.57966948201,2677.14700511675,2705.78865509997,2697.39929176151,2694.70601739832,2705.54912997191,2708.30842055251,2693.13781028605,2705.50370723819,2703.45399493702,2684.403473976,2667.51702336731,2682.50369162232,2664.04171870254,2675.92381666542,2730.42179583552,2682.7553119601,2696.76428726514,2687.18446126121,3748.71556980725,2700.23307512592,2690.76907722196,2672.90262698098
,84.5,2701.16312897703,2698.33418275359,2675.64583693114,2706.71426211604,2698.74313890349,2696.34946508235,2690.75452816986,2689.58874720826,2697.21542565745,2696.66712610097,2694.53066013116,2698.14687505808,2691.88558419687,2685.93214779865,2685.51121164142,2710.8468260222,2711.30210738674,2699.00039892839,2720.70095109238,2705.21062558017,2701.13144269817,2719.64311791233,2692.80814605131,2701.3815710354,2703.2377569001,2679.5682445152,2685.55040707461,2691.82039594668,2694.36273305584,2708.79038624025,2715.50542095394,2702.83472854584,2710.84372470964,2699.46659066914,2687.26460953909,2701.61571721308,2686.8544357986,2685.19628916928,2696.31707568239,2695.42135888345,2692.41251368143,2715.89362813256,2713.82293538719,2703.36901706859,2716.63359635819,2707.92507395685,2691.81225875882,2802.97602273652,2699.72856326724,2725.44843759335,2705.54134518689,2715.34213601236,2715.21976257331,2705.87961200715,2721.02467270545,2722.0554854593,2713.18771454374,2725.13422996255,2696.42470384703,2712.53217961026,2695.1475322322,2702.39160273971,2709.44565965072,2697.12780504687,2701.65678924106,2734.12374181506,2665.56029789826,2692.32513996828,2684.98629979247,2682.24726129262,2692.16225526941,2694.57943040743,2681.15643217293,2692.20100621532,2690.34069946671,2671.89832529862,2659.66677584351,2674.65354433349,2654.13875062528,2664.61862625272,2716.73322494315,2669.98285366777,2683.87667782536,2674.7691289239,3731.20180407644,2688.43916156809,2678.01587071662,2660.89288688269
,85,2691.63387696812,2689.18765929353,2664.93904058383,2695.74940185419,2687.57921274564,2685.18830542391,2679.79574856814,2678.60349552605,2685.01999957457,2684.28667456038,2683.1105087164,2688.11425670507,2682.74472848344,2676.76728283537,2673.33905014734,2698.02351809364,2698.65599487536,2686.81332408254,2707.46310621549,2692.91360346432,2688.43224337877,2707.579170248,2681.32380800395,2690.29217974212,2694.20631159456,2671.61392169832,2673.80545151145,2679.69249174674,2682.95640942744,2696.19615309069,2703.3894099136,2691.18450311066,2698.21477900435,2687.30610894448,2677.19630221915,2690.69675314438,2678.69633013709,2676.86825817297,2684.65855299304,2683.37728503662,2680.30294466644,2702.57663232726,2701.66437540596,2691.74546474633,2703.53276306601,2695.58338102905,2680.7421809148,2791.08061777304,2688.40304763181,2713.51918105792,2693.89770630635,2703.67125986471,2703.6564270979,2694.77946379993,2708.26874451027,2709.22623180216,2701.77965018054,2712.4501637079,2685.06054674158,2700.40425665834,2683.82999170019,2690.35074238615,2696.99689881241,2685.36554766555,2689.96252696923,2722.23838921766,2655.16725917539,2680.36668504282,2673.93196236901,2671.14501490896,2680.42250386319,2682.1470498752,2670.43095721595,2680.3328660169,2678.68083678341,2661.0144398459,2651.69119079035,2666.54040453395,2645.43054708514,2654.62912233397,2704.39679117129,2659.2116506038,2672.12347598238,2663.81487444898,3714.85815006367,2677.96199113916,2666.93659383531,2650.4091910807
,85.5,2682.36042725682,2680.43325664901,2655.51174056404,2686.00772562436,2677.37999949197,2674.9594119116,2670.00416967314,2668.87195335826,2674.2565072536,2673.13624360603,2673.00914226989,2678.8363108681,2673.67957687521,2667.8556243497,2662.48543523982,2686.63371861173,2687.38910445701,2675.9423985249,2695.58767663121,2681.80323215093,2677.10548402376,2696.91327054639,2670.8027798153,2680.2842173545,2684.94854319058,2663.5186528576,2663.52077721964,2669.02683182606,2672.7313199588,2684.87376797436,2692.68835099396,2680.67103528092,2686.75073228446,2676.43715961367,2668.40415838152,2680.86904498028,2670.42143934199,2668.44877871009,2674.46040382911,2672.47599715576,2669.54444567688,2690.66692359145,2690.72052224654,2681.41696740033,2691.97572392864,2684.41655685588,2670.87118938029,2780.21591349257,2678.20846873013,2702.64850241261,2683.2022208165,2693.26818569187,2693.26401869233,2684.60919501602,2696.92203919759,2697.94622657692,2691.47700150355,2701.4207467489,2674.61833895097,2689.44869245638,2673.65174475248,2679.70897511549,2686.0391609763,2674.97132572682,2679.3676277132,2711.41543619251,2645.5844961423,2669.96456598337,2663.86591139644,2661.2295936379,2669.71647244198,2670.84049548967,2660.9998240789,2669.81212094662,2668.33169986822,2651.31792350605,2643.93705319642,2658.6132940614,2637.35524293431,2645.57748591106,2693.16360286107,2649.75789389598,2661.4965318436,2654.07461969054,3699.26642351509,2668.24605555981,2656.77040690245,2640.8159631159
,86,2673.51335701945,2672.14187436726,2646.93015892755,2677.22734883476,2668.14732626721,2665.53170906642,2660.97585685589,2659.96948253067,2664.83828684337,2662.91510188638,2663.52971879696,2670.65744641845,2664.89986695238,2659.23548484539,2652.83837575673,2676.12452053264,2677.09437470466,2665.84148086539,2684.88865804978,2671.7980040258,2666.66394654558,2687.17703911933,2661.0573342831,2670.88018619164,2675.76400856541,2655.28716082327,2654.03534376146,2659.41374136558,2663.47380134883,2674.34428881708,2682.90759980979,2671.20290385789,2676.40388494178,2666.47158161431,2660.2115264075,2671.60178157965,2662.37266095241,2660.53067684646,2665.42975407659,2662.6014445359,2659.81027407645,2680.30454255526,2680.87700829857,2672.08702394963,2681.77057352374,2674.22511759004,2661.74994661928,2770.14513217627,2668.82000008679,2692.62469437314,2673.603079212,2683.89055379786,2683.55553979552,2675.26508096925,2686.8191328535,2687.73214067191,2682.14611738324,2691.29220532042,2665.29623554329,2679.50825382298,2664.35787610442,2670.01596129545,2676.1475116049,2665.26623947286,2669.65075275434,2701.56431729567,2636.90217892206,2660.44378181476,2654.57131647122,2652.20953155213,2659.76878365523,2660.60640538975,2652.61784358529,2660.24030599235,2658.87204004061,2642.38195238778,2636.414008665,2650.7468598026,2629.77108541949,2637.43533270784,2682.88721667559,2641.41540638836,2651.81042643879,2645.10254467574,3684.53579192575,2659.365985482,2647.60294735224,2632.09429905973
,86.5,2664.98972552876,2664.01124971955,2638.70324940144,2668.94276270494,2659.65844622079,2657.08834222894,2652.75854963314,2651.68194502013,2656.27876183312,2653.66719382238,2654.54861067467,2663.06396715104,2656.10349107802,2650.74986582226,2644.00160775999,2666.27193770417,2667.72986762812,2656.32197677243,2675.00165464389,2662.63527762747,2657.06393231732,2677.9927584546,2652.39163114578,2662.07886396733,2666.71358921241,2647.07577550123,2645.0456226011,2650.56824563336,2654.90694266146,2664.34203049381,2673.89510345468,2662.41462901514,2666.76813688751,2657.38796760907,2652.3611417268,2663.14978614076,2654.44958980865,2652.71571316263,2657.07018287205,2653.62117251377,2650.55593150956,2670.78294382502,2671.65374704714,2663.54199153314,2672.15833669517,2664.68168425088,2653.13129436074,2760.73641818226,2660.26836259507,2683.25590718495,2664.71719256137,2675.1579238768,2674.61114081775,2666.70866035995,2677.31763085004,2678.29332082773,2673.41582173226,2681.90181047637,2656.42409022369,2670.15718813203,2655.58762794481,2661.1584456554,2667.15426935166,2656.28901650687,2660.83206693844,2692.24709891102,2628.94070368009,2651.69824846034,2646.19903766218,2643.84466062492,2650.59815789531,2651.37454318293,2644.70508018946,2651.60671883546,2649.9300797315,2634.28388593551,2629.16602185955,2643.07281053889,2622.91901576151,2629.86982067448,2673.42203023858,2634.13140809315,2643.05578410603,2636.75137937348,3670.28788123049,2651.08584302305,2639.05664208108,2623.97145793651
,87,2656.62526159522,2656.11963539622,2631.1494996522,2661.01999162508,2651.76580504518,2649.23170857144,2644.78447570213,2643.71614151165,2648.33702767663,2645.21043301799,2646.26075923385,2656.08403081791,2647.74591319396,2642.42498852736,2635.88615374393,2657.15097734152,2659.0723876472,2647.21740774226,2665.56275480086,2654.31509863508,2648.05047356657,2669.15843580723,2644.13792938811,2653.88325551836,2657.99530134661,2639.02584424457,2636.87943094408,2642.57986146649,2646.97522722625,2655.02004314489,2665.42466174085,2654.15213420843,2657.65621623839,2649.06314651506,2645.2230448234,2655.18126282933,2646.89896602906,2645.25183356402,2649.19136671198,2645.10687714381,2641.91727605556,2662.0910468394,2663.10520615623,2655.52080224225,2663.27452983488,2655.94469638111,2644.85517066425,2751.95953869403,2652.27075685189,2674.84558156739,2656.51549490104,2666.89914109722,2666.32672247005,2658.25541804584,2668.52368394414,2669.55041973886,2665.1891900664,2673.38518113274,2648.13876297398,2661.1256247194,2647.01907334697,2652.87166184402,2658.81170095445,2647.97390868674,2652.95063824524,2683.50408221438,2621.31784892641,2643.67783172321,2638.16870709199,2636.11760592851,2642.14726536382,2642.84088298233,2637.45894508369,2643.80316956932,2641.658621013,2626.8937489815,2622.289044132,2635.93244912458,2616.34803312716,2622.44072398769,2665.2051284008,2627.60368325417,2635.0795206881,2628.96735443359,3656.6824281268,2643.49136802786,2631.26806847268,2616.11385356997
,87.5,2648.6372502442,2648.59220894171,2624.12417637534,2653.18222688337,2644.30004767904,2641.9477608402,2637.20575811435,2635.92692994619,2640.74857829654,2637.11250181054,2638.48442915785,2649.59374924374,2640.05146052662,2634.58535332108,2628.65773192078,2648.91361467392,2651.09684851645,2638.69857496383,2656.45370901117,2646.39442236279,2639.5159029879,2660.93790231081,2636.2049977882,2645.9266025095,2649.76626529721,2631.23456346116,2629.35634004169,2634.85883840153,2639.45230327189,2646.2535147906,2657.23499027077,2646.53868298941,2649.43061852343,2640.99558630081,2638.33747999276,2647.6930486047,2639.57068819824,2638.02831380577,2642.02708826174,2637.09183907821,2633.85518049113,2653.55811418145,2654.94078691206,2647.9210829048,2654.80869858057,2647.68832785604,2637.12216889898,2743.4731592005,2644.69616802738,2666.99097225798,2649.06349898993,2658.85531661744,2658.25171118886,2650.16020646281,2660.58769354408,2661.21474806541,2657.21311401985,2665.31643709092,2639.95919253938,2652.71013419934,2638.99656335304,2644.89295938316,2651.13347438809,2640.47951789404,2645.53991579732,2675.5210871989,2614.19902010669,2636.2463634983,2630.53239124943,2629.06353494558,2634.22992986492,2635.10033151109,2630.79064410251,2636.41220978688,2633.96818406462,2620.1203636196,2615.66479216568,2629.35553368066,2609.96434220014,2615.51078859474,2658.01613869603,2621.36057449603,2627.8941235425,2621.59266951584,3643.38438351024,2636.1008419405,2623.92756431994,2608.69525228205
,88,2641.06119618601,2641.11481269753,2617.28944164204,2645.91331419087,2637.3341605403,2635.20673784077,2630.16483145768,2628.51371294555,2633.32568129039,2629.54030694356,2630.9891818996,2643.81484138994,2632.59784324637,2627.02614270838,2621.70095491647,2641.16341623807,2643.51463415626,2630.67480881249,2647.5538313028,2639.05834566722,2631.48198667405,2653.02757492361,2628.77282733221,2638.31904497129,2642.00972040215,2623.86518464452,2622.08303484286,2627.65205068158,2632.45861804262,2638.12983814329,2649.55351194901,2639.56013609357,2642.00443724951,2633.55099370897,2631.61044633629,2640.45749238655,2632.67411037625,2631.37709044719,2635.19090831927,2629.56013333709,2626.29961423316,2645.43528940435,2647.13168600271,2640.70773536335,2646.8888965796,2639.91520217088,2629.82012934698,2735.66690409354,2637.50240686156,2659.78368085549,2642.09274039743,2650.96416849745,2650.61783822954,2642.49968469021,2652.96855561549,2653.37937458026,2649.41832929906,2657.33755272562,2632.12095044913,2644.82878405121,2631.56281409511,2637.34902526125,2643.8929479822,2633.28010039974,2638.55168884032,2667.91600735445,2607.8542246986,2628.95889711594,2623.23255736275,2622.34635221318,2626.87387771848,2628.23632878022,2624.1752349122,2629.22823986652,2626.43532294322,2613.67089139799,2609.56062579529,2623.12618337299,2603.93030010394,2608.91057655761,2651.39036060317,2615.49159225033,2621.1241891945,2614.3221308522,3630.34626635368,2629.3046207885,2617.20786677231,2601.91629289951
,88.5,2633.70230203877,2633.6309738743,2611.03232225876,2638.99099049116,2630.66067897928,2628.95387928369,2623.6179539682,2621.66410062742,2626.13774759329,2622.66772360929,2623.98897077074,2638.22380183115,2625.48909411649,2619.98710804596,2614.97758655104,2634.18962902933,2636.51299522291,2623.41024640727,2638.99708337949,2631.81101644075,2624.04272147342,2645.64176730677,2621.83264634016,2631.68148953837,2634.72327704237,2617.26771972525,2615.16257197426,2620.77534245278,2626.04614624511,2630.63749175843,2642.37168533546,2632.67233573811,2635.06585994851,2626.75493085844,2625.14165883185,2633.85592361354,2625.94135488562,2625.17152796053,2628.44370502931,2622.44521903437,2619.17232575067,2637.74276513013,2639.47046105038,2633.67801842218,2639.52828891115,2632.57022552202,2623.17495497375,2728.45951675998,2630.70205806702,2653.30996804267,2635.44651020424,2643.24592635978,2643.54805637415,2635.26155879461,2645.78875467584,2646.09391172021,2641.87345496836,2649.9518681186,2624.72726009572,2637.37641359632,2624.72969498615,2630.09424557128,2636.93514896262,2626.57538637716,2631.75840135824,2660.4709702691,2601.78646977147,2622.14408917085,2616.45574088316,2615.84313797328,2620.06487488302,2621.58401024258,2617.61398921758,2622.65749422538,2619.42544064524,2607.7777988001,2603.7453098148,2617.46269724127,2598.48442811359,2602.69493200502,2645.29825683813,2609.69913688389,2614.78782226173,2607.38012457243,3617.76107083715,2622.80844551709,2610.96078602812,2595.42139667224
,89,2626.6585808756,2626.3254676724,2605.11046256409,2632.31970915059,2624.35645597581,2622.76226136264,2617.10948415349,2615.12858920491,2619.44604554756,2616.23092671174,2617.53176753218,2632.95295268824,2618.81418065299,2613.44796051049,2608.65807036408,2627.69087652595,2629.73875903417,2616.96878096535,2631.13170477868,2624.69954143492,2616.91205898549,2638.69758873641,2615.25670391596,2625.41235185253,2627.86588683014,2611.10946823179,2608.79637739737,2614.10799859861,2619.90062802925,2623.75214146857,2635.62191735251,2626.05144718674,2628.46324074404,2620.16806204875,2619.29787882697,2627.519911841,2619.63909436859,2619.5364208075,2621.87111106316,2615.73459933684,2612.71739521484,2630.58071030151,2632.69253081677,2627.09952118745,2632.87262033069,2626.01237471202,2617.0721430894,2721.57844551174,2624.27093197547,2647.41450822234,2629.14217337507,2636.0895703095,2636.85303277345,2628.36977519462,2639.24358055343,2639.17671655213,2634.82389579129,2642.84970085216,2618.11617057799,2630.22315008383,2618.29465239739,2623.19789746318,2630.20472384746,2620.01529911807,2624.96872436639,2653.49063248546,2596.11334832246,2615.69592560358,2609.9748033814,2609.61900760407,2613.42875018327,2615.05212848468,2611.5954357762,2616.31040453645,2612.91659613956,2602.15867944422,2598.17181167404,2612.1505544712,2593.19474403437,2596.81672930675,2639.43735082441,2604.04782664568,2608.91485906385,2601.05201868338,3605.53405059708,2616.51612544383,2604.93717438299,2589.2176616583
,89.5,2620.14130284429,2619.51348386186,2599.2846704032,2625.98238665173,2618.48425228233,2616.96765289828,2611.09836774808,2608.961263348,2613.06551244201,2610.04653501669,2611.4729821556,2627.93309472089,2612.39270911239,2607.5299447878,2602.80315457408,2621.58259516735,2623.34815339915,2611.09470769841,2623.64549202537,2617.85065245828,2610.29925404547,2632.16724755785,2609.21904554358,2619.46687883928,2621.19841577509,2605.37203578166,2602.66942993152,2607.69194584835,2614.00546007451,2617.53695993399,2629.29322484915,2619.97580490936,2622.46510790596,2613.77839852212,2613.48164069377,2621.44978793094,2613.54909406287,2614.45170560739,2615.81342772288,2609.69597331651,2606.90558651002,2623.85011637488,2626.26157179682,2620.85490557041,2626.43483017389,2619.63120646224,2611.42858566007,2714.90135655239,2618.18420007051,2641.6481093051,2622.86485431437,2629.47352212082,2630.35575257066,2622.20894711446,2632.98794144438,2632.87601152384,2628.14544170405,2636.17068297486,2611.9251929095,2623.90908553225,2612.24369684848,2616.70593543692,2623.76402110848,2613.68483807376,2618.37683613923,2646.73394282098,2590.83755599839,2609.56469584898,2604.23173591122,2603.70871409516,2607.22214703158,2608.98766019317,2605.6037712854,2610.04502458338,2606.7938591323,2596.93894708287,2593.08225073235,2607.07212472663,2588.38968573064,2591.94528590406,2633.66103140023,2598.52858503367,2603.16189884399,2595.02175424498,3593.79940829021,2610.48322433082,2599.15920803946,2583.72221662443
,90,2613.97864672828,2612.83997414551,2593.80243819547,2620.44745439665,2613.19858118472,2611.40232438538,2605.66646043351,2603.44130461378,2607.0329833379,2604.50679363752,2605.84753992238,2623.13844976828,2606.27577724215,2601.98606553123,2597.12830317392,2615.58229696362,2617.42332572416,2605.68498058833,2616.61214376028,2611.62983203541,2604.09449958013,2626.0033349107,2603.66937086648,2613.89793766441,2614.72022189244,2599.8498616936,2596.85138424478,2601.82215562239,2608.39235658207,2611.80464465881,2623.48090731111,2614.08032775921,2616.66266104106,2608.0864804469,2608.09848071433,2615.65201219267,2607.71932587316,2609.91889380076,2610.28456666159,2604.24088829842,2601.42258244844,2617.91709543888,2620.70184788039,2615.05116269888,2620.49052611263,2613.77655078106,2606.39999254804,2708.83184571267,2612.27892508737,2636.22579616051,2616.82316601241,2623.38710601809,2624.69376698313,2616.35755280031,2626.9417382316,2627.25059143505,2622.2301294543,2630.24383801788,2606.65198588011,2617.77301790451,2606.81865536768,2610.84924175631,2617.58219462636,2607.53453783348,2612.10328626984,2640.43006699005,2586.08355775298,2603.7731598003,2599.00775262245,2598.1574650129,2601.24824260591,2603.21517864078,2599.87005682901,2604.22447835608,2600.89646411695,2591.89770460396,2588.60422831735,2602.35719233036,2584.14006842048,2587.25613740932,2628.03670466535,2593.54492255396,2597.55418038916,2589.38488356295,3582.66596483256,2605.08864350632,2593.79534730211,2578.53139459026
,90.5,2608.120647388,2606.62127559743,2588.78050211979,2615.0342045614,2608.37464269786,2606.02697963384,2600.55466155509,2598.23452262211,2601.59452117691,2599.24324871541,2600.90961776624,2618.57293151766,2600.68104614767,2597.03109519269,2592.04221462334,2610.04353418799,2611.95244236905,2600.69766751317,2610.11457321208,2605.73518234124,2598.46733900182,2620.31848069876,2598.60962791012,2608.95963099432,2608.87008675058,2594.4235983935,2591.60193582832,2596.175693074,2603.02200203501,2606.42254472925,2618.06037369902,2608.37807934111,2611.1441406798,2602.79578336431,2603.19524502576,2610.22889112312,2602.17460089663,2605.65853344032,2604.88735384021,2599.23067628977,2596.13226985498,2612.70566107893,2615.69765474765,2609.53843939731,2614.75318799168,2608.33799548062,2601.83651673134,2703.1229806869,2606.78414372793,2631.09361890853,2610.87335840385,2618.02737395922,2619.24746464157,2611.1123615523,2621.56749815409,2621.90784965019,2616.91840621054,2624.86427638581,2601.98200904588,2611.95621103672,2601.41562978313,2605.26878930932,2611.82049420047,2601.76049632344,2606.24117632313,2634.59093692963,2581.45004072422,2598.50300861507,2594.15365666156,2593.07857944732,2595.90796697359,2597.62456679452,2594.6212441519,2598.98178856318,2595.6871663215,2587.61647048254,2584.10205750491,2598.03363548364,2580.22576231763,2582.9453638186,2622.83555557343,2588.90581486148,2592.35832350067,2584.29471276961,3571.92643074021,2599.99951440093,2588.56197467208,2573.80993449417
,91,2602.56730135031,2601.08117135657,2583.68886727375,2610.02815886745,2604.13567075777,2600.8556163961,2595.60815743601,2593.1372338726,2596.39462029932,2594.12610632543,2596.42841666673,2614.35899069405,2595.32964850993,2592.33581274494,2587.46474225109,2604.65159872657,2606.55903568873,2595.70925180272,2604.10914994215,2600.36311011585,2593.23209451779,2614.90168002844,2593.94784142779,2603.80492594142,2603.4833771855,2589.07735837953,2587.00342208028,2590.89463422737,2597.98461090112,2601.34951730469,2612.88192030259,2603.26265365068,2605.90757645478,2597.66968237991,2598.77420701881,2605.22055778597,2596.95059604124,2601.51287940387,2600.1698958467,2594.63019717462,2591.19105783987,2607.89869383355,2611.41430367579,2604.55194287964,2609.1229791389,2603.17677646956,2597.38451767643,2697.52372289607,2601.58897924776,2625.91618168394,2605.32037842839,2613.23848030289,2614.15192378742,2606.37909937323,2616.51239834787,2616.90286307883,2612.20257787919,2619.74164187616,2597.46432488873,2606.5945669641,2596.36260107775,2600.00803868085,2606.46372143121,2596.26481115151,2601.02199328294,2629.52488319208,2577.22088207401,2593.50875378454,2589.59183694537,2588.33262010843,2591.08628684238,2592.65539523041,2590.15094214986,2593.79449750584,2590.73694842857,2583.6080565558,2580.06426686026,2593.97206779313,2576.38304996754,2578.84564378597,2617.98496961669,2584.70203853627,2587.40465478526,2579.80402971944,3561.57808862959,2595.44920234399,2583.63630230039,2569.49218283123
,91.5,2597.55655351931,2596.08034654128,2579.013485891,2605.54790064986,2600.18742237822,2596.28972139486,2591.40175189875,2588.58637438091,2591.34516759348,2589.2371236637,2592.38031355299,2610.73666451099,2590.50433542965,2587.90080437199,2583.34988945202,2599.57160251458,2601.54011169224,2590.94462011633,2598.23214939452,2595.43295720575,2588.46772278095,2609.80073142301,2589.49008132228,2598.98134080682,2598.5157152192,2583.97664024601,2582.91589895469,2586.34872840035,2593.39431919615,2596.55582522569,2608.10537463502,2598.62146706302,2601.19045864244,2593.11751762071,2594.69356209771,2600.73501552716,2592.27676867844,2597.54477243794,2595.97600753465,2590.24821731237,2586.50097274356,2603.35189119641,2607.20573875953,2599.89888723389,2603.60656602936,2598.41496352821,2593.44356347827,2692.43111029373,2596.88944874612,2621.02221767204,2600.09184157317,2608.60649405193,2609.46795463547,2601.99772326786,2611.84672229749,2612.26022997172,2607.83604641624,2615.29016533048,2593.11353447589,2601.82360201187,2591.96788649729,2595.25673639696,2601.5225060406,2591.56062141152,2596.73671913315,2624.99715870546,2572.92559441736,2588.70362331155,2585.28351011377,2584.18614759194,2587.01149079131,2588.35825313016,2586.12958803175,2589.23643274335,2586.25220754882,2579.87892552023,2576.38140620173,2590.4499407335,2572.96785507301,2575.1066561961,2613.64577061692,2580.85977203995,2582.70303278943,2575.58347646852,3551.81045149382,2591.50306930169,2579.20127958899,2565.88175283817
,92,2592.7661642038,2591.40674662615,2574.7734537223,2601.47891992673,2596.1773411911,2591.97935937308,2587.64862502152,2584.7992347269,2586.72390436413,2584.74222534638,2588.72938003929,2607.32642378738,2586.13679949059,2583.72754156886,2579.61556649145,2594.92650817249,2597.00111897727,2586.4869071198,2592.79680096118,2590.8101291598,2584.20363515056,2605.35537641068,2585.53946531736,2594.51357613881,2594.20328439107,2579.36177298093,2579.21008956103,2582.54002097878,2589.25571059124,2591.96437325244,2604.03151092625,2594.33166445561,2596.75378695139,2588.94469193359,2591.15050574041,2596.60718199311,2588.11223316268,2593.75780091591,2592.14481600537,2585.96474847754,2581.89785286478,2599.2494238709,2603.26274709176,2595.69192191272,2598.76580074228,2594.00065540338,2589.74725471433,2687.93915369774,2592.63941305954,2616.62524072331,2595.90842588275,2604.04688598547,2605.18863498244,2597.94821615752,2607.69115062234,2607.81475020462,2603.9859329773,2611.42257128934,2589.26355679919,2597.32437841783,2588.00946213059,2590.94310263019,2597.14995446507,2587.20405076081,2592.80636609471,2620.92282615892,2568.92559736268,2584.52018394933,2581.17762985439,2580.50175700896,2583.18437765167,2584.34118022209,2582.78058874846,2585.21471705394,2582.09138130382,2576.35443889272,2572.80814645073,2587.06373975745,2569.7571847141,2571.23796362289,2609.69908242818,2577.44709536017,2578.53230411575,2571.95657053035,3542.28220291478,2588.14072621067,2574.92000400573,2562.44945089398
,92.5,2588.28865597799,2587.34116728839,2570.84508242281,2597.41685487155,2592.26440865984,2588.15518442389,2583.93839780058,2581.45747976916,2582.39022656875,2580.47072767727,2585.45976830317,2604.27224594362,2582.14231836673,2579.83111921449,2576.05668148617,2590.80836226177,2592.58591239849,2582.44484307556,2587.95720961179,2586.44877503419,2580.54582737814,2601.1938964204,2581.87485240855,2590.58045406203,2590.51023736266,2575.26999820808,2576.01922243704,2579.20398755949,2585.41788492032,2587.71893079987,2600.36214988035,2590.71592049461,2592.58074041459,2584.92222485947,2588.09205004811,2593.00032068792,2584.44812368662,2589.89859865951,2588.25095529689,2581.80671572235,2577.51496792988,2595.37113013402,2599.22515997569,2591.86587557018,2594.37028072192,2589.83815313989,2585.9542765035,2683.70492458784,2589.04578835098,2612.62166809967,2592.18540333603,2599.83465285323,2600.83918857581,2594.21821748391,2603.81487836651,2603.40348200182,2600.56280894301,2607.57567539885,2585.25101163924,2593.50228523567,2584.14602567413,2586.92840034807,2593.29928454092,2582.89123805515,2589.19459118979,2616.93187618271,2565.06507800161,2580.72267356593,2577.34907634056,2576.83555149846,2579.84036929945,2580.83427254803,2579.95714582835,2581.60938436868,2578.4640924777,2573.40920699669,2569.37524308417,2583.74924219026,2566.85247614736,2567.86635506033,2606.05238040878,2574.09162113595,2574.93000719125,2568.67672674367,3533.20423920008,2585.04908371273,2570.89740354019,2559.36065707972
,93,2584.11583380931,2583.51538038043,2567.23428264615,2593.64825120304,2588.35731332334,2584.86564200236,2580.33784505503,2578.35770907259,2578.61973927662,2576.62149217136,2582.06013322443,2601.4895751354,2578.5807912091,2576.08278519429,2572.68919434219,2586.97395252438,2588.52044198575,2578.82446457958,2583.53266003746,2582.37339071972,2576.86019968714,2597.31931142833,2578.40062027159,2586.80985467313,2586.84631550365,2571.96834088316,2573.14573225214,2576.37255857447,2582.07980748213,2583.90027959969,2596.80717597864,2587.49528689593,2588.68351483907,2581.08752857589,2585.36842732355,2589.70287584374,2581.40009903806,2586.41878817701,2585.05890948071,2577.95723895051,2573.72400823736,2591.53360245816,2595.45486367533,2588.40688647959,2590.51852357488,2586.0524695296,2582.23074046303,2679.74587757409,2585.71574880249,2609.138195717,2589.07336153949,2595.90784166944,2596.98940761195,2590.59178628112,2600.11007836161,2599.38569694113,2597.6755439581,2604.10372769485,2581.49352168899,2590.18375356234,2581.01620247767,2583.3334183784,2589.59354740066,2578.90617097514,2586.05228587095,2613.26644742084,2561.60404954423,2577.26485823058,2573.84727618676,2573.47481693047,2576.41485669863,2577.65730638685,2577.70337601996,2578.36088675446,2575.04439000483,2570.6076494228,2566.49027138599,2580.7642715042,2564.18906742973,2564.96705056533,2602.55130758497,2571.07204789619,2571.71790969036,2565.86078440116,3524.91255236599,2582.27801248246,2567.45558140566,2556.30223831768
,93.5,2580.39603042821,2579.67025012667,2564.16660762139,2589.99642263679,2584.42108844607,2581.96013814972,2576.93438738646,2575.60634830778,2575.11941797016,2573.16314787308,2578.75971779213,2598.76919919351,2575.78693253982,2572.48776204886,2569.54660025574,2583.58571532854,2585.1519152372,2575.78161711677,2579.55810263999,2578.81725924076,2573.4085231396,2593.87309814571,2575.12732759982,2583.66830212956,2583.28010924408,2569.11119377003,2570.28876242214,2573.97587923509,2578.7958300818,2580.72049392058,2593.89135686329,2584.62270821951,2585.25801482517,2577.73646660624,2582.97603357596,2586.51247120637,2578.82916508864,2583.10438125968,2581.90287583707,2574.58843235204,2570.37956644869,2588.07442126828,2591.37195269873,2585.24338461443,2587.21438953464,2582.48603955918,2578.62569408375,2676.48410311418,2582.66243347091,2606.24753129366,2586.40244107748,2592.27061383851,2593.37019883555,2587.06197409602,2596.66974504168,2595.67824623067,2595.06433146023,2601.09680771689,2578.15568488334,2587.19435864181,2577.9814223414,2580.18271620592,2586.50468694261,2574.99675050482,2583.12986174543,2609.65417130116,2558.60146892728,2574.53955158811,2570.47650576704,2570.47627033516,2573.00328736434,2574.86428461002,2575.53526747776,2575.60720087271,2572.01868459936,2568.32543428148,2563.67343282152,2577.80720224361,2561.77105914723,2562.36867971245,2599.33437622829,2568.48244434327,2568.82630035799,2563.13131441335,3517.05226408434,2579.64583800914,2564.33899621517,2553.47136391906
,94,2577.11983932534,2576.1529977982,2562.01646989579,2586.48910083736,2580.70402804836,2579.53166029916,2573.2136419422,2572.42236755045,2572.52291930796,2570.13152087133,2575.20098708857,2596.13535444625,2573.42024993351,2569.41586801993,2566.68613535704,2580.99914604768,2582.11663692175,2573.03857533009,2576.20642825951,2575.71240037861,2569.56772488069,2590.79907074283,2572.20020160796,2581.19286085709,2580.20415181077,2566.95709068748,2567.61334701436,2571.80731929661,2576.09274438603,2578.01541389619,2590.83005402245,2581.69282799503,2582.31994597823,2574.93837171435,2580.53209941094,2583.45965848393,2576.85080806886,2580.30244648043,2579.5877987002,2571.65561261469,2567.28062040756,2584.70401818946,2587.8470383978,2582.18754722327,2584.6123348892,2579.41372275506,2575.14244694143,2673.59869859045,2579.84219798422,2603.4400143564,2583.482398768,2589.093017265,2590.32913875688,2583.67293405072,2594.05700945309,2592.32237161593,2592.62382480021,2598.24081612711,2575.22389082348,2584.07010345485,2575.26187164198,2577.28928778822,2583.11646034597,2571.49667020564,2580.81285075882,2606.23475566093,2555.98044120718,2572.21866020894,2567.37491098677,2567.77057256101,2569.81345425742,2572.04976623359,2574.04704799093,2573.92835538671,2569.14098367499,2566.86296736211,2561.13679123745,2575.55943727583,2559.07835753026,2560.20498888566,2596.20948997244,2566.11371834793,2566.9591757681,2561.22968347998,3509.42424113284,2576.84754560605,2561.61589474979,2550.52752203809
,94.5,2573.94885516731,2572.54273813352,2559.87311512973,2583.00503775262,2577.12206923727,2577.27722707806,2569.38822193159,2569.14041273783,2570.04158975095,2567.16321534631,2571.56411891709,2593.57551289784,2571.30709343372,2566.28238077119,2563.80708686522,2578.40129455067,2579.19743939697,2570.52626857594,2573.00174725985,2572.7693400879,2565.73115498896,2587.71521725582,2569.17586311524,2578.75127978981,2576.92946617166,2564.97728477183,2565.06362556877,2569.56481665808,2573.38860944475,2575.53698594246,2587.70661325182,2578.9061631016,2579.39317929682,2572.13531949814,2578.26070274171,2580.52249281446,2574.98270061477,2577.54241185169,2577.28002576681,2568.99340711282,2564.49032912978,2581.3847560615,2584.31857089682,2579.19414264638,2582.031389595,2576.39969924317,2571.64535720918,2670.70959113556,2576.97257091093,2600.87865499579,2580.57968882483,2586.26882768426,2587.30932476805,2580.24236930275,2591.28693185442,2589.16092478683,2590.46761627324,2595.34805058637,2572.21244183209,2581.20143416409,2572.68136674822,2574.43681982066,2579.84934352968,2567.96256514086,2578.55431517843,2602.92615083743,2553.60719235832,2569.98418928135,2564.26360280617,2565.02601459659,2566.54591543378,2569.44800434478,2572.56240785338,2572.15164142825,2566.38453782103,2565.5958056577,2558.77776099259,2573.37545105153,2556.53713429802,2558.30050947436,2593.11722351614,2563.88699489253,2564.9881554924,2559.24397382404,3502.27290514748,2574.08451873795,2559.25640981583,2547.59005745856
,95,2571.84621738716,2569.49740623636,2559.60925289383,2579.88120099467,2574.1262446884,2575.77218043291,2565.1922361815,2564.67627481683,2568.8854263186,2564.72023259528,2567.4439046226,2591.46148513149,2569.76025711716,2564.12345837862,2561.56843373401,2577.17219444891,2576.57760838421,2568.23925136526,2570.50890484989,2570.54971054284,2560.67977328071,2585.03039025854,2566.53290164613,2577.50163587579,2574.60738759464,2563.67033425663,2562.70943859305,2567.69412834264,2571.71481976607,2573.65414465157,2584.02209727429,2575.36408310952,2577.70309589099,2570.79583677044,2575.52997367282,2577.74837671863,2574.2086665934,2575.7017291638,2576.7458743313,2566.85549111765,2561.83248372765,2577.91360414096,2581.86294876084,2576.1563820537,2580.24655954006,2574.69744481098,2568.87647501035,2668.57220944767,2574.60317545164,2597.8767771245,2576.28271917752,2583.82463197418,2585.48852254227,2576.9538828283,2590.49482690911,2586.48047865304,2587.76284291521,2592.79525307147,2570.04953639928,2577.44337223222,2570.81320342362,2572.01593262724,2575.41151897807,2565.88341376619,2578.05030665282,2600.06134052695,2551.09967879574,2567.94471864117,2561.40315581193,2563.26342306993,2564.18246950405,2566.59262628366,2572.38878714761,2572.98637849577,2563.75150341266,2565.4879085908,2556.60625336736,2573.03567539346,2553.04590890249,2556.97091675092,2590.23297981435,2561.86331042713,2564.96505544548,2558.74763544684,3494.87779520023,2570.77506137003,2557.3681096999,2544.81598156167
